row_id	module	representation	platform_scope	api_kind	source_api	owner_fqn	name	signature	default_parameter_count	annotations	deprecation	exception_contract	upstream_source_refs	jvm_abi_refs	upstream_test_refs	local_candidate_refs	local_test_refs	status	owner_issue	scope_decision	notes
internal-79b8555d64f3159d	bytestring	@PublishedApi internal source declaration	common	internal-fun	no	bytestring/common/src/ByteString.kt	getBackingArrayReference	internal fun getBackingArrayReference	see source	PublishedApi	none	not-declared-in-source	bytestring/common/src/ByteString.kt:284		bytestring/common/test/ByteStringTest.kt#suite-reference	Sources/CompilerCore/Stdlib/kotlinx/io/bytestring/ByteString.kt:85;Sources/CompilerCore/Stdlib/kotlinx/io/bytestring/ByteString.kt:182	none	unverified	KUU-1725	in-scope implementation ABI; internal source visibility	Tracked separately from public source API; @PublishedApi permits inline callers to depend on this ABI.; no dedicated ByteString child issue exists in the current KUU-1725 child set
klib-28163803c351e2f6	bytestring	Internal implementation ABI / KLIB dump	common	internal function	no	kotlinx.io.bytestring/ByteString	getBackingArrayReference	final fun getBackingArrayReference(): kotlin/ByteArray	0	PublishedApi	none	not-declared-in-source	bytestring/common/src/ByteString.kt:284	jvm-f72f86a64f90dc84	bytestring/common/test/ByteStringTest.kt#suite-reference	Sources/CompilerCore/Stdlib/kotlinx/io/bytestring/ByteString.kt:85;Sources/CompilerCore/Stdlib/kotlinx/io/bytestring/ByteString.kt:182	Tests/CompilerCoreTests/Sema/KotlinxIOByteStringSurfaceTests.swift;Tests/CompilerBackendTests/Integration/BundledStdlibExecutionTests+ByteString.swift;Tests/CompilerBackendTests/Integration/BundledStdlibExecutionTests+ByteStringCodec.swift	unverified	KUU-1725	in-scope internal implementation ABI; not a public Kotlin source API	KLIB declaration key: kotlinx.io.bytestring/ByteString.getBackingArrayReference|getBackingArrayReference(){}; source declaration line: internal fun getBackingArrayReference(): ByteArray = data; source visibility is non-public; retained because the pinned KLIB/JVM dump exposes implementation ABI; no dedicated ByteString child issue exists in the current KUU-1725 child set
jvm-029b860360198f31	bytestring	JVM public ABI dump	JVM	function	yes	kotlinx/io/bytestring/ByteStringJvmExtKt	getByteString	public static final fun getByteString (Ljava/nio/ByteBuffer;I)Lkotlinx/io/bytestring/ByteString;	n/a	OptIn	none	@throws IndexOutOfBoundsException when [length] has negative value or its value exceeds [ByteBuffer.remaining]	bytestring/jvm/src/ByteStringJvmExt.kt:55;bytestring/jvm/src/ByteStringJvmExt.kt:79		bytestring/jvm/test/ByteStringByteBufferExtensionsTest.kt#getByteString;bytestring/jvm/test/ByteStringJvmTest.kt#suite-reference	none	none	missing	KUU-1725	in-scope JVM ABI and Java interoperability	JVM entry class line 70; source line: public fun ByteBuffer.getByteString(length: Int = remaining()): ByteString {; generated kind: source; no dedicated ByteString child issue exists in the current KUU-1725 child set
jvm-06882f161f36cfbe	bytestring	JVM public ABI dump	JVM	function	yes	kotlinx/io/bytestring/ByteString	get	public final fun get (I)B	n/a	none	none	@throws IndexOutOfBoundsException when [index] is negative or greater or equal to the [size].	bytestring/common/src/ByteString.kt:153	klib-771b35c257c8cf6a	bytestring/common/test/ByteStringTest.kt#get;bytestring/common/test/ByteStringTest.kt#getWithInvalidIndex	Sources/CompilerCore/Stdlib/kotlinx/io/Buffer.kt:244;Sources/CompilerCore/Stdlib/kotlinx/io/Sources.kt:157;Sources/CompilerCore/Stdlib/kotlinx/io/bytestring/ByteString.kt:23	Tests/CompilerCoreTests/Sema/KotlinxIOByteStringSurfaceTests.swift;Tests/CompilerBackendTests/Integration/BundledStdlibExecutionTests+ByteString.swift;Tests/CompilerBackendTests/Integration/BundledStdlibExecutionTests+ByteStringCodec.swift;Tests/RuntimeTests/RuntimeIoFileSystemTests.swift	unverified	KUU-1725	in-scope JVM ABI and Java interoperability	JVM entry class line 32; source line: public operator fun get(index: Int): Byte {; generated kind: source; no dedicated ByteString child issue exists in the current KUU-1725 child set
jvm-06eee316b84478d8	bytestring	JVM public ABI dump	JVM	default/synthetic bridge	no	kotlinx/io/bytestring/Base64Kt	decode$default	public static synthetic fun decode$default (Lkotlin/io/encoding/Base64;Lkotlinx/io/bytestring/ByteString;IIILjava/lang/Object;)[B	n/a	none	none	@throws IndexOutOfBoundsException when [startIndex] or [endIndex] is out of range of [source] byte string indices.; @throws IllegalArgumentException when `startIndex > endIndex`.; @throws IllegalArgumentException when the symbols for decoding are padded incorrectly or there are extra symbols after the padding.	bytestring/common/src/Base64.kt:136		bytestring/common/test/ByteStringBase64Test.kt#testDecode;bytestring/common/test/ByteStringBase64Test.kt#testDecodeIntoByteArray;bytestring/common/test/ByteStringBase64Test.kt#testDecodeToByteString;bytestring/common/test/ByteStringBase64Test.kt#testByteArrayDecodeToByteString;bytestring/common/test/ByteStringBase64Test.kt#testByteStringDecodeToByteString	Sources/CompilerCore/Stdlib/kotlinx/io/bytestring/Base64.kt:137	Tests/CompilerCoreTests/Sema/KotlinxIOByteStringSurfaceTests.swift;Tests/CompilerBackendTests/Integration/BundledStdlibExecutionTests+ByteString.swift;Tests/CompilerBackendTests/Integration/BundledStdlibExecutionTests+ByteStringCodec.swift	unverified	KUU-1725	in-scope JVM ABI and Java interoperability	JVM entry class line 3; source line: public fun Base64.decode(source: ByteString, startIndex: Int = 0, endIndex: Int = source.size): ByteArray {; generated kind: default/synthetic bridge; generated JVM ABI presence cannot be established from Kotlin source-name matching alone; no dedicated ByteString child issue exists in the current KUU-1725 child set
jvm-0a5972de7cfbf1ce	bytestring	JVM public ABI dump	JVM	default/synthetic bridge	no	kotlinx/io/bytestring/ByteStringKt	indexOf$default	public static synthetic fun indexOf$default (Lkotlinx/io/bytestring/ByteString;[BIILjava/lang/Object;)I	n/a	none	none	not-declared-in-source	bytestring/common/src/ByteString.kt:305;bytestring/common/src/ByteString.kt:327;bytestring/common/src/ByteString.kt:351		bytestring/common/test/ByteStringTest.kt#indexOfByte;bytestring/common/test/ByteStringTest.kt#indexOfByteArray;bytestring/common/test/ByteStringTest.kt#indexOfByteString;bytestring/common/test/ByteStringTest.kt#lastIndexOfByte;bytestring/common/test/ByteStringTest.kt#lastIndexOfByteArray;bytestring/common/test/ByteStringTest.kt#lastIndexOfByteString	Sources/CompilerCore/Stdlib/kotlinx/io/Buffer.kt:263;Sources/CompilerCore/Stdlib/kotlinx/io/ByteStrings.kt:59;Sources/CompilerCore/Stdlib/kotlinx/io/ByteStrings.kt:77;Sources/CompilerCore/Stdlib/kotlinx/io/Sources.kt:83;Sources/CompilerCore/Stdlib/kotlinx/io/Buffers.kt:44;Sources/CompilerCore/Stdlib/kotlinx/io/Segment.kt:417;Sources/CompilerCore/Stdlib/kotlinx/io/bytestring/ByteString.kt:126;Sources/CompilerCore/Stdlib/kotlinx/io/bytestring/ByteString.kt:135;Sources/CompilerCore/Stdlib/kotlinx/io/bytestring/ByteString.kt:138	Tests/CompilerBackendTests/Integration/BundledStdlibExecutionTests+ByteString.swift	unverified	KUU-1725	in-scope JVM ABI and Java interoperability	JVM entry class line 92; source line: public fun ByteString.indexOf(byte: Byte, startIndex: Int = 0): Int {; generated kind: default/synthetic bridge; generated JVM ABI presence cannot be established from Kotlin source-name matching alone; no dedicated ByteString child issue exists in the current KUU-1725 child set
jvm-0a7391fd7c844ff7	bytestring	JVM public ABI dump	JVM	default/synthetic bridge	no	kotlinx/io/bytestring/Base64Kt	decodeToByteString$default	public static synthetic fun decodeToByteString$default (Lkotlin/io/encoding/Base64;Ljava/lang/CharSequence;IIILjava/lang/Object;)Lkotlinx/io/bytestring/ByteString;	n/a	none	none	@throws IndexOutOfBoundsException when [startIndex] or [endIndex] is out of range of [source] indices.; @throws IllegalArgumentException when `startIndex > endIndex`.; @throws IllegalArgumentException when the symbols for decoding are padded incorrectly or there are extra symbols after the padding.	bytestring/common/src/Base64.kt:158;bytestring/common/src/Base64.kt:212;bytestring/common/src/Base64.kt:234		bytestring/common/test/ByteStringBase64Test.kt#testDecodeToByteString;bytestring/common/test/ByteStringBase64Test.kt#testByteArrayDecodeToByteString;bytestring/common/test/ByteStringBase64Test.kt#testByteStringDecodeToByteString	Sources/CompilerCore/Stdlib/kotlinx/io/bytestring/Base64.kt:159;Sources/CompilerCore/Stdlib/kotlinx/io/bytestring/Base64.kt:213;Sources/CompilerCore/Stdlib/kotlinx/io/bytestring/Base64.kt:235	Tests/CompilerBackendTests/Integration/BundledStdlibExecutionTests+ByteStringCodec.swift	unverified	KUU-1725	in-scope JVM ABI and Java interoperability	JVM entry class line 9; source line: public fun Base64.decodeToByteString(source: CharSequence, startIndex: Int = 0, endIndex: Int = source.length): ByteString {; generated kind: default/synthetic bridge; generated JVM ABI presence cannot be established from Kotlin source-name matching alone; no dedicated ByteString child issue exists in the current KUU-1725 child set
jvm-0bf4366d5e02e7ac	bytestring	JVM public ABI dump	JVM	function	yes	kotlinx/io/bytestring/ByteStringKt	lastIndexOf	public static final fun lastIndexOf (Lkotlinx/io/bytestring/ByteString;[BI)I	n/a	none	none	not-declared-in-source	bytestring/common/src/ByteString.kt:375;bytestring/common/src/ByteString.kt:397;bytestring/common/src/ByteString.kt:419		bytestring/common/test/ByteStringTest.kt#lastIndexOfByte;bytestring/common/test/ByteStringTest.kt#lastIndexOfByteArray;bytestring/common/test/ByteStringTest.kt#lastIndexOfByteString	Sources/CompilerCore/Stdlib/kotlinx/io/bytestring/ByteString.kt:149;Sources/CompilerCore/Stdlib/kotlinx/io/bytestring/ByteString.kt:159;Sources/CompilerCore/Stdlib/kotlinx/io/bytestring/ByteString.kt:162	Tests/CompilerBackendTests/Integration/BundledStdlibExecutionTests+ByteString.swift	unverified	KUU-1725	in-scope JVM ABI and Java interoperability	JVM entry class line 97; source line: public fun ByteString.lastIndexOf(byte: Byte, startIndex: Int = 0): Int {; generated kind: source; no dedicated ByteString child issue exists in the current KUU-1725 child set
jvm-0de664be9f7d0a3a	bytestring	JVM public ABI dump	JVM	default/synthetic bridge	no	kotlinx/io/bytestring/ByteStringBuilder	append$default	public static synthetic fun append$default (Lkotlinx/io/bytestring/ByteStringBuilder;[BIIILjava/lang/Object;)V	n/a	none	none	not-declared-in-source	bytestring/common/src/ByteStringBuilder.kt:64;bytestring/common/src/ByteStringBuilder.kt:79;bytestring/common/src/ByteStringBuilder.kt:107;bytestring/common/src/ByteStringBuilder.kt:112;bytestring/common/src/ByteStringBuilder.kt:119	klib-ee5d9a571cd8e453;klib-ae9bd202449ab479	bytestring/common/test/ByteStringBuilderTest.kt#appendByte;bytestring/common/test/ByteStringBuilderTest.kt#appendBytes;bytestring/common/test/ByteStringBuilderTest.kt#appendUByte;bytestring/common/test/ByteStringBuilderTest.kt#appendArray;bytestring/common/test/ByteStringBuilderTest.kt#testAppendByteArrayWithInvalidIndices;bytestring/common/test/ByteStringBuilderTest.kt#appendByteString;bytestring/common/test/ByteStringBuilderTest.kt#appendMultipleValues	Sources/CompilerCore/Stdlib/kotlinx/io/bytestring/ByteStringBuilder.kt:25;Sources/CompilerCore/Stdlib/kotlinx/io/bytestring/ByteStringBuilder.kt:34;Sources/CompilerCore/Stdlib/kotlinx/io/bytestring/ByteStringBuilder.kt:38;Sources/CompilerCore/Stdlib/kotlinx/io/bytestring/ByteStringBuilder.kt:44;Sources/CompilerCore/Stdlib/kotlinx/io/bytestring/ByteStringBuilder.kt:58;Sources/CompilerCore/Stdlib/kotlinx/io/bytestring/ByteStringBuilder.kt:60;Sources/CompilerCore/Stdlib/kotlinx/io/bytestring/ByteStringBuilder.kt:63	Tests/CompilerBackendTests/Integration/BundledStdlibExecutionTests+ByteString.swift;Tests/CompilerBackendTests/Integration/BundledStdlibExecutionTests+ByteStringCodec.swift;Tests/RuntimeTests/RuntimeIoFileSystemTests.swift	unverified	KUU-1725	in-scope JVM ABI and Java interoperability	JVM entry class line 52; source line: public fun append(byte: Byte) {; generated kind: default/synthetic bridge; generated JVM ABI presence cannot be established from Kotlin source-name matching alone; no dedicated ByteString child issue exists in the current KUU-1725 child set
jvm-0f298d93860af32a	bytestring	JVM public ABI dump	JVM	function	yes	kotlinx/io/bytestring/ByteString	toByteArray	public final fun toByteArray (II)[B	n/a	none	none	@throws IndexOutOfBoundsException when [startIndex] or [endIndex] is out of range of byte string indices.; @throws IllegalArgumentException when `startIndex > endIndex`.	bytestring/common/src/ByteString.kt:173	klib-54782273b181aa94	bytestring/common/test/ByteStringTest.kt#toByteArray;bytestring/common/test/ByteStringTest.kt#toByteArrayWithInvalidIndex	Sources/CompilerCore/Stdlib/kotlinx/io/bytestring/ByteString.kt:30;Sources/CompilerCore/Stdlib/kotlinx/io/bytestring/ByteStringBuilder.kt:23	Tests/CompilerCoreTests/Sema/KotlinxIOByteStringSurfaceTests.swift;Tests/CompilerBackendTests/Integration/BundledStdlibExecutionTests+ByteString.swift;Tests/CompilerBackendTests/Integration/BundledStdlibExecutionTests+ByteStringCodec.swift	unverified	KUU-1725	in-scope JVM ABI and Java interoperability	JVM entry class line 38; source line: public fun toByteArray(startIndex: Int = 0, endIndex: Int = size): ByteArray {; generated kind: source; no dedicated ByteString child issue exists in the current KUU-1725 child set
jvm-1008d6a9a00cf958	bytestring	JVM public ABI dump	JVM	JVM file facade	no	kotlinx/io/bytestring/ByteStringBuilderKt	ByteStringBuilderKt	public final class kotlinx/io/bytestring/ByteStringBuilderKt {	n/a	none	none	not-declared-in-source	source declaration not found by name		bytestring/common/test/ByteStringTest.kt#suite-reference	none	none	unverified	KUU-1725	in-scope JVM ABI and Java interoperability	JVM entry class line 58; source line: ; generated kind: JVM file facade; generated JVM ABI presence cannot be established from Kotlin source-name matching alone; no dedicated ByteString child issue exists in the current KUU-1725 child set
jvm-1096560de4ba7081	bytestring	JVM public ABI dump	JVM	JVM file facade	no	kotlinx/io/bytestring/ByteStringKt	ByteStringKt	public final class kotlinx/io/bytestring/ByteStringKt {	n/a	none	none	not-declared-in-source	source declaration not found by name		bytestring/common/test/ByteStringTest.kt#suite-reference	none	none	unverified	KUU-1725	in-scope JVM ABI and Java interoperability	JVM entry class line 77; source line: ; generated kind: JVM file facade; generated JVM ABI presence cannot be established from Kotlin source-name matching alone; no dedicated ByteString child issue exists in the current KUU-1725 child set
jvm-129e1fd2ff8f322b	bytestring	JVM public ABI dump	JVM	function	yes	kotlinx/io/bytestring/ByteString	hashCode	public fun hashCode ()I	n/a	none	none	not-declared-in-source	bytestring/common/src/ByteString.kt:137	klib-71f9420a3c56c708	bytestring/common/test/ByteStringTest.kt#equalsAndHashCode	Sources/CompilerCore/Stdlib/kotlinx/io/bytestring/ByteString.kt:52;Sources/CompilerCore/Stdlib/kotlinx/io/files/Paths.kt:45	Tests/CompilerCoreTests/Sema/KotlinxIOByteStringSurfaceTests.swift;Tests/CompilerBackendTests/Integration/BundledStdlibExecutionTests+ByteString.swift;Tests/CompilerBackendTests/Integration/BundledStdlibExecutionTests+ByteStringCodec.swift	unverified	KUU-1725	in-scope JVM ABI and Java interoperability	JVM entry class line 35; source line: override fun hashCode(): Int {; generated kind: source; no dedicated ByteString child issue exists in the current KUU-1725 child set
jvm-12a7ecaeb1b3e954	bytestring	JVM public ABI dump	JVM	function	yes	kotlinx/io/bytestring/HexKt	hexToByteString	public static final fun hexToByteString (Ljava/lang/String;Lkotlin/text/HexFormat;)Lkotlinx/io/bytestring/ByteString;	n/a	none	none	@throws IllegalArgumentException if this string does not comply with the specified [format].	bytestring/common/src/Hex.kt:53		bytestring/common/test/ByteStringHexTest.kt#suite-reference	Sources/CompilerCore/Stdlib/kotlinx/io/bytestring/Hex.kt:66	Tests/CompilerCoreTests/Sema/KotlinxIOByteStringSurfaceTests.swift;Tests/CompilerBackendTests/Integration/BundledStdlibExecutionTests+ByteStringCodec.swift	unverified	KUU-1725	in-scope JVM ABI and Java interoperability	JVM entry class line 106; source line: public fun String.hexToByteString(format: HexFormat = HexFormat.Default): ByteString {; generated kind: source; no dedicated ByteString child issue exists in the current KUU-1725 child set
jvm-16874beea5466602	bytestring	JVM public ABI dump	JVM	class	yes	kotlinx/io/bytestring/unsafe/UnsafeByteStringOperations	UnsafeByteStringOperations	public final class kotlinx/io/bytestring/unsafe/UnsafeByteStringOperations {	n/a	OptIn,UnsafeByteStringApi	none	not-declared-in-source	bytestring/common/src/unsafe/UnsafeByteStringOperations.kt:23	klib-f6cdd7b8ec302161	bytestring/common/test/unsafe/UnsafeByteStringOperationsTest.kt#suite-reference	Sources/CompilerCore/Stdlib/kotlinx/io/bytestring/unsafe/UnsafeByteStringOperations.kt:7	Tests/CompilerBackendTests/Integration/BundledStdlibExecutionTests+ByteString.swift	unverified	KUU-1725	in-scope JVM ABI and Java interoperability	JVM entry class line 117; source line: public object UnsafeByteStringOperations {; generated kind: source; no dedicated ByteString child issue exists in the current KUU-1725 child set
jvm-1aae98343452a402	bytestring	JVM public ABI dump	JVM	JVM field ABI	no	kotlinx/io/bytestring/unsafe/UnsafeByteStringOperations	INSTANCE	public static final field INSTANCE Lkotlinx/io/bytestring/unsafe/UnsafeByteStringOperations;	n/a	OptIn,UnsafeByteStringApi	none	not-declared-in-source	bytestring/common/src/unsafe/UnsafeByteStringOperations.kt:23	klib-f6cdd7b8ec302161	bytestring/common/test/unsafe/UnsafeByteStringOperationsTest.kt#suite-reference	Sources/CompilerCore/Stdlib/kotlinx/io/bytestring/unsafe/UnsafeByteStringOperations.kt:7	Tests/CompilerBackendTests/Integration/BundledStdlibExecutionTests+ByteString.swift	unverified	KUU-1725	in-scope JVM ABI and Java interoperability	JVM entry class line 118; source line: public object UnsafeByteStringOperations {; generated kind: JVM field ABI; generated JVM ABI presence cannot be established from Kotlin source-name matching alone; no dedicated ByteString child issue exists in the current KUU-1725 child set
jvm-1ba14d2113458d26	bytestring	JVM public ABI dump	JVM	default/synthetic bridge	no	kotlinx/io/bytestring/Base64Kt	decodeToByteString$default	public static synthetic fun decodeToByteString$default (Lkotlin/io/encoding/Base64;[BIIILjava/lang/Object;)Lkotlinx/io/bytestring/ByteString;	n/a	none	none	@throws IndexOutOfBoundsException when [startIndex] or [endIndex] is out of range of [source] indices.; @throws IllegalArgumentException when `startIndex > endIndex`.; @throws IllegalArgumentException when the symbols for decoding are padded incorrectly or there are extra symbols after the padding.	bytestring/common/src/Base64.kt:158;bytestring/common/src/Base64.kt:212;bytestring/common/src/Base64.kt:234		bytestring/common/test/ByteStringBase64Test.kt#testDecodeToByteString;bytestring/common/test/ByteStringBase64Test.kt#testByteArrayDecodeToByteString;bytestring/common/test/ByteStringBase64Test.kt#testByteStringDecodeToByteString	Sources/CompilerCore/Stdlib/kotlinx/io/bytestring/Base64.kt:159;Sources/CompilerCore/Stdlib/kotlinx/io/bytestring/Base64.kt:213;Sources/CompilerCore/Stdlib/kotlinx/io/bytestring/Base64.kt:235	Tests/CompilerBackendTests/Integration/BundledStdlibExecutionTests+ByteStringCodec.swift	unverified	KUU-1725	in-scope JVM ABI and Java interoperability	JVM entry class line 11; source line: public fun Base64.decodeToByteString(source: CharSequence, startIndex: Int = 0, endIndex: Int = source.length): ByteString {; generated kind: default/synthetic bridge; generated JVM ABI presence cannot be established from Kotlin source-name matching alone; no dedicated ByteString child issue exists in the current KUU-1725 child set
jvm-1d1d46e584ca16cc	bytestring	JVM public ABI dump	JVM	class	yes	kotlinx/io/bytestring/ByteStringBuilder	ByteStringBuilder	public final class kotlinx/io/bytestring/ByteStringBuilder {	n/a	none	none	not-declared-in-source	bytestring/common/src/ByteStringBuilder.kt:28	klib-bb1a86c235fe5d90;klib-c43c18bee4ac34f0	bytestring/common/test/ByteStringBuilderTest.kt#suite-reference	Sources/CompilerCore/Stdlib/kotlinx/io/bytestring/ByteStringBuilder.kt:9	Tests/CompilerBackendTests/Integration/BundledStdlibExecutionTests+ByteString.swift	unverified	KUU-1725	in-scope JVM ABI and Java interoperability	JVM entry class line 46; source line: public class ByteStringBuilder(initialCapacity: Int = 0) {; generated kind: source; no dedicated ByteString child issue exists in the current KUU-1725 child set
jvm-1f078f0f77bb40bc	bytestring	JVM public ABI dump	JVM	function	yes	kotlinx/io/bytestring/ByteStringKt	ByteString	public static final fun ByteString ([B)Lkotlinx/io/bytestring/ByteString;	n/a	none	none	not-declared-in-source	bytestring/common/src/ByteString.kt:35;bytestring/common/src/ByteString.kt:52;bytestring/common/src/ByteString.kt:64;bytestring/common/src/ByteString.kt:107		bytestring/common/test/ByteStringTest.kt#indexOfByteString;bytestring/common/test/ByteStringTest.kt#lastIndexOfByteString;bytestring/common/test/ByteStringTest.kt#startWithByteString;bytestring/common/test/ByteStringTest.kt#endsWithByteString	Sources/CompilerCore/Stdlib/kotlinx/io/bytestring/ByteString.kt:18;Sources/CompilerCore/Stdlib/kotlinx/io/bytestring/ByteString.kt:88;Sources/CompilerCore/Stdlib/kotlinx/io/bytestring/ByteString.kt:90;Sources/CompilerCore/Stdlib/kotlinx/io/bytestring/ByteString.kt:102	Tests/CompilerCoreTests/Sema/KotlinxIOByteStringSurfaceTests.swift;Tests/CompilerBackendTests/Integration/BundledStdlibExecutionTests+ByteString.swift;Tests/CompilerBackendTests/Integration/BundledStdlibExecutionTests+ByteStringCodec.swift	unverified	KUU-1725	in-scope JVM ABI and Java interoperability	JVM entry class line 79; source line: public fun ByteString(vararg bytes: Byte): ByteString = if (bytes.isEmpty()) {; generated kind: source; no dedicated ByteString child issue exists in the current KUU-1725 child set
jvm-1f0a493caf886125	bytestring	JVM public ABI dump	JVM	function	yes	kotlinx/io/bytestring/ByteString	toString	public fun toString ()Ljava/lang/String;	n/a	none	none	not-declared-in-source	bytestring/common/src/ByteString.kt:256	klib-234dcde51a17e6be	bytestring/common/test/ByteStringTest.kt#testToString	Sources/CompilerCore/Stdlib/kotlinx/io/Buffer.kt:577;Sources/CompilerCore/Stdlib/kotlinx/io/JvmCore.kt:41;Sources/CompilerCore/Stdlib/kotlinx/io/JvmCore.kt:72;Sources/CompilerCore/Stdlib/kotlinx/io/RealSink.kt:143;Sources/CompilerCore/Stdlib/kotlinx/io/RealSource.kt:139;Sources/CompilerCore/Stdlib/kotlinx/io/bytestring/ByteString.kt:66;Sources/CompilerCore/Stdlib/kotlinx/io/files/Paths.kt:44;Sources/CompilerCore/Stdlib/kotlinx/io/files/FileSystem.kt:31;Sources/CompilerCore/Stdlib/kotlinx/io/files/FileSystem.kt:45;Sources/CompilerCore/Stdlib/kotlinx/io/files/FileSystem.kt:55;Sources/CompilerCore/Stdlib/kotlinx/io/files/FileSystem.kt:98;Sources/CompilerCore/Stdlib/kotlinx/io/files/FileSystem.kt:134	Tests/CompilerCoreTests/Sema/KotlinxIOByteStringSurfaceTests.swift;Tests/CompilerBackendTests/Integration/BundledStdlibExecutionTests+ByteString.swift;Tests/CompilerBackendTests/Integration/BundledStdlibExecutionTests+ByteStringCodec.swift	unverified	KUU-1725	in-scope JVM ABI and Java interoperability	JVM entry class line 40; source line: override fun toString(): String {; generated kind: source; no dedicated ByteString child issue exists in the current KUU-1725 child set
jvm-230fea84cd3a55f4	bytestring	JVM public ABI dump	JVM	function	yes	kotlinx/io/bytestring/ByteString	substring	public final fun substring (II)Lkotlinx/io/bytestring/ByteString;	n/a	none	none	@throws IndexOutOfBoundsException when [startIndex] or [endIndex] is out of range of byte string indices.; @throws IllegalArgumentException when `startIndex > endIndex`.	bytestring/common/src/ByteString.kt:214	klib-293d4e80c1fd216b	bytestring/common/test/ByteStringTest.kt#substring;bytestring/common/test/ByteStringTest.kt#substringWithInvalidArgs	Sources/CompilerCore/Stdlib/kotlinx/io/bytestring/ByteString.kt:43	Tests/CompilerCoreTests/Sema/KotlinxIOByteStringSurfaceTests.swift;Tests/CompilerBackendTests/Integration/BundledStdlibExecutionTests+ByteString.swift;Tests/CompilerBackendTests/Integration/BundledStdlibExecutionTests+ByteStringCodec.swift	unverified	KUU-1725	in-scope JVM ABI and Java interoperability	JVM entry class line 36; source line: public fun substring(startIndex: Int, endIndex: Int = size): ByteString = if (startIndex == endIndex) {; generated kind: source; no dedicated ByteString child issue exists in the current KUU-1725 child set
jvm-257d826c5778dbee	bytestring	JVM public ABI dump	JVM	function	yes	kotlinx/io/bytestring/ByteStringKt	decodeToString	public static final fun decodeToString (Lkotlinx/io/bytestring/ByteString;)Ljava/lang/String;	n/a	none	none	not-declared-in-source	bytestring/common/src/ByteString.kt:529		bytestring/common/test/ByteStringTest.kt#suite-reference	Sources/CompilerCore/Stdlib/kotlinx/io/bytestring/ByteString.kt:182	Tests/CompilerCoreTests/Sema/KotlinxIOByteStringSurfaceTests.swift;Tests/CompilerBackendTests/Integration/BundledStdlibExecutionTests+ByteString.swift;Tests/CompilerBackendTests/Integration/BundledStdlibExecutionTests+ByteStringCodec.swift	unverified	KUU-1725	in-scope JVM ABI and Java interoperability	JVM entry class line 82; source line: public fun ByteString.decodeToString(): String {; generated kind: source; no dedicated ByteString child issue exists in the current KUU-1725 child set
jvm-26338a01ad8a71f8	bytestring	JVM public ABI dump	JVM	Kotlin property getter/setter	no	kotlinx/io/bytestring/ByteString	getSize	public final fun getSize ()I	n/a	none	none	not-declared-in-source	bytestring/common/src/ByteString.kt:115	klib-e8a815654759b526;klib-d924bf59422c0611	bytestring/common/test/ByteStringTest.kt#size	Sources/CompilerCore/Stdlib/kotlinx/io/Buffer.kt:48;Sources/CompilerCore/Stdlib/kotlinx/io/SourcesJvm.kt:47;Sources/CompilerCore/Stdlib/kotlinx/io/Segment.kt:331;Sources/CompilerCore/Stdlib/kotlinx/io/bytestring/ByteString.kt:21;Sources/CompilerCore/Stdlib/kotlinx/io/bytestring/ByteStringBuilder.kt:13;Sources/CompilerCore/Stdlib/kotlinx/io/internal/-Utf8.kt:147;Sources/CompilerCore/Stdlib/kotlinx/io/files/FileSystem.kt:69	Tests/CompilerCoreTests/Sema/KotlinxIOByteStringSurfaceTests.swift;Tests/CompilerBackendTests/Integration/BundledStdlibExecutionTests+ByteString.swift;Tests/CompilerBackendTests/Integration/BundledStdlibExecutionTests+KtorIOCoverage.swift;Tests/CompilerBackendTests/Integration/BundledStdlibExecutionTests+ByteStringCodec.swift;Tests/RuntimeTests/RuntimeIoFileSystemTests.swift	unverified	KUU-1725	in-scope JVM ABI and Java interoperability	JVM entry class line 34; source line: public val size: Int; generated kind: Kotlin property getter/setter; generated JVM ABI presence cannot be established from Kotlin source-name matching alone; no dedicated ByteString child issue exists in the current KUU-1725 child set
jvm-2d676665c47500b4	bytestring	JVM public ABI dump	JVM	function	yes	kotlinx/io/bytestring/ByteStringBuilder	append	public final fun append ([BII)V	n/a	none	none	not-declared-in-source	bytestring/common/src/ByteStringBuilder.kt:64;bytestring/common/src/ByteStringBuilder.kt:79;bytestring/common/src/ByteStringBuilder.kt:107;bytestring/common/src/ByteStringBuilder.kt:112;bytestring/common/src/ByteStringBuilder.kt:119	klib-ee5d9a571cd8e453;klib-ae9bd202449ab479	bytestring/common/test/ByteStringBuilderTest.kt#appendByte;bytestring/common/test/ByteStringBuilderTest.kt#appendBytes;bytestring/common/test/ByteStringBuilderTest.kt#appendUByte;bytestring/common/test/ByteStringBuilderTest.kt#appendArray;bytestring/common/test/ByteStringBuilderTest.kt#testAppendByteArrayWithInvalidIndices;bytestring/common/test/ByteStringBuilderTest.kt#appendByteString;bytestring/common/test/ByteStringBuilderTest.kt#appendMultipleValues	Sources/CompilerCore/Stdlib/kotlinx/io/bytestring/ByteStringBuilder.kt:25;Sources/CompilerCore/Stdlib/kotlinx/io/bytestring/ByteStringBuilder.kt:34;Sources/CompilerCore/Stdlib/kotlinx/io/bytestring/ByteStringBuilder.kt:38;Sources/CompilerCore/Stdlib/kotlinx/io/bytestring/ByteStringBuilder.kt:44;Sources/CompilerCore/Stdlib/kotlinx/io/bytestring/ByteStringBuilder.kt:58;Sources/CompilerCore/Stdlib/kotlinx/io/bytestring/ByteStringBuilder.kt:60;Sources/CompilerCore/Stdlib/kotlinx/io/bytestring/ByteStringBuilder.kt:63	Tests/CompilerBackendTests/Integration/BundledStdlibExecutionTests+ByteString.swift;Tests/CompilerBackendTests/Integration/BundledStdlibExecutionTests+ByteStringCodec.swift;Tests/RuntimeTests/RuntimeIoFileSystemTests.swift	unverified	KUU-1725	in-scope JVM ABI and Java interoperability	JVM entry class line 51; source line: public fun append(byte: Byte) {; generated kind: source; no dedicated ByteString child issue exists in the current KUU-1725 child set
jvm-30aa8296be3c5f34	bytestring	JVM public ABI dump	JVM	class	yes	kotlinx/io/bytestring/ByteString	ByteString	public final class kotlinx/io/bytestring/ByteString : java/lang/Comparable {	n/a	none	none	not-declared-in-source	bytestring/common/src/ByteString.kt:79	klib-6ac82acec38abefe;klib-588a0ffe0361140c	bytestring/common/test/ByteStringTest.kt#indexOfByteString;bytestring/common/test/ByteStringTest.kt#lastIndexOfByteString;bytestring/common/test/ByteStringTest.kt#startWithByteString;bytestring/common/test/ByteStringTest.kt#endsWithByteString	Sources/CompilerCore/Stdlib/kotlinx/io/bytestring/ByteString.kt:10	Tests/CompilerCoreTests/Sema/KotlinxIOByteStringSurfaceTests.swift;Tests/CompilerBackendTests/Integration/BundledStdlibExecutionTests+ByteString.swift;Tests/CompilerBackendTests/Integration/BundledStdlibExecutionTests+ByteStringCodec.swift	unverified	KUU-1725	in-scope JVM ABI and Java interoperability	JVM entry class line 22; source line: public class ByteString private constructor(; generated kind: source; no dedicated ByteString child issue exists in the current KUU-1725 child set
jvm-35ddcf7e494edf2e	bytestring	JVM public ABI dump	JVM	default/synthetic bridge	no	kotlinx/io/bytestring/Base64Kt	encodeToAppendable$default	public static synthetic fun encodeToAppendable$default (Lkotlin/io/encoding/Base64;Lkotlinx/io/bytestring/ByteString;Ljava/lang/Appendable;IIILjava/lang/Object;)Ljava/lang/Appendable;	n/a	IgnorableReturnValue	none	@throws IndexOutOfBoundsException when [startIndex] or [endIndex] is out of range of [source] byte string indices.; @throws IllegalArgumentException when `startIndex > endIndex`.	bytestring/common/src/Base64.kt:108		bytestring/common/test/ByteStringBase64Test.kt#suite-reference	Sources/CompilerCore/Stdlib/kotlinx/io/bytestring/Base64.kt:109	Tests/CompilerBackendTests/Integration/BundledStdlibExecutionTests+ByteStringCodec.swift	unverified	KUU-1725	in-scope JVM ABI and Java interoperability	JVM entry class line 17; source line: public fun <A : Appendable> Base64.encodeToAppendable(; generated kind: default/synthetic bridge; generated JVM ABI presence cannot be established from Kotlin source-name matching alone; no dedicated ByteString child issue exists in the current KUU-1725 child set
jvm-3f67722e2eb9cfc5	bytestring	JVM public ABI dump	JVM	JVM-mangled source function	yes	kotlinx/io/bytestring/ByteStringBuilderKt	append-EK-6454	public static final fun append-EK-6454 (Lkotlinx/io/bytestring/ByteStringBuilder;B)V	n/a	none	none	not-declared-in-source	bytestring/common/src/ByteStringBuilder.kt:64;bytestring/common/src/ByteStringBuilder.kt:79;bytestring/common/src/ByteStringBuilder.kt:107;bytestring/common/src/ByteStringBuilder.kt:112;bytestring/common/src/ByteStringBuilder.kt:119		bytestring/common/test/ByteStringBuilderTest.kt#appendByte;bytestring/common/test/ByteStringBuilderTest.kt#appendBytes;bytestring/common/test/ByteStringBuilderTest.kt#appendUByte;bytestring/common/test/ByteStringBuilderTest.kt#appendArray;bytestring/common/test/ByteStringBuilderTest.kt#testAppendByteArrayWithInvalidIndices;bytestring/common/test/ByteStringBuilderTest.kt#appendByteString;bytestring/common/test/ByteStringBuilderTest.kt#appendMultipleValues	Sources/CompilerCore/Stdlib/kotlinx/io/bytestring/ByteStringBuilder.kt:25;Sources/CompilerCore/Stdlib/kotlinx/io/bytestring/ByteStringBuilder.kt:34;Sources/CompilerCore/Stdlib/kotlinx/io/bytestring/ByteStringBuilder.kt:38;Sources/CompilerCore/Stdlib/kotlinx/io/bytestring/ByteStringBuilder.kt:44;Sources/CompilerCore/Stdlib/kotlinx/io/bytestring/ByteStringBuilder.kt:58;Sources/CompilerCore/Stdlib/kotlinx/io/bytestring/ByteStringBuilder.kt:60;Sources/CompilerCore/Stdlib/kotlinx/io/bytestring/ByteStringBuilder.kt:63	Tests/CompilerBackendTests/Integration/BundledStdlibExecutionTests+ByteString.swift;Tests/CompilerBackendTests/Integration/BundledStdlibExecutionTests+ByteStringCodec.swift;Tests/RuntimeTests/RuntimeIoFileSystemTests.swift	unverified	KUU-1725	in-scope JVM ABI and Java interoperability	JVM entry class line 61; source line: public fun append(byte: Byte) {; generated kind: JVM-mangled source function; no dedicated ByteString child issue exists in the current KUU-1725 child set
jvm-4acb56be62f8c547	bytestring	JVM public ABI dump	JVM	default/synthetic bridge	no	kotlinx/io/bytestring/ByteStringKt	lastIndexOf$default	public static synthetic fun lastIndexOf$default (Lkotlinx/io/bytestring/ByteString;[BIILjava/lang/Object;)I	n/a	none	none	not-declared-in-source	bytestring/common/src/ByteString.kt:375;bytestring/common/src/ByteString.kt:397;bytestring/common/src/ByteString.kt:419		bytestring/common/test/ByteStringTest.kt#lastIndexOfByte;bytestring/common/test/ByteStringTest.kt#lastIndexOfByteArray;bytestring/common/test/ByteStringTest.kt#lastIndexOfByteString	Sources/CompilerCore/Stdlib/kotlinx/io/bytestring/ByteString.kt:149;Sources/CompilerCore/Stdlib/kotlinx/io/bytestring/ByteString.kt:159;Sources/CompilerCore/Stdlib/kotlinx/io/bytestring/ByteString.kt:162	Tests/CompilerBackendTests/Integration/BundledStdlibExecutionTests+ByteString.swift	unverified	KUU-1725	in-scope JVM ABI and Java interoperability	JVM entry class line 100; source line: public fun ByteString.lastIndexOf(byte: Byte, startIndex: Int = 0): Int {; generated kind: default/synthetic bridge; generated JVM ABI presence cannot be established from Kotlin source-name matching alone; no dedicated ByteString child issue exists in the current KUU-1725 child set
jvm-4c5b809c5600e77b	bytestring	JVM public ABI dump	JVM	constructor	yes	kotlinx/io/bytestring/ByteStringBuilder	<init>	public fun <init> ()V	n/a	none	none	not-declared-in-source	bytestring/common/src/ByteStringBuilder.kt:28	klib-bb1a86c235fe5d90;klib-c43c18bee4ac34f0	bytestring/common/test/ByteStringBuilderTest.kt#suite-reference	Sources/CompilerCore/Stdlib/kotlinx/io/bytestring/ByteStringBuilder.kt:9	Tests/CompilerBackendTests/Integration/BundledStdlibExecutionTests+ByteString.swift	unverified	KUU-1725	in-scope JVM ABI and Java interoperability	JVM entry class line 47; source line: public class ByteStringBuilder(initialCapacity: Int = 0) {; generated kind: source; no dedicated ByteString child issue exists in the current KUU-1725 child set
jvm-4f2b0ca1c3161191	bytestring	JVM public ABI dump	JVM	default/synthetic bridge	no	kotlinx/io/bytestring/Base64Kt	encodeToByteArray$default	public static synthetic fun encodeToByteArray$default (Lkotlin/io/encoding/Base64;Lkotlinx/io/bytestring/ByteString;IIILjava/lang/Object;)[B	n/a	none	none	@throws IndexOutOfBoundsException when [startIndex] or [endIndex] is out of range of [source] byte string indices.; @throws IllegalArgumentException when `startIndex > endIndex`.	bytestring/common/src/Base64.kt:30		bytestring/common/test/ByteStringBase64Test.kt#testEncodeToByteArray	Sources/CompilerCore/Stdlib/kotlinx/io/bytestring/ByteString.kt:187;Sources/CompilerCore/Stdlib/kotlinx/io/bytestring/Base64.kt:31	Tests/CompilerBackendTests/Integration/BundledStdlibExecutionTests+ByteStringCodec.swift	unverified	KUU-1725	in-scope JVM ABI and Java interoperability	JVM entry class line 19; source line: public fun Base64.encodeToByteArray(source: ByteString, startIndex: Int = 0, endIndex: Int = source.size): ByteArray {; generated kind: default/synthetic bridge; generated JVM ABI presence cannot be established from Kotlin source-name matching alone; no dedicated ByteString child issue exists in the current KUU-1725 child set
jvm-4f3b76d6deb6f680	bytestring	JVM public ABI dump	JVM	function	yes	kotlinx/io/bytestring/ByteString	copyInto	public final fun copyInto ([BIII)V	n/a	none	none	@throws IndexOutOfBoundsException when [startIndex] or [endIndex] is out of range of byte string indices.; @throws IndexOutOfBoundsException when the subrange doesn't fit into the [destination] array starting at; @throws IllegalArgumentException when `startIndex > endIndex`.	bytestring/common/src/ByteString.kt:194	klib-14f4f1842013a782	bytestring/common/test/ByteStringTest.kt#suite-reference	Sources/CompilerCore/Stdlib/kotlinx/io/bytestring/ByteString.kt:35	Tests/CompilerCoreTests/Sema/KotlinxIOByteStringSurfaceTests.swift;Tests/CompilerBackendTests/Integration/BundledStdlibExecutionTests+ByteString.swift;Tests/CompilerBackendTests/Integration/BundledStdlibExecutionTests+ByteStringCodec.swift	unverified	KUU-1725	in-scope JVM ABI and Java interoperability	JVM entry class line 29; source line: public fun copyInto(; generated kind: source; no dedicated ByteString child issue exists in the current KUU-1725 child set
jvm-4feead0669158f4a	bytestring	JVM public ABI dump	JVM	constructor	yes	kotlinx/io/bytestring/ByteStringBuilder	<init>	public fun <init> (I)V	n/a	none	none	not-declared-in-source	bytestring/common/src/ByteStringBuilder.kt:28	klib-bb1a86c235fe5d90;klib-c43c18bee4ac34f0	bytestring/common/test/ByteStringBuilderTest.kt#suite-reference	Sources/CompilerCore/Stdlib/kotlinx/io/bytestring/ByteStringBuilder.kt:9	Tests/CompilerBackendTests/Integration/BundledStdlibExecutionTests+ByteString.swift	unverified	KUU-1725	in-scope JVM ABI and Java interoperability	JVM entry class line 48; source line: public class ByteStringBuilder(initialCapacity: Int = 0) {; generated kind: source; no dedicated ByteString child issue exists in the current KUU-1725 child set
jvm-513421237a6901bd	bytestring	JVM public ABI dump	JVM	JVM companion ABI class	no	kotlinx/io/bytestring/ByteString$Companion	ByteString$Companion	public final class kotlinx/io/bytestring/ByteString$Companion {	n/a	none	none	not-declared-in-source	source declaration not found by name		bytestring/common/test/ByteStringTest.kt#suite-reference	none	none	unverified	KUU-1725	in-scope JVM ABI and Java interoperability	JVM entry class line 43; source line: ; generated kind: JVM companion ABI class; generated JVM ABI presence cannot be established from Kotlin source-name matching alone; no dedicated ByteString child issue exists in the current KUU-1725 child set
jvm-57d6ca219cd3aaa0	bytestring	JVM public ABI dump	JVM	default/synthetic bridge	no	kotlinx/io/bytestring/ByteStringKt	lastIndexOf$default	public static synthetic fun lastIndexOf$default (Lkotlinx/io/bytestring/ByteString;Lkotlinx/io/bytestring/ByteString;IILjava/lang/Object;)I	n/a	none	none	not-declared-in-source	bytestring/common/src/ByteString.kt:375;bytestring/common/src/ByteString.kt:397;bytestring/common/src/ByteString.kt:419		bytestring/common/test/ByteStringTest.kt#lastIndexOfByte;bytestring/common/test/ByteStringTest.kt#lastIndexOfByteArray;bytestring/common/test/ByteStringTest.kt#lastIndexOfByteString	Sources/CompilerCore/Stdlib/kotlinx/io/bytestring/ByteString.kt:149;Sources/CompilerCore/Stdlib/kotlinx/io/bytestring/ByteString.kt:159;Sources/CompilerCore/Stdlib/kotlinx/io/bytestring/ByteString.kt:162	Tests/CompilerBackendTests/Integration/BundledStdlibExecutionTests+ByteString.swift	unverified	KUU-1725	in-scope JVM ABI and Java interoperability	JVM entry class line 99; source line: public fun ByteString.lastIndexOf(byte: Byte, startIndex: Int = 0): Int {; generated kind: default/synthetic bridge; generated JVM ABI presence cannot be established from Kotlin source-name matching alone; no dedicated ByteString child issue exists in the current KUU-1725 child set
jvm-5999d4854c8b8539	bytestring	JVM public ABI dump	JVM	function	yes	kotlinx/io/bytestring/ByteStringJvmExtKt	getByteString	public static final fun getByteString (Ljava/nio/ByteBuffer;II)Lkotlinx/io/bytestring/ByteString;	n/a	OptIn	none	@throws IndexOutOfBoundsException when [length] has negative value or its value exceeds [ByteBuffer.remaining]	bytestring/jvm/src/ByteStringJvmExt.kt:55;bytestring/jvm/src/ByteStringJvmExt.kt:79		bytestring/jvm/test/ByteStringByteBufferExtensionsTest.kt#getByteString;bytestring/jvm/test/ByteStringJvmTest.kt#suite-reference	none	none	missing	KUU-1725	in-scope JVM ABI and Java interoperability	JVM entry class line 71; source line: public fun ByteBuffer.getByteString(length: Int = remaining()): ByteString {; generated kind: source; no dedicated ByteString child issue exists in the current KUU-1725 child set
jvm-5d15f220705cd15c	bytestring	JVM public ABI dump	JVM	JVM file facade	no	kotlinx/io/bytestring/HexKt	HexKt	public final class kotlinx/io/bytestring/HexKt {	n/a	none	none	not-declared-in-source	source declaration not found by name		bytestring/common/test/ByteStringTest.kt#suite-reference	none	none	unverified	KUU-1725	in-scope JVM ABI and Java interoperability	JVM entry class line 105; source line: ; generated kind: JVM file facade; generated JVM ABI presence cannot be established from Kotlin source-name matching alone; no dedicated ByteString child issue exists in the current KUU-1725 child set
jvm-5ef5b7fe084cf1a5	bytestring	JVM public ABI dump	JVM	function	yes	kotlinx/io/bytestring/ByteStringKt	isEmpty	public static final fun isEmpty (Lkotlinx/io/bytestring/ByteString;)Z	n/a	none	none	not-declared-in-source	bytestring/common/src/ByteString.kt:35;bytestring/common/src/ByteString.kt:52;bytestring/common/src/ByteString.kt:517		bytestring/common/test/ByteStringTest.kt#isEmpty	Sources/CompilerCore/Stdlib/kotlinx/io/Segment.kt:508;Sources/CompilerCore/Stdlib/kotlinx/io/bytestring/ByteString.kt:114	Tests/CompilerCoreTests/Sema/KotlinxIOPathSourceTests.swift;Tests/RuntimeTests/RuntimeIoFileSystemTests.swift	unverified	KUU-1725	in-scope JVM ABI and Java interoperability	JVM entry class line 93; source line: public fun ByteString(vararg bytes: Byte): ByteString = if (bytes.isEmpty()) {; generated kind: source; no dedicated ByteString child issue exists in the current KUU-1725 child set
jvm-606d6e26d2961549	bytestring	JVM public ABI dump	JVM	function	yes	kotlinx/io/bytestring/ByteStringKt	endsWith	public static final fun endsWith (Lkotlinx/io/bytestring/ByteString;Lkotlinx/io/bytestring/ByteString;)Z	n/a	none	none	not-declared-in-source	bytestring/common/src/ByteString.kt:467;bytestring/common/src/ByteString.kt:481		bytestring/common/test/ByteStringTest.kt#endsWithByteArray;bytestring/common/test/ByteStringTest.kt#endsWithByteString	Sources/CompilerCore/Stdlib/kotlinx/io/bytestring/ByteString.kt:177;Sources/CompilerCore/Stdlib/kotlinx/io/bytestring/ByteString.kt:179	Tests/CompilerBackendTests/Integration/BundledStdlibExecutionTests+ByteString.swift	unverified	KUU-1725	in-scope JVM ABI and Java interoperability	JVM entry class line 84; source line: public fun ByteString.endsWith(byteArray: ByteArray): Boolean = when {; generated kind: source; no dedicated ByteString child issue exists in the current KUU-1725 child set
jvm-64dd3c0aaee85177	bytestring	JVM public ABI dump	JVM	function	yes	kotlinx/io/bytestring/ByteStringBuilderKt	append	public static final fun append (Lkotlinx/io/bytestring/ByteStringBuilder;Lkotlinx/io/bytestring/ByteString;)V	n/a	none	none	not-declared-in-source	bytestring/common/src/ByteStringBuilder.kt:64;bytestring/common/src/ByteStringBuilder.kt:79;bytestring/common/src/ByteStringBuilder.kt:107;bytestring/common/src/ByteStringBuilder.kt:112;bytestring/common/src/ByteStringBuilder.kt:119		bytestring/common/test/ByteStringBuilderTest.kt#appendByte;bytestring/common/test/ByteStringBuilderTest.kt#appendBytes;bytestring/common/test/ByteStringBuilderTest.kt#appendUByte;bytestring/common/test/ByteStringBuilderTest.kt#appendArray;bytestring/common/test/ByteStringBuilderTest.kt#testAppendByteArrayWithInvalidIndices;bytestring/common/test/ByteStringBuilderTest.kt#appendByteString;bytestring/common/test/ByteStringBuilderTest.kt#appendMultipleValues	Sources/CompilerCore/Stdlib/kotlinx/io/bytestring/ByteStringBuilder.kt:25;Sources/CompilerCore/Stdlib/kotlinx/io/bytestring/ByteStringBuilder.kt:34;Sources/CompilerCore/Stdlib/kotlinx/io/bytestring/ByteStringBuilder.kt:38;Sources/CompilerCore/Stdlib/kotlinx/io/bytestring/ByteStringBuilder.kt:44;Sources/CompilerCore/Stdlib/kotlinx/io/bytestring/ByteStringBuilder.kt:58;Sources/CompilerCore/Stdlib/kotlinx/io/bytestring/ByteStringBuilder.kt:60;Sources/CompilerCore/Stdlib/kotlinx/io/bytestring/ByteStringBuilder.kt:63	Tests/CompilerBackendTests/Integration/BundledStdlibExecutionTests+ByteString.swift;Tests/CompilerBackendTests/Integration/BundledStdlibExecutionTests+ByteStringCodec.swift;Tests/RuntimeTests/RuntimeIoFileSystemTests.swift	unverified	KUU-1725	in-scope JVM ABI and Java interoperability	JVM entry class line 59; source line: public fun append(byte: Byte) {; generated kind: source; no dedicated ByteString child issue exists in the current KUU-1725 child set
jvm-654e6fde2f3c3b0e	bytestring	JVM public ABI dump	JVM	Kotlin property getter	no	kotlinx/io/bytestring/ByteStringKt	getIndices	public static final fun getIndices (Lkotlinx/io/bytestring/ByteString;)Lkotlin/ranges/IntRange;	n/a	BenignDataRace,PublishedApi,Suppress	none	@throws IndexOutOfBoundsException when [startIndex] or [endIndex] is out of range of [data] array indices.; @throws IllegalArgumentException when `startIndex > endIndex`.; @throws IndexOutOfBoundsException when [index] is negative or greater or equal to the [size].; @throws IndexOutOfBoundsException when [startIndex] or [endIndex] is out of range of byte string indices.; @throws IndexOutOfBoundsException when the subrange doesn't fit into the [destination] array starting at	bytestring/common/src/ByteString.kt:290		bytestring/common/test/ByteStringTest.kt#indices	Sources/CompilerCore/Stdlib/kotlinx/io/bytestring/ByteString.kt:113	Tests/CompilerCoreTests/Sema/KotlinxIOByteStringSurfaceTests.swift	unverified	KUU-1725	in-scope JVM ABI and Java interoperability	JVM entry class line 86; source line: public val ByteString.indices: IntRange; generated kind: Kotlin property getter; generated JVM ABI presence cannot be established from Kotlin source-name matching alone; no dedicated ByteString child issue exists in the current KUU-1725 child set
jvm-677d58829df7cd04	bytestring	JVM public ABI dump	JVM	function	yes	kotlinx/io/bytestring/HexKt	toHexString	public static final fun toHexString (Lkotlinx/io/bytestring/ByteString;Lkotlin/text/HexFormat;)Ljava/lang/String;	n/a	none	none	@throws IllegalArgumentException if the result length is more than [String] maximum capacity.	bytestring/common/src/Hex.kt:17;bytestring/common/src/Hex.kt:34		bytestring/common/test/ByteStringHexTest.kt#suite-reference	Sources/CompilerCore/Stdlib/kotlinx/io/-Util.kt:81;Sources/CompilerCore/Stdlib/kotlinx/io/-Util.kt:88;Sources/CompilerCore/Stdlib/kotlinx/io/-Util.kt:110;Sources/CompilerCore/Stdlib/kotlinx/io/bytestring/Hex.kt:28;Sources/CompilerCore/Stdlib/kotlinx/io/bytestring/Hex.kt:46	Tests/CompilerCoreTests/Sema/KotlinxIOByteStringSurfaceTests.swift;Tests/CompilerBackendTests/Integration/BundledStdlibExecutionTests+ByteStringCodec.swift	unverified	KUU-1725	in-scope JVM ABI and Java interoperability	JVM entry class line 109; source line: public fun ByteString.toHexString(format: HexFormat = HexFormat.Default): String {; generated kind: source; no dedicated ByteString child issue exists in the current KUU-1725 child set
jvm-6d7042d50e2eb728	bytestring	JVM public ABI dump	JVM	Kotlin property getter/setter	no	kotlinx/io/bytestring/ByteStringBuilder	getSize	public final fun getSize ()I	n/a	none	none	not-declared-in-source	bytestring/common/src/ByteStringBuilder.kt:35	klib-8b5e3dc06b358522;klib-dfea5e79a3515d48	bytestring/common/test/ByteStringBuilderTest.kt#resizeMultipleTimes;bytestring/common/test/ByteStringBuilderTest.kt#testSize	Sources/CompilerCore/Stdlib/kotlinx/io/Buffer.kt:48;Sources/CompilerCore/Stdlib/kotlinx/io/SourcesJvm.kt:47;Sources/CompilerCore/Stdlib/kotlinx/io/Segment.kt:331;Sources/CompilerCore/Stdlib/kotlinx/io/bytestring/ByteString.kt:21;Sources/CompilerCore/Stdlib/kotlinx/io/bytestring/ByteStringBuilder.kt:13;Sources/CompilerCore/Stdlib/kotlinx/io/internal/-Utf8.kt:147;Sources/CompilerCore/Stdlib/kotlinx/io/files/FileSystem.kt:69	Tests/CompilerCoreTests/Sema/KotlinxIOByteStringSurfaceTests.swift;Tests/CompilerBackendTests/Integration/BundledStdlibExecutionTests+ByteString.swift;Tests/CompilerBackendTests/Integration/BundledStdlibExecutionTests+KtorIOCoverage.swift;Tests/RuntimeTests/RuntimeIoFileSystemTests.swift	unverified	KUU-1725	in-scope JVM ABI and Java interoperability	JVM entry class line 54; source line: public val size: Int; generated kind: Kotlin property getter/setter; generated JVM ABI presence cannot be established from Kotlin source-name matching alone; no dedicated ByteString child issue exists in the current KUU-1725 child set
jvm-6dce99fbf0702420	bytestring	JVM public ABI dump	JVM	function	yes	kotlinx/io/bytestring/Base64Kt	encodeToAppendable	public static final fun encodeToAppendable (Lkotlin/io/encoding/Base64;Lkotlinx/io/bytestring/ByteString;Ljava/lang/Appendable;II)Ljava/lang/Appendable;	n/a	IgnorableReturnValue	none	@throws IndexOutOfBoundsException when [startIndex] or [endIndex] is out of range of [source] byte string indices.; @throws IllegalArgumentException when `startIndex > endIndex`.	bytestring/common/src/Base64.kt:108		bytestring/common/test/ByteStringBase64Test.kt#suite-reference	Sources/CompilerCore/Stdlib/kotlinx/io/bytestring/Base64.kt:109	Tests/CompilerBackendTests/Integration/BundledStdlibExecutionTests+ByteStringCodec.swift	unverified	KUU-1725	in-scope JVM ABI and Java interoperability	JVM entry class line 16; source line: public fun <A : Appendable> Base64.encodeToAppendable(; generated kind: source; no dedicated ByteString child issue exists in the current KUU-1725 child set
jvm-6fc264760c97057e	bytestring	JVM public ABI dump	JVM	function	yes	kotlinx/io/bytestring/ByteStringJvmExtKt	putByteString	public static final fun putByteString (Ljava/nio/ByteBuffer;ILkotlinx/io/bytestring/ByteString;)V	n/a	OptIn	none	@throws java.nio.ReadOnlyBufferException when [this] buffer is read-only; @throws java.nio.BufferOverflowException when [string] can't fit into remaining space of this buffer	bytestring/jvm/src/ByteStringJvmExt.kt:100;bytestring/jvm/src/ByteStringJvmExt.kt:117		bytestring/jvm/test/ByteStringByteBufferExtensionsTest.kt#suite-reference;bytestring/jvm/test/ByteStringJvmTest.kt#suite-reference	none	none	missing	KUU-1725	in-scope JVM ABI and Java interoperability	JVM entry class line 73; source line: public fun ByteBuffer.putByteString(string: ByteString) {; generated kind: source; no dedicated ByteString child issue exists in the current KUU-1725 child set
jvm-7022588e1be6eff8	bytestring	JVM public ABI dump	JVM	function	yes	kotlinx/io/bytestring/ByteStringJvmExtKt	decodeToString	public static final fun decodeToString (Lkotlinx/io/bytestring/ByteString;Ljava/nio/charset/Charset;)Ljava/lang/String;	n/a	none	none	not-declared-in-source	bytestring/jvm/src/ByteStringJvmExt.kt:19		bytestring/jvm/test/ByteStringByteBufferExtensionsTest.kt#suite-reference;bytestring/jvm/test/ByteStringJvmTest.kt#decodeToString	Sources/CompilerCore/Stdlib/kotlinx/io/bytestring/ByteString.kt:182	Tests/CompilerCoreTests/Sema/KotlinxIOByteStringSurfaceTests.swift;Tests/CompilerBackendTests/Integration/BundledStdlibExecutionTests+ByteString.swift;Tests/CompilerBackendTests/Integration/BundledStdlibExecutionTests+ByteStringCodec.swift	unverified	KUU-1725	in-scope JVM ABI and Java interoperability	JVM entry class line 68; source line: public fun ByteString.decodeToString(charset: Charset): String = getBackingArrayReference().toString(charset); generated kind: source; no dedicated ByteString child issue exists in the current KUU-1725 child set
jvm-736bd7dedbf2e212	bytestring	JVM public ABI dump	JVM	default/synthetic bridge	no	kotlinx/io/bytestring/HexKt	toHexString$default	public static synthetic fun toHexString$default (Lkotlinx/io/bytestring/ByteString;Lkotlin/text/HexFormat;ILjava/lang/Object;)Ljava/lang/String;	n/a	none	none	@throws IllegalArgumentException if the result length is more than [String] maximum capacity.	bytestring/common/src/Hex.kt:17;bytestring/common/src/Hex.kt:34		bytestring/common/test/ByteStringHexTest.kt#suite-reference	Sources/CompilerCore/Stdlib/kotlinx/io/-Util.kt:81;Sources/CompilerCore/Stdlib/kotlinx/io/-Util.kt:88;Sources/CompilerCore/Stdlib/kotlinx/io/-Util.kt:110;Sources/CompilerCore/Stdlib/kotlinx/io/bytestring/Hex.kt:28;Sources/CompilerCore/Stdlib/kotlinx/io/bytestring/Hex.kt:46	Tests/CompilerCoreTests/Sema/KotlinxIOByteStringSurfaceTests.swift;Tests/CompilerBackendTests/Integration/BundledStdlibExecutionTests+ByteStringCodec.swift	unverified	KUU-1725	in-scope JVM ABI and Java interoperability	JVM entry class line 111; source line: public fun ByteString.toHexString(format: HexFormat = HexFormat.Default): String {; generated kind: default/synthetic bridge; generated JVM ABI presence cannot be established from Kotlin source-name matching alone; no dedicated ByteString child issue exists in the current KUU-1725 child set
jvm-7915e4861d081be6	bytestring	JVM public ABI dump	JVM	annotation class	yes	kotlinx/io/bytestring/unsafe/UnsafeByteStringApi	UnsafeByteStringApi	public abstract interface annotation class kotlinx/io/bytestring/unsafe/UnsafeByteStringApi : java/lang/annotation/Annotation {	n/a	MustBeDocumented,RequiresOptIn,Retention	none	not-declared-in-source	bytestring/common/src/unsafe/Annotations.kt:21	klib-8fe21b6650324264;klib-48c0b12efeabdf13	bytestring/common/test/ByteStringTest.kt#suite-reference	Sources/CompilerCore/Stdlib/kotlinx/io/bytestring/unsafe/Annotations.kt:7	Tests/CompilerBackendTests/Integration/BundledStdlibExecutionTests+ByteString.swift	unverified	KUU-1725	in-scope JVM ABI and Java interoperability	JVM entry class line 114; source line: public annotation class UnsafeByteStringApi; generated kind: source; no dedicated ByteString child issue exists in the current KUU-1725 child set
jvm-7b10429b599406a8	bytestring	JVM public ABI dump	JVM	default/synthetic bridge	no	kotlinx/io/bytestring/ByteStringJvmExtKt	getByteString$default	public static synthetic fun getByteString$default (Ljava/nio/ByteBuffer;IILjava/lang/Object;)Lkotlinx/io/bytestring/ByteString;	n/a	OptIn	none	@throws IndexOutOfBoundsException when [length] has negative value or its value exceeds [ByteBuffer.remaining]	bytestring/jvm/src/ByteStringJvmExt.kt:55;bytestring/jvm/src/ByteStringJvmExt.kt:79		bytestring/jvm/test/ByteStringByteBufferExtensionsTest.kt#getByteString;bytestring/jvm/test/ByteStringJvmTest.kt#suite-reference	none	none	unverified	KUU-1725	in-scope JVM ABI and Java interoperability	JVM entry class line 72; source line: public fun ByteBuffer.getByteString(length: Int = remaining()): ByteString {; generated kind: default/synthetic bridge; generated JVM ABI presence cannot be established from Kotlin source-name matching alone; no dedicated ByteString child issue exists in the current KUU-1725 child set
jvm-7f40652dd3bffb1f	bytestring	JVM public ABI dump	JVM	function	yes	kotlinx/io/bytestring/ByteStringKt	endsWith	public static final fun endsWith (Lkotlinx/io/bytestring/ByteString;[B)Z	n/a	none	none	not-declared-in-source	bytestring/common/src/ByteString.kt:467;bytestring/common/src/ByteString.kt:481		bytestring/common/test/ByteStringTest.kt#endsWithByteArray;bytestring/common/test/ByteStringTest.kt#endsWithByteString	Sources/CompilerCore/Stdlib/kotlinx/io/bytestring/ByteString.kt:177;Sources/CompilerCore/Stdlib/kotlinx/io/bytestring/ByteString.kt:179	Tests/CompilerBackendTests/Integration/BundledStdlibExecutionTests+ByteString.swift	unverified	KUU-1725	in-scope JVM ABI and Java interoperability	JVM entry class line 85; source line: public fun ByteString.endsWith(byteArray: ByteArray): Boolean = when {; generated kind: source; no dedicated ByteString child issue exists in the current KUU-1725 child set
jvm-810539f04f1dc7a9	bytestring	JVM public ABI dump	JVM	default/synthetic bridge	no	kotlinx/io/bytestring/ByteStringKt	lastIndexOf$default	public static synthetic fun lastIndexOf$default (Lkotlinx/io/bytestring/ByteString;BIILjava/lang/Object;)I	n/a	none	none	not-declared-in-source	bytestring/common/src/ByteString.kt:375;bytestring/common/src/ByteString.kt:397;bytestring/common/src/ByteString.kt:419		bytestring/common/test/ByteStringTest.kt#lastIndexOfByte;bytestring/common/test/ByteStringTest.kt#lastIndexOfByteArray;bytestring/common/test/ByteStringTest.kt#lastIndexOfByteString	Sources/CompilerCore/Stdlib/kotlinx/io/bytestring/ByteString.kt:149;Sources/CompilerCore/Stdlib/kotlinx/io/bytestring/ByteString.kt:159;Sources/CompilerCore/Stdlib/kotlinx/io/bytestring/ByteString.kt:162	Tests/CompilerBackendTests/Integration/BundledStdlibExecutionTests+ByteString.swift	unverified	KUU-1725	in-scope JVM ABI and Java interoperability	JVM entry class line 98; source line: public fun ByteString.lastIndexOf(byte: Byte, startIndex: Int = 0): Int {; generated kind: default/synthetic bridge; generated JVM ABI presence cannot be established from Kotlin source-name matching alone; no dedicated ByteString child issue exists in the current KUU-1725 child set
jvm-827d471d59e105ce	bytestring	JVM public ABI dump	JVM	default/synthetic bridge	no	kotlinx/io/bytestring/ByteStringBuilderKt	buildByteString$default	public static synthetic fun buildByteString$default (ILkotlin/jvm/functions/Function1;ILjava/lang/Object;)Lkotlinx/io/bytestring/ByteString;	n/a	none	none	not-declared-in-source	bytestring/common/src/ByteStringBuilder.kt:126		bytestring/common/test/ByteStringBuilderTest.kt#suite-reference	Sources/CompilerCore/Stdlib/kotlinx/io/bytestring/ByteStringBuilder.kt:77	Tests/CompilerBackendTests/Integration/BundledStdlibExecutionTests+ByteString.swift	unverified	KUU-1725	in-scope JVM ABI and Java interoperability	JVM entry class line 63; source line: public inline fun buildByteString(capacity: Int = 0, builderAction: ByteStringBuilder.() -> Unit): ByteString {; generated kind: default/synthetic bridge; generated JVM ABI presence cannot be established from Kotlin source-name matching alone; no dedicated ByteString child issue exists in the current KUU-1725 child set
jvm-865a0d5771611c1f	bytestring	JVM public ABI dump	JVM	default/synthetic bridge	no	kotlinx/io/bytestring/Base64Kt	encode$default	public static synthetic fun encode$default (Lkotlin/io/encoding/Base64;Lkotlinx/io/bytestring/ByteString;IIILjava/lang/Object;)Ljava/lang/String;	n/a	none	none	@throws IndexOutOfBoundsException when [startIndex] or [endIndex] is out of range of [source] byte string indices.; @throws IllegalArgumentException when `startIndex > endIndex`.	bytestring/common/src/Base64.kt:82		bytestring/common/test/ByteStringBase64Test.kt#testEncodeToByteArray;bytestring/common/test/ByteStringBase64Test.kt#testEncodeIntoByteArray;bytestring/common/test/ByteStringBase64Test.kt#testEncode	Sources/CompilerCore/Stdlib/kotlinx/io/bytestring/Base64.kt:83	Tests/CompilerCoreTests/Sema/KotlinxIOByteStringSurfaceTests.swift;Tests/CompilerBackendTests/Integration/BundledStdlibExecutionTests+ByteString.swift;Tests/CompilerBackendTests/Integration/BundledStdlibExecutionTests+ByteStringCodec.swift	unverified	KUU-1725	in-scope JVM ABI and Java interoperability	JVM entry class line 13; source line: public fun Base64.encode(; generated kind: default/synthetic bridge; generated JVM ABI presence cannot be established from Kotlin source-name matching alone; no dedicated ByteString child issue exists in the current KUU-1725 child set
jvm-8aabce6054a23784	bytestring	JVM public ABI dump	JVM	function	yes	kotlinx/io/bytestring/Base64Kt	decode	public static final fun decode (Lkotlin/io/encoding/Base64;Lkotlinx/io/bytestring/ByteString;II)[B	n/a	none	none	@throws IndexOutOfBoundsException when [startIndex] or [endIndex] is out of range of [source] byte string indices.; @throws IllegalArgumentException when `startIndex > endIndex`.; @throws IllegalArgumentException when the symbols for decoding are padded incorrectly or there are extra symbols after the padding.	bytestring/common/src/Base64.kt:136		bytestring/common/test/ByteStringBase64Test.kt#testDecode;bytestring/common/test/ByteStringBase64Test.kt#testDecodeIntoByteArray;bytestring/common/test/ByteStringBase64Test.kt#testDecodeToByteString;bytestring/common/test/ByteStringBase64Test.kt#testByteArrayDecodeToByteString;bytestring/common/test/ByteStringBase64Test.kt#testByteStringDecodeToByteString	Sources/CompilerCore/Stdlib/kotlinx/io/bytestring/Base64.kt:137	Tests/CompilerCoreTests/Sema/KotlinxIOByteStringSurfaceTests.swift;Tests/CompilerBackendTests/Integration/BundledStdlibExecutionTests+ByteString.swift;Tests/CompilerBackendTests/Integration/BundledStdlibExecutionTests+ByteStringCodec.swift	unverified	KUU-1725	in-scope JVM ABI and Java interoperability	JVM entry class line 2; source line: public fun Base64.decode(source: ByteString, startIndex: Int = 0, endIndex: Int = source.size): ByteArray {; generated kind: source; no dedicated ByteString child issue exists in the current KUU-1725 child set
jvm-8b4763d239697087	bytestring	JVM public ABI dump	JVM	function	yes	kotlinx/io/bytestring/Base64Kt	decodeIntoByteArray	public static final fun decodeIntoByteArray (Lkotlin/io/encoding/Base64;Lkotlinx/io/bytestring/ByteString;[BIII)I	n/a	none	none	@throws IndexOutOfBoundsException when [startIndex] or [endIndex] is out of range of [source] byte string indices.; @throws IllegalArgumentException when `startIndex > endIndex`.; @throws IndexOutOfBoundsException when the resulting bytes don't fit into the [destination] array starting at the specified [destinationOffset],; @throws IllegalArgumentException when the symbols for decoding are padded incorrectly or there are extra symbols after the padding.	bytestring/common/src/Base64.kt:184		bytestring/common/test/ByteStringBase64Test.kt#testDecodeIntoByteArray	Sources/CompilerCore/Stdlib/kotlinx/io/bytestring/Base64.kt:185	Tests/CompilerBackendTests/Integration/BundledStdlibExecutionTests+ByteStringCodec.swift	unverified	KUU-1725	in-scope JVM ABI and Java interoperability	JVM entry class line 4; source line: public fun Base64.decodeIntoByteArray(; generated kind: source; no dedicated ByteString child issue exists in the current KUU-1725 child set
jvm-8f10a510ab2c5d37	bytestring	JVM public ABI dump	JVM	function	yes	kotlinx/io/bytestring/ByteString	compareTo	public fun compareTo (Lkotlinx/io/bytestring/ByteString;)I	n/a	none	none	not-declared-in-source	bytestring/common/src/ByteString.kt:231	klib-5d6164d0dc5c0d36	bytestring/common/test/ByteStringTest.kt#compareTo	Sources/CompilerCore/Stdlib/kotlinx/io/bytestring/ByteString.kt:54	Tests/CompilerCoreTests/Sema/KotlinxIOByteStringSurfaceTests.swift;Tests/CompilerBackendTests/Integration/BundledStdlibExecutionTests+ByteString.swift;Tests/CompilerBackendTests/Integration/BundledStdlibExecutionTests+ByteStringCodec.swift	unverified	KUU-1725	in-scope JVM ABI and Java interoperability	JVM entry class line 28; source line: override fun compareTo(other: ByteString): Int {; generated kind: source; no dedicated ByteString child issue exists in the current KUU-1725 child set
jvm-92bec9bee46904b4	bytestring	JVM public ABI dump	JVM	function	yes	kotlinx/io/bytestring/ByteStringKt	contentEquals	public static final fun contentEquals (Lkotlinx/io/bytestring/ByteString;[B)Z	n/a	none	none	not-declared-in-source	bytestring/common/src/ByteString.kt:547		bytestring/common/test/ByteStringTest.kt#contentEquals	Sources/CompilerCore/Stdlib/kotlinx/io/bytestring/ByteString.kt:188	none	unverified	KUU-1725	in-scope JVM ABI and Java interoperability	JVM entry class line 81; source line: public fun ByteString.contentEquals(array: ByteArray): Boolean {; generated kind: source; no dedicated ByteString child issue exists in the current KUU-1725 child set
jvm-92d073c6a4354dce	bytestring	JVM public ABI dump	JVM	function	yes	kotlinx/io/bytestring/ByteStringKt	startsWith	public static final fun startsWith (Lkotlinx/io/bytestring/ByteString;[B)Z	n/a	none	none	not-declared-in-source	bytestring/common/src/ByteString.kt:438;bytestring/common/src/ByteString.kt:452		bytestring/common/test/ByteStringTest.kt#startsWithByteArray	Sources/CompilerCore/Stdlib/kotlinx/io/Sources.kt:157;Sources/CompilerCore/Stdlib/kotlinx/io/bytestring/ByteString.kt:173;Sources/CompilerCore/Stdlib/kotlinx/io/bytestring/ByteString.kt:175	Tests/CompilerBackendTests/Integration/BundledStdlibExecutionTests+ByteString.swift	unverified	KUU-1725	in-scope JVM ABI and Java interoperability	JVM entry class line 102; source line: public fun ByteString.startsWith(byteArray: ByteArray): Boolean = when {; generated kind: source; no dedicated ByteString child issue exists in the current KUU-1725 child set
jvm-98dd33934c61a333	bytestring	JVM public ABI dump	JVM	function	yes	kotlinx/io/bytestring/ByteStringBuilderKt	buildByteString	public static final fun buildByteString (ILkotlin/jvm/functions/Function1;)Lkotlinx/io/bytestring/ByteString;	n/a	none	none	not-declared-in-source	bytestring/common/src/ByteStringBuilder.kt:126		bytestring/common/test/ByteStringBuilderTest.kt#suite-reference	Sources/CompilerCore/Stdlib/kotlinx/io/bytestring/ByteStringBuilder.kt:77	Tests/CompilerBackendTests/Integration/BundledStdlibExecutionTests+ByteString.swift	unverified	KUU-1725	in-scope JVM ABI and Java interoperability	JVM entry class line 62; source line: public inline fun buildByteString(capacity: Int = 0, builderAction: ByteStringBuilder.() -> Unit): ByteString {; generated kind: source; no dedicated ByteString child issue exists in the current KUU-1725 child set
jvm-9b5cb5d0ca0978d3	bytestring	JVM public ABI dump	JVM	function	yes	kotlinx/io/bytestring/Base64Kt	encodeToByteArray	public static final fun encodeToByteArray (Lkotlin/io/encoding/Base64;Lkotlinx/io/bytestring/ByteString;II)[B	n/a	none	none	@throws IndexOutOfBoundsException when [startIndex] or [endIndex] is out of range of [source] byte string indices.; @throws IllegalArgumentException when `startIndex > endIndex`.	bytestring/common/src/Base64.kt:30		bytestring/common/test/ByteStringBase64Test.kt#testEncodeToByteArray	Sources/CompilerCore/Stdlib/kotlinx/io/bytestring/ByteString.kt:187;Sources/CompilerCore/Stdlib/kotlinx/io/bytestring/Base64.kt:31	Tests/CompilerBackendTests/Integration/BundledStdlibExecutionTests+ByteStringCodec.swift	unverified	KUU-1725	in-scope JVM ABI and Java interoperability	JVM entry class line 18; source line: public fun Base64.encodeToByteArray(source: ByteString, startIndex: Int = 0, endIndex: Int = source.size): ByteArray {; generated kind: source; no dedicated ByteString child issue exists in the current KUU-1725 child set
jvm-9bf7d3cad6cebd14	bytestring	JVM public ABI dump	JVM	default/synthetic bridge	no	kotlinx/io/bytestring/HexKt	toHexString$default	public static synthetic fun toHexString$default (Lkotlinx/io/bytestring/ByteString;IILkotlin/text/HexFormat;ILjava/lang/Object;)Ljava/lang/String;	n/a	none	none	@throws IllegalArgumentException if the result length is more than [String] maximum capacity.	bytestring/common/src/Hex.kt:17;bytestring/common/src/Hex.kt:34		bytestring/common/test/ByteStringHexTest.kt#suite-reference	Sources/CompilerCore/Stdlib/kotlinx/io/-Util.kt:81;Sources/CompilerCore/Stdlib/kotlinx/io/-Util.kt:88;Sources/CompilerCore/Stdlib/kotlinx/io/-Util.kt:110;Sources/CompilerCore/Stdlib/kotlinx/io/bytestring/Hex.kt:28;Sources/CompilerCore/Stdlib/kotlinx/io/bytestring/Hex.kt:46	Tests/CompilerCoreTests/Sema/KotlinxIOByteStringSurfaceTests.swift;Tests/CompilerBackendTests/Integration/BundledStdlibExecutionTests+ByteStringCodec.swift	unverified	KUU-1725	in-scope JVM ABI and Java interoperability	JVM entry class line 110; source line: public fun ByteString.toHexString(format: HexFormat = HexFormat.Default): String {; generated kind: default/synthetic bridge; generated JVM ABI presence cannot be established from Kotlin source-name matching alone; no dedicated ByteString child issue exists in the current KUU-1725 child set
jvm-9fc31fd97aefd7c5	bytestring	JVM public ABI dump	JVM	function	yes	kotlinx/io/bytestring/ByteStringBuilder	append	public final fun append (B)V	n/a	none	none	not-declared-in-source	bytestring/common/src/ByteStringBuilder.kt:64;bytestring/common/src/ByteStringBuilder.kt:79;bytestring/common/src/ByteStringBuilder.kt:107;bytestring/common/src/ByteStringBuilder.kt:112;bytestring/common/src/ByteStringBuilder.kt:119	klib-ee5d9a571cd8e453;klib-ae9bd202449ab479	bytestring/common/test/ByteStringBuilderTest.kt#appendByte;bytestring/common/test/ByteStringBuilderTest.kt#appendBytes;bytestring/common/test/ByteStringBuilderTest.kt#appendUByte;bytestring/common/test/ByteStringBuilderTest.kt#appendArray;bytestring/common/test/ByteStringBuilderTest.kt#testAppendByteArrayWithInvalidIndices;bytestring/common/test/ByteStringBuilderTest.kt#appendByteString;bytestring/common/test/ByteStringBuilderTest.kt#appendMultipleValues	Sources/CompilerCore/Stdlib/kotlinx/io/bytestring/ByteStringBuilder.kt:25;Sources/CompilerCore/Stdlib/kotlinx/io/bytestring/ByteStringBuilder.kt:34;Sources/CompilerCore/Stdlib/kotlinx/io/bytestring/ByteStringBuilder.kt:38;Sources/CompilerCore/Stdlib/kotlinx/io/bytestring/ByteStringBuilder.kt:44;Sources/CompilerCore/Stdlib/kotlinx/io/bytestring/ByteStringBuilder.kt:58;Sources/CompilerCore/Stdlib/kotlinx/io/bytestring/ByteStringBuilder.kt:60;Sources/CompilerCore/Stdlib/kotlinx/io/bytestring/ByteStringBuilder.kt:63	Tests/CompilerBackendTests/Integration/BundledStdlibExecutionTests+ByteString.swift;Tests/CompilerBackendTests/Integration/BundledStdlibExecutionTests+ByteStringCodec.swift;Tests/RuntimeTests/RuntimeIoFileSystemTests.swift	unverified	KUU-1725	in-scope JVM ABI and Java interoperability	JVM entry class line 50; source line: public fun append(byte: Byte) {; generated kind: source; no dedicated ByteString child issue exists in the current KUU-1725 child set
jvm-a421cda2490680aa	bytestring	JVM public ABI dump	JVM	function	yes	kotlinx/io/bytestring/Base64Kt	encodeIntoByteArray	public static final fun encodeIntoByteArray (Lkotlin/io/encoding/Base64;Lkotlinx/io/bytestring/ByteString;[BIII)I	n/a	none	none	@throws IndexOutOfBoundsException when [startIndex] or [endIndex] is out of range of [source] byte string indices.; @throws IllegalArgumentException when `startIndex > endIndex`.; @throws IndexOutOfBoundsException when the resulting symbols don't fit into the [destination] array starting at the specified [destinationOffset],	bytestring/common/src/Base64.kt:54		bytestring/common/test/ByteStringBase64Test.kt#testEncodeIntoByteArray	Sources/CompilerCore/Stdlib/kotlinx/io/bytestring/Base64.kt:55	Tests/CompilerBackendTests/Integration/BundledStdlibExecutionTests+ByteStringCodec.swift	unverified	KUU-1725	in-scope JVM ABI and Java interoperability	JVM entry class line 14; source line: public fun Base64.encodeIntoByteArray(; generated kind: source; no dedicated ByteString child issue exists in the current KUU-1725 child set
jvm-a4f1a27b40cf9145	bytestring	JVM public ABI dump	JVM	function	yes	kotlinx/io/bytestring/Base64Kt	decodeToByteString	public static final fun decodeToByteString (Lkotlin/io/encoding/Base64;Lkotlinx/io/bytestring/ByteString;II)Lkotlinx/io/bytestring/ByteString;	n/a	none	none	@throws IndexOutOfBoundsException when [startIndex] or [endIndex] is out of range of [source] indices.; @throws IllegalArgumentException when `startIndex > endIndex`.; @throws IllegalArgumentException when the symbols for decoding are padded incorrectly or there are extra symbols after the padding.	bytestring/common/src/Base64.kt:158;bytestring/common/src/Base64.kt:212;bytestring/common/src/Base64.kt:234		bytestring/common/test/ByteStringBase64Test.kt#testDecodeToByteString;bytestring/common/test/ByteStringBase64Test.kt#testByteArrayDecodeToByteString;bytestring/common/test/ByteStringBase64Test.kt#testByteStringDecodeToByteString	Sources/CompilerCore/Stdlib/kotlinx/io/bytestring/Base64.kt:159;Sources/CompilerCore/Stdlib/kotlinx/io/bytestring/Base64.kt:213;Sources/CompilerCore/Stdlib/kotlinx/io/bytestring/Base64.kt:235	Tests/CompilerBackendTests/Integration/BundledStdlibExecutionTests+ByteStringCodec.swift	unverified	KUU-1725	in-scope JVM ABI and Java interoperability	JVM entry class line 7; source line: public fun Base64.decodeToByteString(source: CharSequence, startIndex: Int = 0, endIndex: Int = source.length): ByteString {; generated kind: source; no dedicated ByteString child issue exists in the current KUU-1725 child set
jvm-ac63549446f04df3	bytestring	JVM public ABI dump	JVM	function	yes	kotlinx/io/bytestring/ByteStringKt	indexOf	public static final fun indexOf (Lkotlinx/io/bytestring/ByteString;Lkotlinx/io/bytestring/ByteString;I)I	n/a	none	none	not-declared-in-source	bytestring/common/src/ByteString.kt:305;bytestring/common/src/ByteString.kt:327;bytestring/common/src/ByteString.kt:351		bytestring/common/test/ByteStringTest.kt#indexOfByte;bytestring/common/test/ByteStringTest.kt#indexOfByteArray;bytestring/common/test/ByteStringTest.kt#indexOfByteString;bytestring/common/test/ByteStringTest.kt#lastIndexOfByte;bytestring/common/test/ByteStringTest.kt#lastIndexOfByteArray;bytestring/common/test/ByteStringTest.kt#lastIndexOfByteString	Sources/CompilerCore/Stdlib/kotlinx/io/Buffer.kt:263;Sources/CompilerCore/Stdlib/kotlinx/io/ByteStrings.kt:59;Sources/CompilerCore/Stdlib/kotlinx/io/ByteStrings.kt:77;Sources/CompilerCore/Stdlib/kotlinx/io/Sources.kt:83;Sources/CompilerCore/Stdlib/kotlinx/io/Buffers.kt:44;Sources/CompilerCore/Stdlib/kotlinx/io/Segment.kt:417;Sources/CompilerCore/Stdlib/kotlinx/io/bytestring/ByteString.kt:126;Sources/CompilerCore/Stdlib/kotlinx/io/bytestring/ByteString.kt:135;Sources/CompilerCore/Stdlib/kotlinx/io/bytestring/ByteString.kt:138	Tests/CompilerBackendTests/Integration/BundledStdlibExecutionTests+ByteString.swift	unverified	KUU-1725	in-scope JVM ABI and Java interoperability	JVM entry class line 88; source line: public fun ByteString.indexOf(byte: Byte, startIndex: Int = 0): Int {; generated kind: source; no dedicated ByteString child issue exists in the current KUU-1725 child set
jvm-ad6910e194951687	bytestring	JVM public ABI dump	JVM	default/synthetic constructor	no	kotlinx/io/bytestring/ByteString	<init>	public synthetic fun <init> ([BLjava/lang/Object;Lkotlin/jvm/internal/DefaultConstructorMarker;)V	n/a	Suppress	none	@throws IndexOutOfBoundsException when [startIndex] or [endIndex] is out of range of [data] array indices.; @throws IllegalArgumentException when `startIndex > endIndex`.	bytestring/common/src/ByteString.kt:95;bytestring/common/src/ByteString.kt:79	klib-6ac82acec38abefe;klib-588a0ffe0361140c	bytestring/common/test/ByteStringTest.kt#indexOfByteString;bytestring/common/test/ByteStringTest.kt#lastIndexOfByteString;bytestring/common/test/ByteStringTest.kt#startWithByteString;bytestring/common/test/ByteStringTest.kt#endsWithByteString	Sources/CompilerCore/Stdlib/kotlinx/io/bytestring/ByteString.kt:10	Tests/CompilerCoreTests/Sema/KotlinxIOByteStringSurfaceTests.swift;Tests/CompilerBackendTests/Integration/BundledStdlibExecutionTests+ByteString.swift;Tests/CompilerBackendTests/Integration/BundledStdlibExecutionTests+ByteStringCodec.swift	unverified	KUU-1725	in-scope JVM ABI and Java interoperability	JVM entry class line 26; source line: public constructor(data: ByteArray, startIndex: Int = 0, endIndex: Int = data.size) :; generated kind: default/synthetic constructor; generated JVM ABI presence cannot be established from Kotlin source-name matching alone; no dedicated ByteString child issue exists in the current KUU-1725 child set
jvm-b6f447c2ba2daba9	bytestring	JVM public ABI dump	JVM	default/synthetic bridge	no	kotlinx/io/bytestring/ByteString	toByteArray$default	public static synthetic fun toByteArray$default (Lkotlinx/io/bytestring/ByteString;IIILjava/lang/Object;)[B	n/a	none	none	@throws IndexOutOfBoundsException when [startIndex] or [endIndex] is out of range of byte string indices.; @throws IllegalArgumentException when `startIndex > endIndex`.	bytestring/common/src/ByteString.kt:173	klib-54782273b181aa94	bytestring/common/test/ByteStringTest.kt#toByteArray;bytestring/common/test/ByteStringTest.kt#toByteArrayWithInvalidIndex	Sources/CompilerCore/Stdlib/kotlinx/io/bytestring/ByteString.kt:30;Sources/CompilerCore/Stdlib/kotlinx/io/bytestring/ByteStringBuilder.kt:23	Tests/CompilerCoreTests/Sema/KotlinxIOByteStringSurfaceTests.swift;Tests/CompilerBackendTests/Integration/BundledStdlibExecutionTests+ByteString.swift;Tests/CompilerBackendTests/Integration/BundledStdlibExecutionTests+ByteStringCodec.swift	unverified	KUU-1725	in-scope JVM ABI and Java interoperability	JVM entry class line 39; source line: public fun toByteArray(startIndex: Int = 0, endIndex: Int = size): ByteArray {; generated kind: default/synthetic bridge; generated JVM ABI presence cannot be established from Kotlin source-name matching alone; no dedicated ByteString child issue exists in the current KUU-1725 child set
jvm-b8bfcde7aa065c40	bytestring	JVM public ABI dump	JVM	function	yes	kotlinx/io/bytestring/ByteStringKt	startsWith	public static final fun startsWith (Lkotlinx/io/bytestring/ByteString;Lkotlinx/io/bytestring/ByteString;)Z	n/a	none	none	not-declared-in-source	bytestring/common/src/ByteString.kt:438;bytestring/common/src/ByteString.kt:452		bytestring/common/test/ByteStringTest.kt#startsWithByteArray	Sources/CompilerCore/Stdlib/kotlinx/io/Sources.kt:157;Sources/CompilerCore/Stdlib/kotlinx/io/bytestring/ByteString.kt:173;Sources/CompilerCore/Stdlib/kotlinx/io/bytestring/ByteString.kt:175	Tests/CompilerBackendTests/Integration/BundledStdlibExecutionTests+ByteString.swift	unverified	KUU-1725	in-scope JVM ABI and Java interoperability	JVM entry class line 101; source line: public fun ByteString.startsWith(byteArray: ByteArray): Boolean = when {; generated kind: source; no dedicated ByteString child issue exists in the current KUU-1725 child set
jvm-b8fec470020e8d48	bytestring	JVM public ABI dump	JVM	function	yes	kotlinx/io/bytestring/ByteStringBuilder	toByteString	public final fun toByteString ()Lkotlinx/io/bytestring/ByteString;	n/a	none	none	not-declared-in-source	bytestring/common/src/ByteStringBuilder.kt:49	klib-7924258da3f788aa	bytestring/common/test/ByteStringBuilderTest.kt#suite-reference	Sources/CompilerCore/Stdlib/kotlinx/io/bytestring/ByteStringBuilder.kt:16	Tests/CompilerCoreTests/Sema/KotlinxIOByteStringSurfaceTests.swift;Tests/CompilerBackendTests/Integration/BundledStdlibExecutionTests+ByteString.swift;Tests/CompilerBackendTests/Integration/BundledStdlibExecutionTests+ByteStringCodec.swift	unverified	KUU-1725	in-scope JVM ABI and Java interoperability	JVM entry class line 55; source line: public fun toByteString(): ByteString {; generated kind: source; no dedicated ByteString child issue exists in the current KUU-1725 child set
jvm-bb133f7ca476ad6f	bytestring	JVM public ABI dump	JVM	function	yes	kotlinx/io/bytestring/ByteStringKt	ByteString	public static final fun ByteString ()Lkotlinx/io/bytestring/ByteString;	n/a	none	none	not-declared-in-source	bytestring/common/src/ByteString.kt:35;bytestring/common/src/ByteString.kt:52;bytestring/common/src/ByteString.kt:64;bytestring/common/src/ByteString.kt:107		bytestring/common/test/ByteStringTest.kt#indexOfByteString;bytestring/common/test/ByteStringTest.kt#lastIndexOfByteString;bytestring/common/test/ByteStringTest.kt#startWithByteString;bytestring/common/test/ByteStringTest.kt#endsWithByteString	Sources/CompilerCore/Stdlib/kotlinx/io/bytestring/ByteString.kt:18;Sources/CompilerCore/Stdlib/kotlinx/io/bytestring/ByteString.kt:88;Sources/CompilerCore/Stdlib/kotlinx/io/bytestring/ByteString.kt:90;Sources/CompilerCore/Stdlib/kotlinx/io/bytestring/ByteString.kt:102	Tests/CompilerCoreTests/Sema/KotlinxIOByteStringSurfaceTests.swift;Tests/CompilerBackendTests/Integration/BundledStdlibExecutionTests+ByteString.swift;Tests/CompilerBackendTests/Integration/BundledStdlibExecutionTests+ByteStringCodec.swift	unverified	KUU-1725	in-scope JVM ABI and Java interoperability	JVM entry class line 78; source line: public fun ByteString(vararg bytes: Byte): ByteString = if (bytes.isEmpty()) {; generated kind: source; no dedicated ByteString child issue exists in the current KUU-1725 child set
jvm-bbea794ad47ba10d	bytestring	JVM public ABI dump	JVM	JVM field ABI	no	kotlinx/io/bytestring/ByteString	Companion	public static final field Companion Lkotlinx/io/bytestring/ByteString$Companion;	n/a	none	none	not-declared-in-source	bytestring/common/src/ByteString.kt:101		bytestring/common/test/ByteStringTest.kt#suite-reference	Sources/CompilerCore/Stdlib/kotlinx/io/Segment.kt:398;Sources/CompilerCore/Stdlib/kotlinx/io/bytestring/ByteString.kt:14	Tests/CompilerCoreTests/Sema/KotlinxIOByteStringSurfaceTests.swift;Tests/CompilerBackendTests/Integration/BundledStdlibExecutionTests+ByteString.swift;Tests/CompilerBackendTests/Integration/BundledStdlibExecutionTests+ByteStringCodec.swift	unverified	KUU-1725	in-scope JVM ABI and Java interoperability	JVM entry class line 23; source line: public companion object {; generated kind: JVM field ABI; generated JVM ABI presence cannot be established from Kotlin source-name matching alone; no dedicated ByteString child issue exists in the current KUU-1725 child set
jvm-bedfd05b84298a2a	bytestring	JVM public ABI dump	JVM	constructor	yes	kotlinx/io/bytestring/ByteString	<init>	public fun <init> ([BII)V	n/a	Suppress	none	@throws IndexOutOfBoundsException when [startIndex] or [endIndex] is out of range of [data] array indices.; @throws IllegalArgumentException when `startIndex > endIndex`.	bytestring/common/src/ByteString.kt:95;bytestring/common/src/ByteString.kt:79	klib-6ac82acec38abefe;klib-588a0ffe0361140c	bytestring/common/test/ByteStringTest.kt#indexOfByteString;bytestring/common/test/ByteStringTest.kt#lastIndexOfByteString;bytestring/common/test/ByteStringTest.kt#startWithByteString;bytestring/common/test/ByteStringTest.kt#endsWithByteString	Sources/CompilerCore/Stdlib/kotlinx/io/bytestring/ByteString.kt:10	Tests/CompilerCoreTests/Sema/KotlinxIOByteStringSurfaceTests.swift;Tests/CompilerBackendTests/Integration/BundledStdlibExecutionTests+ByteString.swift;Tests/CompilerBackendTests/Integration/BundledStdlibExecutionTests+ByteStringCodec.swift	unverified	KUU-1725	in-scope JVM ABI and Java interoperability	JVM entry class line 24; source line: public constructor(data: ByteArray, startIndex: Int = 0, endIndex: Int = data.size) :; generated kind: source; no dedicated ByteString child issue exists in the current KUU-1725 child set
jvm-c376d0d1321523df	bytestring	JVM public ABI dump	JVM	default/synthetic bridge	no	kotlinx/io/bytestring/Base64Kt	decodeIntoByteArray$default	public static synthetic fun decodeIntoByteArray$default (Lkotlin/io/encoding/Base64;Lkotlinx/io/bytestring/ByteString;[BIIIILjava/lang/Object;)I	n/a	none	none	@throws IndexOutOfBoundsException when [startIndex] or [endIndex] is out of range of [source] byte string indices.; @throws IllegalArgumentException when `startIndex > endIndex`.; @throws IndexOutOfBoundsException when the resulting bytes don't fit into the [destination] array starting at the specified [destinationOffset],; @throws IllegalArgumentException when the symbols for decoding are padded incorrectly or there are extra symbols after the padding.	bytestring/common/src/Base64.kt:184		bytestring/common/test/ByteStringBase64Test.kt#testDecodeIntoByteArray	Sources/CompilerCore/Stdlib/kotlinx/io/bytestring/Base64.kt:185	Tests/CompilerBackendTests/Integration/BundledStdlibExecutionTests+ByteStringCodec.swift	unverified	KUU-1725	in-scope JVM ABI and Java interoperability	JVM entry class line 5; source line: public fun Base64.decodeIntoByteArray(; generated kind: default/synthetic bridge; generated JVM ABI presence cannot be established from Kotlin source-name matching alone; no dedicated ByteString child issue exists in the current KUU-1725 child set
jvm-c51cc8af8d3e550c	bytestring	JVM public ABI dump	JVM	function	yes	kotlinx/io/bytestring/ByteString	equals	public fun equals (Ljava/lang/Object;)Z	n/a	none	none	not-declared-in-source	bytestring/common/src/ByteString.kt:123	klib-97b03a52b446f7a8	bytestring/common/test/ByteStringTest.kt#equalsAndHashCode;bytestring/common/test/ByteStringTest.kt#contentEquals	Sources/CompilerCore/Stdlib/kotlinx/io/bytestring/ByteString.kt:46;Sources/CompilerCore/Stdlib/kotlinx/io/files/Paths.kt:46	Tests/CompilerCoreTests/Sema/KotlinxIOByteStringSurfaceTests.swift;Tests/CompilerBackendTests/Integration/BundledStdlibExecutionTests+ByteString.swift;Tests/CompilerBackendTests/Integration/BundledStdlibExecutionTests+ByteStringCodec.swift	unverified	KUU-1725	in-scope JVM ABI and Java interoperability	JVM entry class line 31; source line: override fun equals(other: Any?): Boolean {; generated kind: source; no dedicated ByteString child issue exists in the current KUU-1725 child set
jvm-c8fb2f061b86cc49	bytestring	JVM public ABI dump	JVM	function	yes	kotlinx/io/bytestring/Base64Kt	encode	public static final fun encode (Lkotlin/io/encoding/Base64;Lkotlinx/io/bytestring/ByteString;II)Ljava/lang/String;	n/a	none	none	@throws IndexOutOfBoundsException when [startIndex] or [endIndex] is out of range of [source] byte string indices.; @throws IllegalArgumentException when `startIndex > endIndex`.	bytestring/common/src/Base64.kt:82		bytestring/common/test/ByteStringBase64Test.kt#testEncodeToByteArray;bytestring/common/test/ByteStringBase64Test.kt#testEncodeIntoByteArray;bytestring/common/test/ByteStringBase64Test.kt#testEncode	Sources/CompilerCore/Stdlib/kotlinx/io/bytestring/Base64.kt:83	Tests/CompilerCoreTests/Sema/KotlinxIOByteStringSurfaceTests.swift;Tests/CompilerBackendTests/Integration/BundledStdlibExecutionTests+ByteString.swift;Tests/CompilerBackendTests/Integration/BundledStdlibExecutionTests+ByteStringCodec.swift	unverified	KUU-1725	in-scope JVM ABI and Java interoperability	JVM entry class line 12; source line: public fun Base64.encode(; generated kind: source; no dedicated ByteString child issue exists in the current KUU-1725 child set
jvm-c9629f4fa8d63d55	bytestring	JVM public ABI dump	JVM	JVM file facade	no	kotlinx/io/bytestring/Base64Kt	Base64Kt	public final class kotlinx/io/bytestring/Base64Kt {	n/a	none	none	not-declared-in-source	source declaration not found by name		bytestring/common/test/ByteStringTest.kt#suite-reference	none	none	unverified	KUU-1725	in-scope JVM ABI and Java interoperability	JVM entry class line 1; source line: ; generated kind: JVM file facade; generated JVM ABI presence cannot be established from Kotlin source-name matching alone; no dedicated ByteString child issue exists in the current KUU-1725 child set
jvm-c9f10f208f38bd1f	bytestring	JVM public ABI dump	JVM	function	yes	kotlinx/io/bytestring/ByteStringKt	lastIndexOf	public static final fun lastIndexOf (Lkotlinx/io/bytestring/ByteString;BI)I	n/a	none	none	not-declared-in-source	bytestring/common/src/ByteString.kt:375;bytestring/common/src/ByteString.kt:397;bytestring/common/src/ByteString.kt:419		bytestring/common/test/ByteStringTest.kt#lastIndexOfByte;bytestring/common/test/ByteStringTest.kt#lastIndexOfByteArray;bytestring/common/test/ByteStringTest.kt#lastIndexOfByteString	Sources/CompilerCore/Stdlib/kotlinx/io/bytestring/ByteString.kt:149;Sources/CompilerCore/Stdlib/kotlinx/io/bytestring/ByteString.kt:159;Sources/CompilerCore/Stdlib/kotlinx/io/bytestring/ByteString.kt:162	Tests/CompilerBackendTests/Integration/BundledStdlibExecutionTests+ByteString.swift	unverified	KUU-1725	in-scope JVM ABI and Java interoperability	JVM entry class line 95; source line: public fun ByteString.lastIndexOf(byte: Byte, startIndex: Int = 0): Int {; generated kind: source; no dedicated ByteString child issue exists in the current KUU-1725 child set
jvm-caddbfc2da0eaa02	bytestring	JVM public ABI dump	JVM	default/synthetic bridge	no	kotlinx/io/bytestring/ByteString	substring$default	public static synthetic fun substring$default (Lkotlinx/io/bytestring/ByteString;IIILjava/lang/Object;)Lkotlinx/io/bytestring/ByteString;	n/a	none	none	@throws IndexOutOfBoundsException when [startIndex] or [endIndex] is out of range of byte string indices.; @throws IllegalArgumentException when `startIndex > endIndex`.	bytestring/common/src/ByteString.kt:214	klib-293d4e80c1fd216b	bytestring/common/test/ByteStringTest.kt#substring;bytestring/common/test/ByteStringTest.kt#substringWithInvalidArgs	Sources/CompilerCore/Stdlib/kotlinx/io/bytestring/ByteString.kt:43	Tests/CompilerCoreTests/Sema/KotlinxIOByteStringSurfaceTests.swift;Tests/CompilerBackendTests/Integration/BundledStdlibExecutionTests+ByteString.swift;Tests/CompilerBackendTests/Integration/BundledStdlibExecutionTests+ByteStringCodec.swift	unverified	KUU-1725	in-scope JVM ABI and Java interoperability	JVM entry class line 37; source line: public fun substring(startIndex: Int, endIndex: Int = size): ByteString = if (startIndex == endIndex) {; generated kind: default/synthetic bridge; generated JVM ABI presence cannot be established from Kotlin source-name matching alone; no dedicated ByteString child issue exists in the current KUU-1725 child set
jvm-cb1c6e8bc2d555aa	bytestring	JVM public ABI dump	JVM	function	yes	kotlinx/io/bytestring/ByteStringKt	lastIndexOf	public static final fun lastIndexOf (Lkotlinx/io/bytestring/ByteString;Lkotlinx/io/bytestring/ByteString;I)I	n/a	none	none	not-declared-in-source	bytestring/common/src/ByteString.kt:375;bytestring/common/src/ByteString.kt:397;bytestring/common/src/ByteString.kt:419		bytestring/common/test/ByteStringTest.kt#lastIndexOfByte;bytestring/common/test/ByteStringTest.kt#lastIndexOfByteArray;bytestring/common/test/ByteStringTest.kt#lastIndexOfByteString	Sources/CompilerCore/Stdlib/kotlinx/io/bytestring/ByteString.kt:149;Sources/CompilerCore/Stdlib/kotlinx/io/bytestring/ByteString.kt:159;Sources/CompilerCore/Stdlib/kotlinx/io/bytestring/ByteString.kt:162	Tests/CompilerBackendTests/Integration/BundledStdlibExecutionTests+ByteString.swift	unverified	KUU-1725	in-scope JVM ABI and Java interoperability	JVM entry class line 96; source line: public fun ByteString.lastIndexOf(byte: Byte, startIndex: Int = 0): Int {; generated kind: source; no dedicated ByteString child issue exists in the current KUU-1725 child set
jvm-cbb9ca5b162aa4ef	bytestring	JVM public ABI dump	JVM	function	yes	kotlinx/io/bytestring/unsafe/UnsafeByteStringOperations	withByteArrayUnsafe	public final fun withByteArrayUnsafe (Lkotlinx/io/bytestring/ByteString;Lkotlin/jvm/functions/Function1;)V	n/a	none	none	not-declared-in-source	bytestring/common/src/unsafe/UnsafeByteStringOperations.kt:38	klib-b3facb03c7099028	bytestring/common/test/unsafe/UnsafeByteStringOperationsTest.kt#suite-reference	Sources/CompilerCore/Stdlib/kotlinx/io/bytestring/unsafe/UnsafeByteStringOperations.kt:10	Tests/CompilerBackendTests/Integration/BundledStdlibExecutionTests+ByteString.swift	unverified	KUU-1725	in-scope JVM ABI and Java interoperability	JVM entry class line 119; source line: public inline fun withByteArrayUnsafe(byteString: ByteString, block: (ByteArray) -> Unit) {; generated kind: source; no dedicated ByteString child issue exists in the current KUU-1725 child set
jvm-d17f7b740f731918	bytestring	JVM public ABI dump	JVM	default/synthetic bridge	no	kotlinx/io/bytestring/ByteString	copyInto$default	public static synthetic fun copyInto$default (Lkotlinx/io/bytestring/ByteString;[BIIIILjava/lang/Object;)V	n/a	none	none	@throws IndexOutOfBoundsException when [startIndex] or [endIndex] is out of range of byte string indices.; @throws IndexOutOfBoundsException when the subrange doesn't fit into the [destination] array starting at; @throws IllegalArgumentException when `startIndex > endIndex`.	bytestring/common/src/ByteString.kt:194	klib-14f4f1842013a782	bytestring/common/test/ByteStringTest.kt#suite-reference	Sources/CompilerCore/Stdlib/kotlinx/io/bytestring/ByteString.kt:35	Tests/CompilerCoreTests/Sema/KotlinxIOByteStringSurfaceTests.swift;Tests/CompilerBackendTests/Integration/BundledStdlibExecutionTests+ByteString.swift;Tests/CompilerBackendTests/Integration/BundledStdlibExecutionTests+ByteStringCodec.swift	unverified	KUU-1725	in-scope JVM ABI and Java interoperability	JVM entry class line 30; source line: public fun copyInto(; generated kind: default/synthetic bridge; generated JVM ABI presence cannot be established from Kotlin source-name matching alone; no dedicated ByteString child issue exists in the current KUU-1725 child set
jvm-d36ffe81f8e78b45	bytestring	JVM public ABI dump	JVM	function	yes	kotlinx/io/bytestring/Base64Kt	decodeToByteString	public static final fun decodeToByteString (Lkotlin/io/encoding/Base64;[BII)Lkotlinx/io/bytestring/ByteString;	n/a	none	none	@throws IndexOutOfBoundsException when [startIndex] or [endIndex] is out of range of [source] indices.; @throws IllegalArgumentException when `startIndex > endIndex`.; @throws IllegalArgumentException when the symbols for decoding are padded incorrectly or there are extra symbols after the padding.	bytestring/common/src/Base64.kt:158;bytestring/common/src/Base64.kt:212;bytestring/common/src/Base64.kt:234		bytestring/common/test/ByteStringBase64Test.kt#testDecodeToByteString;bytestring/common/test/ByteStringBase64Test.kt#testByteArrayDecodeToByteString;bytestring/common/test/ByteStringBase64Test.kt#testByteStringDecodeToByteString	Sources/CompilerCore/Stdlib/kotlinx/io/bytestring/Base64.kt:159;Sources/CompilerCore/Stdlib/kotlinx/io/bytestring/Base64.kt:213;Sources/CompilerCore/Stdlib/kotlinx/io/bytestring/Base64.kt:235	Tests/CompilerBackendTests/Integration/BundledStdlibExecutionTests+ByteStringCodec.swift	unverified	KUU-1725	in-scope JVM ABI and Java interoperability	JVM entry class line 8; source line: public fun Base64.decodeToByteString(source: CharSequence, startIndex: Int = 0, endIndex: Int = source.length): ByteString {; generated kind: source; no dedicated ByteString child issue exists in the current KUU-1725 child set
jvm-d49996f4a43448e9	bytestring	JVM public ABI dump	JVM	default/synthetic bridge	no	kotlinx/io/bytestring/ByteStringKt	indexOf$default	public static synthetic fun indexOf$default (Lkotlinx/io/bytestring/ByteString;BIILjava/lang/Object;)I	n/a	none	none	not-declared-in-source	bytestring/common/src/ByteString.kt:305;bytestring/common/src/ByteString.kt:327;bytestring/common/src/ByteString.kt:351		bytestring/common/test/ByteStringTest.kt#indexOfByte;bytestring/common/test/ByteStringTest.kt#indexOfByteArray;bytestring/common/test/ByteStringTest.kt#indexOfByteString;bytestring/common/test/ByteStringTest.kt#lastIndexOfByte;bytestring/common/test/ByteStringTest.kt#lastIndexOfByteArray;bytestring/common/test/ByteStringTest.kt#lastIndexOfByteString	Sources/CompilerCore/Stdlib/kotlinx/io/Buffer.kt:263;Sources/CompilerCore/Stdlib/kotlinx/io/ByteStrings.kt:59;Sources/CompilerCore/Stdlib/kotlinx/io/ByteStrings.kt:77;Sources/CompilerCore/Stdlib/kotlinx/io/Sources.kt:83;Sources/CompilerCore/Stdlib/kotlinx/io/Buffers.kt:44;Sources/CompilerCore/Stdlib/kotlinx/io/Segment.kt:417;Sources/CompilerCore/Stdlib/kotlinx/io/bytestring/ByteString.kt:126;Sources/CompilerCore/Stdlib/kotlinx/io/bytestring/ByteString.kt:135;Sources/CompilerCore/Stdlib/kotlinx/io/bytestring/ByteString.kt:138	Tests/CompilerBackendTests/Integration/BundledStdlibExecutionTests+ByteString.swift	unverified	KUU-1725	in-scope JVM ABI and Java interoperability	JVM entry class line 90; source line: public fun ByteString.indexOf(byte: Byte, startIndex: Int = 0): Int {; generated kind: default/synthetic bridge; generated JVM ABI presence cannot be established from Kotlin source-name matching alone; no dedicated ByteString child issue exists in the current KUU-1725 child set
jvm-d4a4376eb3204802	bytestring	JVM public ABI dump	JVM	function	yes	kotlinx/io/bytestring/ByteStringBuilderKt	append	public static final fun append (Lkotlinx/io/bytestring/ByteStringBuilder;[B)V	n/a	none	none	not-declared-in-source	bytestring/common/src/ByteStringBuilder.kt:64;bytestring/common/src/ByteStringBuilder.kt:79;bytestring/common/src/ByteStringBuilder.kt:107;bytestring/common/src/ByteStringBuilder.kt:112;bytestring/common/src/ByteStringBuilder.kt:119		bytestring/common/test/ByteStringBuilderTest.kt#appendByte;bytestring/common/test/ByteStringBuilderTest.kt#appendBytes;bytestring/common/test/ByteStringBuilderTest.kt#appendUByte;bytestring/common/test/ByteStringBuilderTest.kt#appendArray;bytestring/common/test/ByteStringBuilderTest.kt#testAppendByteArrayWithInvalidIndices;bytestring/common/test/ByteStringBuilderTest.kt#appendByteString;bytestring/common/test/ByteStringBuilderTest.kt#appendMultipleValues	Sources/CompilerCore/Stdlib/kotlinx/io/bytestring/ByteStringBuilder.kt:25;Sources/CompilerCore/Stdlib/kotlinx/io/bytestring/ByteStringBuilder.kt:34;Sources/CompilerCore/Stdlib/kotlinx/io/bytestring/ByteStringBuilder.kt:38;Sources/CompilerCore/Stdlib/kotlinx/io/bytestring/ByteStringBuilder.kt:44;Sources/CompilerCore/Stdlib/kotlinx/io/bytestring/ByteStringBuilder.kt:58;Sources/CompilerCore/Stdlib/kotlinx/io/bytestring/ByteStringBuilder.kt:60;Sources/CompilerCore/Stdlib/kotlinx/io/bytestring/ByteStringBuilder.kt:63	Tests/CompilerBackendTests/Integration/BundledStdlibExecutionTests+ByteString.swift;Tests/CompilerBackendTests/Integration/BundledStdlibExecutionTests+ByteStringCodec.swift;Tests/RuntimeTests/RuntimeIoFileSystemTests.swift	unverified	KUU-1725	in-scope JVM ABI and Java interoperability	JVM entry class line 60; source line: public fun append(byte: Byte) {; generated kind: source; no dedicated ByteString child issue exists in the current KUU-1725 child set
jvm-d4f19a85152662aa	bytestring	JVM public ABI dump	JVM	Kotlin property getter/setter	no	kotlinx/io/bytestring/ByteStringBuilder	getCapacity	public final fun getCapacity ()I	n/a	none	none	not-declared-in-source	bytestring/common/src/ByteStringBuilder.kt:41	klib-dc06afd6e7388ef3;klib-b426803ce4c1adcb	bytestring/common/test/ByteStringBuilderTest.kt#testCapacity	Sources/CompilerCore/Stdlib/kotlinx/io/bytestring/ByteStringBuilder.kt:14;Sources/CompilerCore/Stdlib/kotlinx/io/bytestring/ByteStringBuilder.kt:69	Tests/CompilerBackendTests/Integration/BundledStdlibExecutionTests+ByteString.swift	unverified	KUU-1725	in-scope JVM ABI and Java interoperability	JVM entry class line 53; source line: public val capacity: Int; generated kind: Kotlin property getter/setter; generated JVM ABI presence cannot be established from Kotlin source-name matching alone; no dedicated ByteString child issue exists in the current KUU-1725 child set
jvm-d676a019a65e0ea9	bytestring	JVM public ABI dump	JVM	function	yes	kotlinx/io/bytestring/ByteStringKt	encodeToByteString	public static final fun encodeToByteString (Ljava/lang/String;)Lkotlinx/io/bytestring/ByteString;	n/a	none	none	not-declared-in-source	bytestring/common/src/ByteString.kt:538		bytestring/common/test/ByteStringTest.kt#suite-reference	Sources/CompilerCore/Stdlib/kotlinx/io/bytestring/ByteString.kt:187	Tests/CompilerCoreTests/Sema/KotlinxIOByteStringSurfaceTests.swift;Tests/CompilerBackendTests/Integration/BundledStdlibExecutionTests+ByteString.swift	unverified	KUU-1725	in-scope JVM ABI and Java interoperability	JVM entry class line 83; source line: public fun String.encodeToByteString(): ByteString {; generated kind: source; no dedicated ByteString child issue exists in the current KUU-1725 child set
jvm-d6e171298552600b	bytestring	JVM public ABI dump	JVM	JVM bridge method	no	kotlinx/io/bytestring/ByteString	compareTo	public synthetic fun compareTo (Ljava/lang/Object;)I	n/a	none	none	not-declared-in-source	bytestring/common/src/ByteString.kt:231	klib-5d6164d0dc5c0d36	bytestring/common/test/ByteStringTest.kt#compareTo	Sources/CompilerCore/Stdlib/kotlinx/io/bytestring/ByteString.kt:54	Tests/CompilerCoreTests/Sema/KotlinxIOByteStringSurfaceTests.swift;Tests/CompilerBackendTests/Integration/BundledStdlibExecutionTests+ByteString.swift;Tests/CompilerBackendTests/Integration/BundledStdlibExecutionTests+ByteStringCodec.swift	unverified	KUU-1725	in-scope JVM ABI and Java interoperability	JVM entry class line 27; source line: override fun compareTo(other: ByteString): Int {; generated kind: JVM bridge method; generated JVM ABI presence cannot be established from Kotlin source-name matching alone; no dedicated ByteString child issue exists in the current KUU-1725 child set
jvm-d7e40c6cd1a94933	bytestring	JVM public ABI dump	JVM	default/synthetic constructor	no	kotlinx/io/bytestring/ByteString	<init>	public synthetic fun <init> ([BIIILkotlin/jvm/internal/DefaultConstructorMarker;)V	n/a	Suppress	none	@throws IndexOutOfBoundsException when [startIndex] or [endIndex] is out of range of [data] array indices.; @throws IllegalArgumentException when `startIndex > endIndex`.	bytestring/common/src/ByteString.kt:95;bytestring/common/src/ByteString.kt:79	klib-6ac82acec38abefe;klib-588a0ffe0361140c	bytestring/common/test/ByteStringTest.kt#indexOfByteString;bytestring/common/test/ByteStringTest.kt#lastIndexOfByteString;bytestring/common/test/ByteStringTest.kt#startWithByteString;bytestring/common/test/ByteStringTest.kt#endsWithByteString	Sources/CompilerCore/Stdlib/kotlinx/io/bytestring/ByteString.kt:10	Tests/CompilerCoreTests/Sema/KotlinxIOByteStringSurfaceTests.swift;Tests/CompilerBackendTests/Integration/BundledStdlibExecutionTests+ByteString.swift;Tests/CompilerBackendTests/Integration/BundledStdlibExecutionTests+ByteStringCodec.swift	unverified	KUU-1725	in-scope JVM ABI and Java interoperability	JVM entry class line 25; source line: public constructor(data: ByteArray, startIndex: Int = 0, endIndex: Int = data.size) :; generated kind: default/synthetic constructor; generated JVM ABI presence cannot be established from Kotlin source-name matching alone; no dedicated ByteString child issue exists in the current KUU-1725 child set
jvm-dccf6d21d2c910f6	bytestring	JVM public ABI dump	JVM	function	yes	kotlinx/io/bytestring/ByteStringKt	indexOf	public static final fun indexOf (Lkotlinx/io/bytestring/ByteString;[BI)I	n/a	none	none	not-declared-in-source	bytestring/common/src/ByteString.kt:305;bytestring/common/src/ByteString.kt:327;bytestring/common/src/ByteString.kt:351		bytestring/common/test/ByteStringTest.kt#indexOfByte;bytestring/common/test/ByteStringTest.kt#indexOfByteArray;bytestring/common/test/ByteStringTest.kt#indexOfByteString;bytestring/common/test/ByteStringTest.kt#lastIndexOfByte;bytestring/common/test/ByteStringTest.kt#lastIndexOfByteArray;bytestring/common/test/ByteStringTest.kt#lastIndexOfByteString	Sources/CompilerCore/Stdlib/kotlinx/io/Buffer.kt:263;Sources/CompilerCore/Stdlib/kotlinx/io/ByteStrings.kt:59;Sources/CompilerCore/Stdlib/kotlinx/io/ByteStrings.kt:77;Sources/CompilerCore/Stdlib/kotlinx/io/Sources.kt:83;Sources/CompilerCore/Stdlib/kotlinx/io/Buffers.kt:44;Sources/CompilerCore/Stdlib/kotlinx/io/Segment.kt:417;Sources/CompilerCore/Stdlib/kotlinx/io/bytestring/ByteString.kt:126;Sources/CompilerCore/Stdlib/kotlinx/io/bytestring/ByteString.kt:135;Sources/CompilerCore/Stdlib/kotlinx/io/bytestring/ByteString.kt:138	Tests/CompilerBackendTests/Integration/BundledStdlibExecutionTests+ByteString.swift	unverified	KUU-1725	in-scope JVM ABI and Java interoperability	JVM entry class line 89; source line: public fun ByteString.indexOf(byte: Byte, startIndex: Int = 0): Int {; generated kind: source; no dedicated ByteString child issue exists in the current KUU-1725 child set
jvm-dce75980a29a7986	bytestring	JVM public ABI dump	JVM	function	yes	kotlinx/io/bytestring/ByteStringJvmExtKt	putByteString	public static final fun putByteString (Ljava/nio/ByteBuffer;Lkotlinx/io/bytestring/ByteString;)V	n/a	OptIn	none	@throws java.nio.ReadOnlyBufferException when [this] buffer is read-only; @throws java.nio.BufferOverflowException when [string] can't fit into remaining space of this buffer	bytestring/jvm/src/ByteStringJvmExt.kt:100;bytestring/jvm/src/ByteStringJvmExt.kt:117		bytestring/jvm/test/ByteStringByteBufferExtensionsTest.kt#suite-reference;bytestring/jvm/test/ByteStringJvmTest.kt#suite-reference	none	none	missing	KUU-1725	in-scope JVM ABI and Java interoperability	JVM entry class line 74; source line: public fun ByteBuffer.putByteString(string: ByteString) {; generated kind: source; no dedicated ByteString child issue exists in the current KUU-1725 child set
jvm-dd1b0c4275e7b25d	bytestring	JVM public ABI dump	JVM	function	yes	kotlinx/io/bytestring/ByteStringKt	indexOf	public static final fun indexOf (Lkotlinx/io/bytestring/ByteString;BI)I	n/a	none	none	not-declared-in-source	bytestring/common/src/ByteString.kt:305;bytestring/common/src/ByteString.kt:327;bytestring/common/src/ByteString.kt:351		bytestring/common/test/ByteStringTest.kt#indexOfByte;bytestring/common/test/ByteStringTest.kt#indexOfByteArray;bytestring/common/test/ByteStringTest.kt#indexOfByteString;bytestring/common/test/ByteStringTest.kt#lastIndexOfByte;bytestring/common/test/ByteStringTest.kt#lastIndexOfByteArray;bytestring/common/test/ByteStringTest.kt#lastIndexOfByteString	Sources/CompilerCore/Stdlib/kotlinx/io/Buffer.kt:263;Sources/CompilerCore/Stdlib/kotlinx/io/ByteStrings.kt:59;Sources/CompilerCore/Stdlib/kotlinx/io/ByteStrings.kt:77;Sources/CompilerCore/Stdlib/kotlinx/io/Sources.kt:83;Sources/CompilerCore/Stdlib/kotlinx/io/Buffers.kt:44;Sources/CompilerCore/Stdlib/kotlinx/io/Segment.kt:417;Sources/CompilerCore/Stdlib/kotlinx/io/bytestring/ByteString.kt:126;Sources/CompilerCore/Stdlib/kotlinx/io/bytestring/ByteString.kt:135;Sources/CompilerCore/Stdlib/kotlinx/io/bytestring/ByteString.kt:138	Tests/CompilerBackendTests/Integration/BundledStdlibExecutionTests+ByteString.swift	unverified	KUU-1725	in-scope JVM ABI and Java interoperability	JVM entry class line 87; source line: public fun ByteString.indexOf(byte: Byte, startIndex: Int = 0): Int {; generated kind: source; no dedicated ByteString child issue exists in the current KUU-1725 child set
jvm-e23d593d91c5c087	bytestring	JVM public ABI dump	JVM	default/synthetic bridge	no	kotlinx/io/bytestring/Base64Kt	encodeIntoByteArray$default	public static synthetic fun encodeIntoByteArray$default (Lkotlin/io/encoding/Base64;Lkotlinx/io/bytestring/ByteString;[BIIIILjava/lang/Object;)I	n/a	none	none	@throws IndexOutOfBoundsException when [startIndex] or [endIndex] is out of range of [source] byte string indices.; @throws IllegalArgumentException when `startIndex > endIndex`.; @throws IndexOutOfBoundsException when the resulting symbols don't fit into the [destination] array starting at the specified [destinationOffset],	bytestring/common/src/Base64.kt:54		bytestring/common/test/ByteStringBase64Test.kt#testEncodeIntoByteArray	Sources/CompilerCore/Stdlib/kotlinx/io/bytestring/Base64.kt:55	Tests/CompilerBackendTests/Integration/BundledStdlibExecutionTests+ByteStringCodec.swift	unverified	KUU-1725	in-scope JVM ABI and Java interoperability	JVM entry class line 15; source line: public fun Base64.encodeIntoByteArray(; generated kind: default/synthetic bridge; generated JVM ABI presence cannot be established from Kotlin source-name matching alone; no dedicated ByteString child issue exists in the current KUU-1725 child set
jvm-e6b8e043e821fdd0	bytestring	JVM public ABI dump	JVM	function	yes	kotlinx/io/bytestring/ByteStringJvmExtKt	asReadOnlyByteBuffer	public static final fun asReadOnlyByteBuffer (Lkotlinx/io/bytestring/ByteString;)Ljava/nio/ByteBuffer;	n/a	OptIn	none	not-declared-in-source	bytestring/jvm/src/ByteStringJvmExt.kt:34		bytestring/jvm/test/ByteStringByteBufferExtensionsTest.kt#asReadOnlyByteBuffer;bytestring/jvm/test/ByteStringJvmTest.kt#suite-reference	none	none	missing	KUU-1725	in-scope JVM ABI and Java interoperability	JVM entry class line 67; source line: public fun ByteString.asReadOnlyByteBuffer(): ByteBuffer {; generated kind: source; no dedicated ByteString child issue exists in the current KUU-1725 child set
jvm-e870dd822be9bfbd	bytestring	JVM public ABI dump	JVM	function	yes	kotlinx/io/bytestring/ByteStringKt	isNotEmpty	public static final fun isNotEmpty (Lkotlinx/io/bytestring/ByteString;)Z	n/a	none	none	not-declared-in-source	bytestring/common/src/ByteString.kt:522		bytestring/common/test/ByteStringTest.kt#isNotEmpty	Sources/CompilerCore/Stdlib/kotlinx/io/bytestring/ByteString.kt:115	none	unverified	KUU-1725	in-scope JVM ABI and Java interoperability	JVM entry class line 94; source line: public fun ByteString.isNotEmpty(): Boolean = !isEmpty(); generated kind: source; no dedicated ByteString child issue exists in the current KUU-1725 child set
jvm-e8fc687bd5ff9c9e	bytestring	JVM public ABI dump	JVM	function	yes	kotlinx/io/bytestring/Base64Kt	decodeToByteString	public static final fun decodeToByteString (Lkotlin/io/encoding/Base64;Ljava/lang/CharSequence;II)Lkotlinx/io/bytestring/ByteString;	n/a	none	none	@throws IndexOutOfBoundsException when [startIndex] or [endIndex] is out of range of [source] indices.; @throws IllegalArgumentException when `startIndex > endIndex`.; @throws IllegalArgumentException when the symbols for decoding are padded incorrectly or there are extra symbols after the padding.	bytestring/common/src/Base64.kt:158;bytestring/common/src/Base64.kt:212;bytestring/common/src/Base64.kt:234		bytestring/common/test/ByteStringBase64Test.kt#testDecodeToByteString;bytestring/common/test/ByteStringBase64Test.kt#testByteArrayDecodeToByteString;bytestring/common/test/ByteStringBase64Test.kt#testByteStringDecodeToByteString	Sources/CompilerCore/Stdlib/kotlinx/io/bytestring/Base64.kt:159;Sources/CompilerCore/Stdlib/kotlinx/io/bytestring/Base64.kt:213;Sources/CompilerCore/Stdlib/kotlinx/io/bytestring/Base64.kt:235	Tests/CompilerBackendTests/Integration/BundledStdlibExecutionTests+ByteStringCodec.swift	unverified	KUU-1725	in-scope JVM ABI and Java interoperability	JVM entry class line 6; source line: public fun Base64.decodeToByteString(source: CharSequence, startIndex: Int = 0, endIndex: Int = source.length): ByteString {; generated kind: source; no dedicated ByteString child issue exists in the current KUU-1725 child set
jvm-eae31f41c2edad91	bytestring	JVM public ABI dump	JVM	JVM file facade	no	kotlinx/io/bytestring/ByteStringJvmExtKt	ByteStringJvmExtKt	public final class kotlinx/io/bytestring/ByteStringJvmExtKt {	n/a	none	none	not-declared-in-source	source declaration not found by name		bytestring/common/test/ByteStringTest.kt#suite-reference	none	none	unverified	KUU-1725	in-scope JVM ABI and Java interoperability	JVM entry class line 66; source line: ; generated kind: JVM file facade; generated JVM ABI presence cannot be established from Kotlin source-name matching alone; no dedicated ByteString child issue exists in the current KUU-1725 child set
jvm-ebe766fdf289f961	bytestring	JVM public ABI dump	JVM	default/synthetic bridge	no	kotlinx/io/bytestring/Base64Kt	decodeToByteString$default	public static synthetic fun decodeToByteString$default (Lkotlin/io/encoding/Base64;Lkotlinx/io/bytestring/ByteString;IIILjava/lang/Object;)Lkotlinx/io/bytestring/ByteString;	n/a	none	none	@throws IndexOutOfBoundsException when [startIndex] or [endIndex] is out of range of [source] indices.; @throws IllegalArgumentException when `startIndex > endIndex`.; @throws IllegalArgumentException when the symbols for decoding are padded incorrectly or there are extra symbols after the padding.	bytestring/common/src/Base64.kt:158;bytestring/common/src/Base64.kt:212;bytestring/common/src/Base64.kt:234		bytestring/common/test/ByteStringBase64Test.kt#testDecodeToByteString;bytestring/common/test/ByteStringBase64Test.kt#testByteArrayDecodeToByteString;bytestring/common/test/ByteStringBase64Test.kt#testByteStringDecodeToByteString	Sources/CompilerCore/Stdlib/kotlinx/io/bytestring/Base64.kt:159;Sources/CompilerCore/Stdlib/kotlinx/io/bytestring/Base64.kt:213;Sources/CompilerCore/Stdlib/kotlinx/io/bytestring/Base64.kt:235	Tests/CompilerBackendTests/Integration/BundledStdlibExecutionTests+ByteStringCodec.swift	unverified	KUU-1725	in-scope JVM ABI and Java interoperability	JVM entry class line 10; source line: public fun Base64.decodeToByteString(source: CharSequence, startIndex: Int = 0, endIndex: Int = source.length): ByteString {; generated kind: default/synthetic bridge; generated JVM ABI presence cannot be established from Kotlin source-name matching alone; no dedicated ByteString child issue exists in the current KUU-1725 child set
jvm-ed1bf6724d4c5115	bytestring	JVM public ABI dump	JVM	function	yes	kotlinx/io/bytestring/HexKt	toHexString	public static final fun toHexString (Lkotlinx/io/bytestring/ByteString;IILkotlin/text/HexFormat;)Ljava/lang/String;	n/a	none	none	@throws IllegalArgumentException if the result length is more than [String] maximum capacity.	bytestring/common/src/Hex.kt:17;bytestring/common/src/Hex.kt:34		bytestring/common/test/ByteStringHexTest.kt#suite-reference	Sources/CompilerCore/Stdlib/kotlinx/io/-Util.kt:81;Sources/CompilerCore/Stdlib/kotlinx/io/-Util.kt:88;Sources/CompilerCore/Stdlib/kotlinx/io/-Util.kt:110;Sources/CompilerCore/Stdlib/kotlinx/io/bytestring/Hex.kt:28;Sources/CompilerCore/Stdlib/kotlinx/io/bytestring/Hex.kt:46	Tests/CompilerCoreTests/Sema/KotlinxIOByteStringSurfaceTests.swift;Tests/CompilerBackendTests/Integration/BundledStdlibExecutionTests+ByteStringCodec.swift	unverified	KUU-1725	in-scope JVM ABI and Java interoperability	JVM entry class line 108; source line: public fun ByteString.toHexString(format: HexFormat = HexFormat.Default): String {; generated kind: source; no dedicated ByteString child issue exists in the current KUU-1725 child set
jvm-eecfbff816606455	bytestring	JVM public ABI dump	JVM	function	yes	kotlinx/io/bytestring/ByteStringJvmExtKt	encodeToByteString	public static final fun encodeToByteString (Ljava/lang/String;Ljava/nio/charset/Charset;)Lkotlinx/io/bytestring/ByteString;	n/a	none	none	not-declared-in-source	bytestring/jvm/src/ByteStringJvmExt.kt:26		bytestring/jvm/test/ByteStringByteBufferExtensionsTest.kt#suite-reference;bytestring/jvm/test/ByteStringJvmTest.kt#suite-reference	Sources/CompilerCore/Stdlib/kotlinx/io/bytestring/ByteString.kt:187	Tests/CompilerCoreTests/Sema/KotlinxIOByteStringSurfaceTests.swift;Tests/CompilerBackendTests/Integration/BundledStdlibExecutionTests+ByteString.swift	unverified	KUU-1725	in-scope JVM ABI and Java interoperability	JVM entry class line 69; source line: public fun String.encodeToByteString(charset: Charset): ByteString = ByteString.wrap(toByteArray(charset)); generated kind: source; no dedicated ByteString child issue exists in the current KUU-1725 child set
jvm-f0c73d7133f5a588	bytestring	JVM public ABI dump	JVM	default/synthetic bridge	no	kotlinx/io/bytestring/ByteStringKt	indexOf$default	public static synthetic fun indexOf$default (Lkotlinx/io/bytestring/ByteString;Lkotlinx/io/bytestring/ByteString;IILjava/lang/Object;)I	n/a	none	none	not-declared-in-source	bytestring/common/src/ByteString.kt:305;bytestring/common/src/ByteString.kt:327;bytestring/common/src/ByteString.kt:351		bytestring/common/test/ByteStringTest.kt#indexOfByte;bytestring/common/test/ByteStringTest.kt#indexOfByteArray;bytestring/common/test/ByteStringTest.kt#indexOfByteString;bytestring/common/test/ByteStringTest.kt#lastIndexOfByte;bytestring/common/test/ByteStringTest.kt#lastIndexOfByteArray;bytestring/common/test/ByteStringTest.kt#lastIndexOfByteString	Sources/CompilerCore/Stdlib/kotlinx/io/Buffer.kt:263;Sources/CompilerCore/Stdlib/kotlinx/io/ByteStrings.kt:59;Sources/CompilerCore/Stdlib/kotlinx/io/ByteStrings.kt:77;Sources/CompilerCore/Stdlib/kotlinx/io/Sources.kt:83;Sources/CompilerCore/Stdlib/kotlinx/io/Buffers.kt:44;Sources/CompilerCore/Stdlib/kotlinx/io/Segment.kt:417;Sources/CompilerCore/Stdlib/kotlinx/io/bytestring/ByteString.kt:126;Sources/CompilerCore/Stdlib/kotlinx/io/bytestring/ByteString.kt:135;Sources/CompilerCore/Stdlib/kotlinx/io/bytestring/ByteString.kt:138	Tests/CompilerBackendTests/Integration/BundledStdlibExecutionTests+ByteString.swift	unverified	KUU-1725	in-scope JVM ABI and Java interoperability	JVM entry class line 91; source line: public fun ByteString.indexOf(byte: Byte, startIndex: Int = 0): Int {; generated kind: default/synthetic bridge; generated JVM ABI presence cannot be established from Kotlin source-name matching alone; no dedicated ByteString child issue exists in the current KUU-1725 child set
jvm-f1214327955b8f5e	bytestring	JVM public ABI dump	JVM	JVM-mangled source function	yes	kotlinx/io/bytestring/ByteStringKt	ByteString-GBYM_sE	public static final fun ByteString-GBYM_sE ([B)Lkotlinx/io/bytestring/ByteString;	n/a	none	none	not-declared-in-source	bytestring/common/src/ByteString.kt:35;bytestring/common/src/ByteString.kt:52;bytestring/common/src/ByteString.kt:64;bytestring/common/src/ByteString.kt:107		bytestring/common/test/ByteStringTest.kt#indexOfByteString;bytestring/common/test/ByteStringTest.kt#lastIndexOfByteString;bytestring/common/test/ByteStringTest.kt#startWithByteString;bytestring/common/test/ByteStringTest.kt#endsWithByteString	Sources/CompilerCore/Stdlib/kotlinx/io/bytestring/ByteString.kt:18;Sources/CompilerCore/Stdlib/kotlinx/io/bytestring/ByteString.kt:88;Sources/CompilerCore/Stdlib/kotlinx/io/bytestring/ByteString.kt:90;Sources/CompilerCore/Stdlib/kotlinx/io/bytestring/ByteString.kt:102	Tests/CompilerCoreTests/Sema/KotlinxIOByteStringSurfaceTests.swift;Tests/CompilerBackendTests/Integration/BundledStdlibExecutionTests+ByteString.swift;Tests/CompilerBackendTests/Integration/BundledStdlibExecutionTests+ByteStringCodec.swift	unverified	KUU-1725	in-scope JVM ABI and Java interoperability	JVM entry class line 80; source line: public fun ByteString(vararg bytes: Byte): ByteString = if (bytes.isEmpty()) {; generated kind: JVM-mangled source function; no dedicated ByteString child issue exists in the current KUU-1725 child set
jvm-f183ae0aeeced795	bytestring	JVM public ABI dump	JVM	default/synthetic constructor	no	kotlinx/io/bytestring/ByteStringBuilder	<init>	public synthetic fun <init> (IILkotlin/jvm/internal/DefaultConstructorMarker;)V	n/a	none	none	not-declared-in-source	bytestring/common/src/ByteStringBuilder.kt:28	klib-bb1a86c235fe5d90;klib-c43c18bee4ac34f0	bytestring/common/test/ByteStringBuilderTest.kt#suite-reference	Sources/CompilerCore/Stdlib/kotlinx/io/bytestring/ByteStringBuilder.kt:9	Tests/CompilerBackendTests/Integration/BundledStdlibExecutionTests+ByteString.swift	unverified	KUU-1725	in-scope JVM ABI and Java interoperability	JVM entry class line 49; source line: public class ByteStringBuilder(initialCapacity: Int = 0) {; generated kind: default/synthetic constructor; generated JVM ABI presence cannot be established from Kotlin source-name matching alone; no dedicated ByteString child issue exists in the current KUU-1725 child set
jvm-f30b7b0c6239fc18	bytestring	JVM public ABI dump	JVM	default/synthetic bridge	no	kotlinx/io/bytestring/HexKt	hexToByteString$default	public static synthetic fun hexToByteString$default (Ljava/lang/String;Lkotlin/text/HexFormat;ILjava/lang/Object;)Lkotlinx/io/bytestring/ByteString;	n/a	none	none	@throws IllegalArgumentException if this string does not comply with the specified [format].	bytestring/common/src/Hex.kt:53		bytestring/common/test/ByteStringHexTest.kt#suite-reference	Sources/CompilerCore/Stdlib/kotlinx/io/bytestring/Hex.kt:66	Tests/CompilerCoreTests/Sema/KotlinxIOByteStringSurfaceTests.swift;Tests/CompilerBackendTests/Integration/BundledStdlibExecutionTests+ByteStringCodec.swift	unverified	KUU-1725	in-scope JVM ABI and Java interoperability	JVM entry class line 107; source line: public fun String.hexToByteString(format: HexFormat = HexFormat.Default): ByteString {; generated kind: default/synthetic bridge; generated JVM ABI presence cannot be established from Kotlin source-name matching alone; no dedicated ByteString child issue exists in the current KUU-1725 child set
jvm-f537e57626234f77	bytestring	JVM public ABI dump	JVM	function	yes	kotlinx/io/bytestring/unsafe/UnsafeByteStringOperations	wrapUnsafe	public final fun wrapUnsafe ([B)Lkotlinx/io/bytestring/ByteString;	n/a	OptIn,UnsafeByteStringApi	none	not-declared-in-source	bytestring/common/src/unsafe/UnsafeByteStringOperations.kt:30	klib-07506d12f1446693	bytestring/common/test/unsafe/UnsafeByteStringOperationsTest.kt#suite-reference	Sources/CompilerCore/Stdlib/kotlinx/io/bytestring/unsafe/UnsafeByteStringOperations.kt:8	Tests/CompilerBackendTests/Integration/BundledStdlibExecutionTests+ByteString.swift	unverified	KUU-1725	in-scope JVM ABI and Java interoperability	JVM entry class line 120; source line: public fun wrapUnsafe(array: ByteArray): ByteString = ByteString.wrap(array); generated kind: source; no dedicated ByteString child issue exists in the current KUU-1725 child set
jvm-f72f86a64f90dc84	bytestring	JVM public ABI dump	JVM	function	yes	kotlinx/io/bytestring/ByteString	getBackingArrayReference	public final fun getBackingArrayReference ()[B	n/a	PublishedApi	none	not-declared-in-source	bytestring/common/src/ByteString.kt:284	klib-28163803c351e2f6	bytestring/common/test/ByteStringTest.kt#suite-reference	Sources/CompilerCore/Stdlib/kotlinx/io/bytestring/ByteString.kt:85;Sources/CompilerCore/Stdlib/kotlinx/io/bytestring/ByteString.kt:182	Tests/CompilerCoreTests/Sema/KotlinxIOByteStringSurfaceTests.swift;Tests/CompilerBackendTests/Integration/BundledStdlibExecutionTests+ByteString.swift;Tests/CompilerBackendTests/Integration/BundledStdlibExecutionTests+ByteStringCodec.swift	unverified	KUU-1725	in-scope JVM ABI and Java interoperability	JVM entry class line 33; source line: internal fun getBackingArrayReference(): ByteArray = data; generated kind: source; no dedicated ByteString child issue exists in the current KUU-1725 child set
klib-07506d12f1446693	bytestring	Kotlin source API / KLIB dump	common	function	yes	kotlinx.io.bytestring.unsafe/UnsafeByteStringOperations	wrapUnsafe	final fun wrapUnsafe(kotlin/ByteArray): kotlinx.io.bytestring/ByteString	0	OptIn,UnsafeByteStringApi	none	not-declared-in-source	bytestring/common/src/unsafe/UnsafeByteStringOperations.kt:30	jvm-f537e57626234f77	bytestring/common/test/unsafe/UnsafeByteStringOperationsTest.kt#suite-reference	Sources/CompilerCore/Stdlib/kotlinx/io/bytestring/unsafe/UnsafeByteStringOperations.kt:8	Tests/CompilerBackendTests/Integration/BundledStdlibExecutionTests+ByteString.swift	unverified	KUU-1725	in-scope common/native API	KLIB declaration key: kotlinx.io.bytestring.unsafe/UnsafeByteStringOperations.wrapUnsafe|wrapUnsafe(kotlin.ByteArray){}; source declaration line: public fun wrapUnsafe(array: ByteArray): ByteString = ByteString.wrap(array); no dedicated ByteString child issue exists in the current KUU-1725 child set
klib-07f0c52e055ab60c	bytestring	Kotlin source API / KLIB dump	common	function	yes	kotlinx.io.bytestring	encodeToAppendable	final fun <#A: kotlin.text/Appendable> (kotlin.io.encoding/Base64).kotlinx.io.bytestring/encodeToAppendable(kotlinx.io.bytestring/ByteString, #A, kotlin/Int = ..., kotlin/Int = ...): #A	2	IgnorableReturnValue	none	@throws IndexOutOfBoundsException when [startIndex] or [endIndex] is out of range of [source] byte string indices.; @throws IllegalArgumentException when `startIndex > endIndex`.	bytestring/common/src/Base64.kt:108	jvm-6dce99fbf0702420;jvm-35ddcf7e494edf2e	bytestring/common/test/ByteStringBase64Test.kt#suite-reference	Sources/CompilerCore/Stdlib/kotlinx/io/bytestring/Base64.kt:109	Tests/CompilerCoreTests/Sema/KotlinxIOByteStringSurfaceTests.swift;Tests/CompilerBackendTests/Integration/BundledStdlibExecutionTests+ByteString.swift;Tests/CompilerBackendTests/Integration/BundledStdlibExecutionTests+ByteStringCodec.swift	unverified	KUU-1725	in-scope common/native API	KLIB declaration key: kotlinx.io.bytestring/encodeToAppendable|encodeToAppendable@kotlin.io.encoding.Base64(kotlinx.io.bytestring.ByteString;0:0;kotlin.Int;kotlin.Int){0§<kotlin.text.Appendable>}; source declaration line: public fun <A : Appendable> Base64.encodeToAppendable(; default expressions are preserved in the pinned source snapshot; no dedicated ByteString child issue exists in the current KUU-1725 child set
klib-09d1def54614dacd	bytestring	Kotlin source API / KLIB dump	common	function	yes	kotlinx.io.bytestring	indexOf	final fun (kotlinx.io.bytestring/ByteString).kotlinx.io.bytestring/indexOf(kotlin/ByteArray, kotlin/Int = ...): kotlin/Int	1	none	none	not-declared-in-source	bytestring/common/src/ByteString.kt:305;bytestring/common/src/ByteString.kt:327;bytestring/common/src/ByteString.kt:351	jvm-dd1b0c4275e7b25d;jvm-ac63549446f04df3;jvm-dccf6d21d2c910f6;jvm-d49996f4a43448e9;jvm-f0c73d7133f5a588;jvm-0a5972de7cfbf1ce	bytestring/common/test/ByteStringTest.kt#indexOfByte;bytestring/common/test/ByteStringTest.kt#indexOfByteArray;bytestring/common/test/ByteStringTest.kt#indexOfByteString;bytestring/common/test/ByteStringTest.kt#lastIndexOfByte;bytestring/common/test/ByteStringTest.kt#lastIndexOfByteArray;bytestring/common/test/ByteStringTest.kt#lastIndexOfByteString	Sources/CompilerCore/Stdlib/kotlinx/io/Buffer.kt:263;Sources/CompilerCore/Stdlib/kotlinx/io/ByteStrings.kt:59;Sources/CompilerCore/Stdlib/kotlinx/io/ByteStrings.kt:77;Sources/CompilerCore/Stdlib/kotlinx/io/Sources.kt:83;Sources/CompilerCore/Stdlib/kotlinx/io/Buffers.kt:44;Sources/CompilerCore/Stdlib/kotlinx/io/Segment.kt:417;Sources/CompilerCore/Stdlib/kotlinx/io/bytestring/ByteString.kt:126;Sources/CompilerCore/Stdlib/kotlinx/io/bytestring/ByteString.kt:135;Sources/CompilerCore/Stdlib/kotlinx/io/bytestring/ByteString.kt:138	Tests/CompilerCoreTests/Sema/KotlinxIOByteStringSurfaceTests.swift;Tests/CompilerBackendTests/Integration/BundledStdlibExecutionTests+ByteString.swift;Tests/CompilerBackendTests/Integration/BundledStdlibExecutionTests+ByteStringCodec.swift	unverified	KUU-1725	in-scope common/native API	KLIB declaration key: kotlinx.io.bytestring/indexOf|indexOf@kotlinx.io.bytestring.ByteString(kotlin.ByteArray;kotlin.Int){}; source declaration line: public fun ByteString.indexOf(byte: Byte, startIndex: Int = 0): Int {; default expressions are preserved in the pinned source snapshot; no dedicated ByteString child issue exists in the current KUU-1725 child set
klib-14f4f1842013a782	bytestring	Kotlin source API / KLIB dump	common	function	yes	kotlinx.io.bytestring/ByteString	copyInto	final fun copyInto(kotlin/ByteArray, kotlin/Int = ..., kotlin/Int = ..., kotlin/Int = ...)	3	none	none	@throws IndexOutOfBoundsException when [startIndex] or [endIndex] is out of range of byte string indices.; @throws IndexOutOfBoundsException when the subrange doesn't fit into the [destination] array starting at; @throws IllegalArgumentException when `startIndex > endIndex`.	bytestring/common/src/ByteString.kt:194	jvm-4f3b76d6deb6f680;jvm-d17f7b740f731918	bytestring/common/test/ByteStringTest.kt#suite-reference	Sources/CompilerCore/Stdlib/kotlinx/io/bytestring/ByteString.kt:35	Tests/CompilerCoreTests/Sema/KotlinxIOByteStringSurfaceTests.swift;Tests/CompilerBackendTests/Integration/BundledStdlibExecutionTests+ByteString.swift;Tests/CompilerBackendTests/Integration/BundledStdlibExecutionTests+ByteStringCodec.swift	unverified	KUU-1725	in-scope common/native API	KLIB declaration key: kotlinx.io.bytestring/ByteString.copyInto|copyInto(kotlin.ByteArray;kotlin.Int;kotlin.Int;kotlin.Int){}; source declaration line: public fun copyInto(; default expressions are preserved in the pinned source snapshot; no dedicated ByteString child issue exists in the current KUU-1725 child set
klib-234dcde51a17e6be	bytestring	Kotlin source API / KLIB dump	common	function	yes	kotlinx.io.bytestring/ByteString	toString	final fun toString(): kotlin/String	0	none	none	not-declared-in-source	bytestring/common/src/ByteString.kt:256	jvm-1f0a493caf886125	bytestring/common/test/ByteStringTest.kt#testToString	Sources/CompilerCore/Stdlib/kotlinx/io/Buffer.kt:577;Sources/CompilerCore/Stdlib/kotlinx/io/JvmCore.kt:41;Sources/CompilerCore/Stdlib/kotlinx/io/JvmCore.kt:72;Sources/CompilerCore/Stdlib/kotlinx/io/RealSink.kt:143;Sources/CompilerCore/Stdlib/kotlinx/io/RealSource.kt:139;Sources/CompilerCore/Stdlib/kotlinx/io/bytestring/ByteString.kt:66;Sources/CompilerCore/Stdlib/kotlinx/io/files/Paths.kt:44;Sources/CompilerCore/Stdlib/kotlinx/io/files/FileSystem.kt:31;Sources/CompilerCore/Stdlib/kotlinx/io/files/FileSystem.kt:45;Sources/CompilerCore/Stdlib/kotlinx/io/files/FileSystem.kt:55;Sources/CompilerCore/Stdlib/kotlinx/io/files/FileSystem.kt:98;Sources/CompilerCore/Stdlib/kotlinx/io/files/FileSystem.kt:134	Tests/CompilerCoreTests/Sema/KotlinxIOByteStringSurfaceTests.swift;Tests/CompilerBackendTests/Integration/BundledStdlibExecutionTests+ByteString.swift;Tests/CompilerBackendTests/Integration/BundledStdlibExecutionTests+ByteStringCodec.swift	unverified	KUU-1725	in-scope common/native API	KLIB declaration key: kotlinx.io.bytestring/ByteString.toString|toString(){}; source declaration line: override fun toString(): String {; no dedicated ByteString child issue exists in the current KUU-1725 child set
klib-293d4e80c1fd216b	bytestring	Kotlin source API / KLIB dump	common	function	yes	kotlinx.io.bytestring/ByteString	substring	final fun substring(kotlin/Int, kotlin/Int = ...): kotlinx.io.bytestring/ByteString	1	none	none	@throws IndexOutOfBoundsException when [startIndex] or [endIndex] is out of range of byte string indices.; @throws IllegalArgumentException when `startIndex > endIndex`.	bytestring/common/src/ByteString.kt:214	jvm-230fea84cd3a55f4;jvm-caddbfc2da0eaa02	bytestring/common/test/ByteStringTest.kt#substring;bytestring/common/test/ByteStringTest.kt#substringWithInvalidArgs	Sources/CompilerCore/Stdlib/kotlinx/io/bytestring/ByteString.kt:43	Tests/CompilerCoreTests/Sema/KotlinxIOByteStringSurfaceTests.swift;Tests/CompilerBackendTests/Integration/BundledStdlibExecutionTests+ByteString.swift;Tests/CompilerBackendTests/Integration/BundledStdlibExecutionTests+ByteStringCodec.swift	unverified	KUU-1725	in-scope common/native API	KLIB declaration key: kotlinx.io.bytestring/ByteString.substring|substring(kotlin.Int;kotlin.Int){}; source declaration line: public fun substring(startIndex: Int, endIndex: Int = size): ByteString = if (startIndex == endIndex) {; default expressions are preserved in the pinned source snapshot; no dedicated ByteString child issue exists in the current KUU-1725 child set
klib-30f3a5c70398830b	bytestring	Kotlin source API / KLIB dump	common	function	yes	kotlinx.io.bytestring	decodeIntoByteArray	final fun (kotlin.io.encoding/Base64).kotlinx.io.bytestring/decodeIntoByteArray(kotlinx.io.bytestring/ByteString, kotlin/ByteArray, kotlin/Int = ..., kotlin/Int = ..., kotlin/Int = ...): kotlin/Int	3	none	none	@throws IndexOutOfBoundsException when [startIndex] or [endIndex] is out of range of [source] byte string indices.; @throws IllegalArgumentException when `startIndex > endIndex`.; @throws IndexOutOfBoundsException when the resulting bytes don't fit into the [destination] array starting at the specified [destinationOffset],; @throws IllegalArgumentException when the symbols for decoding are padded incorrectly or there are extra symbols after the padding.	bytestring/common/src/Base64.kt:184	jvm-8b4763d239697087;jvm-c376d0d1321523df	bytestring/common/test/ByteStringBase64Test.kt#testDecodeIntoByteArray	Sources/CompilerCore/Stdlib/kotlinx/io/bytestring/Base64.kt:185	Tests/CompilerCoreTests/Sema/KotlinxIOByteStringSurfaceTests.swift;Tests/CompilerBackendTests/Integration/BundledStdlibExecutionTests+ByteString.swift;Tests/CompilerBackendTests/Integration/BundledStdlibExecutionTests+ByteStringCodec.swift	unverified	KUU-1725	in-scope common/native API	KLIB declaration key: kotlinx.io.bytestring/decodeIntoByteArray|decodeIntoByteArray@kotlin.io.encoding.Base64(kotlinx.io.bytestring.ByteString;kotlin.ByteArray;kotlin.Int;kotlin.Int;kotlin.Int){}; source declaration line: public fun Base64.decodeIntoByteArray(; default expressions are preserved in the pinned source snapshot; no dedicated ByteString child issue exists in the current KUU-1725 child set
klib-3a26229075e48265	bytestring	Kotlin source API / KLIB dump	common	function	yes	kotlinx.io.bytestring	lastIndexOf	final fun (kotlinx.io.bytestring/ByteString).kotlinx.io.bytestring/lastIndexOf(kotlinx.io.bytestring/ByteString, kotlin/Int = ...): kotlin/Int	1	none	none	not-declared-in-source	bytestring/common/src/ByteString.kt:375;bytestring/common/src/ByteString.kt:397;bytestring/common/src/ByteString.kt:419	jvm-c9f10f208f38bd1f;jvm-cb1c6e8bc2d555aa;jvm-0bf4366d5e02e7ac;jvm-810539f04f1dc7a9;jvm-57d6ca219cd3aaa0;jvm-4acb56be62f8c547	bytestring/common/test/ByteStringTest.kt#lastIndexOfByte;bytestring/common/test/ByteStringTest.kt#lastIndexOfByteArray;bytestring/common/test/ByteStringTest.kt#lastIndexOfByteString	Sources/CompilerCore/Stdlib/kotlinx/io/bytestring/ByteString.kt:149;Sources/CompilerCore/Stdlib/kotlinx/io/bytestring/ByteString.kt:159;Sources/CompilerCore/Stdlib/kotlinx/io/bytestring/ByteString.kt:162	Tests/CompilerCoreTests/Sema/KotlinxIOByteStringSurfaceTests.swift;Tests/CompilerBackendTests/Integration/BundledStdlibExecutionTests+ByteString.swift;Tests/CompilerBackendTests/Integration/BundledStdlibExecutionTests+ByteStringCodec.swift	unverified	KUU-1725	in-scope common/native API	KLIB declaration key: kotlinx.io.bytestring/lastIndexOf|lastIndexOf@kotlinx.io.bytestring.ByteString(kotlinx.io.bytestring.ByteString;kotlin.Int){}; source declaration line: public fun ByteString.lastIndexOf(byte: Byte, startIndex: Int = 0): Int {; default expressions are preserved in the pinned source snapshot; no dedicated ByteString child issue exists in the current KUU-1725 child set
klib-3d59e06c36c0de2c	bytestring	Kotlin source API / KLIB dump	common	function	yes	kotlinx.io.bytestring	isEmpty	final fun (kotlinx.io.bytestring/ByteString).kotlinx.io.bytestring/isEmpty(): kotlin/Boolean	0	none	none	not-declared-in-source	bytestring/common/src/ByteString.kt:35;bytestring/common/src/ByteString.kt:52;bytestring/common/src/ByteString.kt:517	jvm-5ef5b7fe084cf1a5	bytestring/common/test/ByteStringTest.kt#isEmpty	Sources/CompilerCore/Stdlib/kotlinx/io/Segment.kt:508;Sources/CompilerCore/Stdlib/kotlinx/io/bytestring/ByteString.kt:114	Tests/CompilerCoreTests/Sema/KotlinxIOPathSourceTests.swift;Tests/CompilerCoreTests/Sema/KotlinxIOByteStringSurfaceTests.swift;Tests/CompilerBackendTests/Integration/BundledStdlibExecutionTests+ByteString.swift;Tests/CompilerBackendTests/Integration/BundledStdlibExecutionTests+ByteStringCodec.swift;Tests/RuntimeTests/RuntimeIoFileSystemTests.swift	unverified	KUU-1725	in-scope common/native API	KLIB declaration key: kotlinx.io.bytestring/isEmpty|isEmpty@kotlinx.io.bytestring.ByteString(){}; source declaration line: public fun ByteString(vararg bytes: Byte): ByteString = if (bytes.isEmpty()) {; no dedicated ByteString child issue exists in the current KUU-1725 child set
klib-401b5e99cf0a6795	bytestring	Kotlin source API / KLIB dump	common	function	yes	kotlinx.io.bytestring	ByteString	final fun kotlinx.io.bytestring/ByteString(kotlin/ByteArray...): kotlinx.io.bytestring/ByteString	0	none	none	not-declared-in-source	bytestring/common/src/ByteString.kt:35;bytestring/common/src/ByteString.kt:52;bytestring/common/src/ByteString.kt:64;bytestring/common/src/ByteString.kt:107	jvm-bb133f7ca476ad6f;jvm-1f078f0f77bb40bc;jvm-f1214327955b8f5e	bytestring/common/test/ByteStringTest.kt#indexOfByteString;bytestring/common/test/ByteStringTest.kt#lastIndexOfByteString;bytestring/common/test/ByteStringTest.kt#startWithByteString;bytestring/common/test/ByteStringTest.kt#endsWithByteString	Sources/CompilerCore/Stdlib/kotlinx/io/bytestring/ByteString.kt:18;Sources/CompilerCore/Stdlib/kotlinx/io/bytestring/ByteString.kt:88;Sources/CompilerCore/Stdlib/kotlinx/io/bytestring/ByteString.kt:90;Sources/CompilerCore/Stdlib/kotlinx/io/bytestring/ByteString.kt:102	Tests/CompilerCoreTests/Sema/KotlinxIOByteStringSurfaceTests.swift;Tests/CompilerBackendTests/Integration/BundledStdlibExecutionTests+ByteString.swift;Tests/CompilerBackendTests/Integration/BundledStdlibExecutionTests+ByteStringCodec.swift	unverified	KUU-1725	in-scope common/native API	KLIB declaration key: kotlinx.io.bytestring/ByteString|ByteString(kotlin.ByteArray...){}; source declaration line: public fun ByteString(vararg bytes: Byte): ByteString = if (bytes.isEmpty()) {; no dedicated ByteString child issue exists in the current KUU-1725 child set
klib-40e8547b6dd7ad90	bytestring	Kotlin source API / KLIB dump	common	function	yes	kotlinx.io.bytestring	lastIndexOf	final fun (kotlinx.io.bytestring/ByteString).kotlinx.io.bytestring/lastIndexOf(kotlin/Byte, kotlin/Int = ...): kotlin/Int	1	none	none	not-declared-in-source	bytestring/common/src/ByteString.kt:375;bytestring/common/src/ByteString.kt:397;bytestring/common/src/ByteString.kt:419	jvm-c9f10f208f38bd1f;jvm-cb1c6e8bc2d555aa;jvm-0bf4366d5e02e7ac;jvm-810539f04f1dc7a9;jvm-57d6ca219cd3aaa0;jvm-4acb56be62f8c547	bytestring/common/test/ByteStringTest.kt#lastIndexOfByte;bytestring/common/test/ByteStringTest.kt#lastIndexOfByteArray;bytestring/common/test/ByteStringTest.kt#lastIndexOfByteString	Sources/CompilerCore/Stdlib/kotlinx/io/bytestring/ByteString.kt:149;Sources/CompilerCore/Stdlib/kotlinx/io/bytestring/ByteString.kt:159;Sources/CompilerCore/Stdlib/kotlinx/io/bytestring/ByteString.kt:162	Tests/CompilerCoreTests/Sema/KotlinxIOByteStringSurfaceTests.swift;Tests/CompilerBackendTests/Integration/BundledStdlibExecutionTests+ByteString.swift;Tests/CompilerBackendTests/Integration/BundledStdlibExecutionTests+ByteStringCodec.swift	unverified	KUU-1725	in-scope common/native API	KLIB declaration key: kotlinx.io.bytestring/lastIndexOf|lastIndexOf@kotlinx.io.bytestring.ByteString(kotlin.Byte;kotlin.Int){}; source declaration line: public fun ByteString.lastIndexOf(byte: Byte, startIndex: Int = 0): Int {; default expressions are preserved in the pinned source snapshot; no dedicated ByteString child issue exists in the current KUU-1725 child set
klib-47da668f67cb4abb	bytestring	Kotlin source API / KLIB dump	common	function	yes	kotlinx.io.bytestring	contentEquals	final fun (kotlinx.io.bytestring/ByteString).kotlinx.io.bytestring/contentEquals(kotlin/ByteArray): kotlin/Boolean	0	none	none	not-declared-in-source	bytestring/common/src/ByteString.kt:547	jvm-92bec9bee46904b4	bytestring/common/test/ByteStringTest.kt#contentEquals	Sources/CompilerCore/Stdlib/kotlinx/io/bytestring/ByteString.kt:188	Tests/CompilerCoreTests/Sema/KotlinxIOByteStringSurfaceTests.swift;Tests/CompilerBackendTests/Integration/BundledStdlibExecutionTests+ByteString.swift;Tests/CompilerBackendTests/Integration/BundledStdlibExecutionTests+ByteStringCodec.swift	unverified	KUU-1725	in-scope common/native API	KLIB declaration key: kotlinx.io.bytestring/contentEquals|contentEquals@kotlinx.io.bytestring.ByteString(kotlin.ByteArray){}; source declaration line: public fun ByteString.contentEquals(array: ByteArray): Boolean {; no dedicated ByteString child issue exists in the current KUU-1725 child set
klib-48c0b12efeabdf13	bytestring	Kotlin source API / KLIB dump	common	constructor	yes	kotlinx.io.bytestring.unsafe/UnsafeByteStringApi	<init>	constructor <init>()	0	MustBeDocumented,RequiresOptIn,Retention	none	not-declared-in-source	bytestring/common/src/unsafe/Annotations.kt:21	jvm-7915e4861d081be6	bytestring/common/test/ByteStringTest.kt#suite-reference	Sources/CompilerCore/Stdlib/kotlinx/io/bytestring/unsafe/Annotations.kt:7	Tests/CompilerBackendTests/Integration/BundledStdlibExecutionTests+ByteString.swift	unverified	KUU-1725	in-scope common/native API	KLIB declaration key: kotlinx.io.bytestring.unsafe/UnsafeByteStringApi.<init>|<init>(){}; source declaration line: public annotation class UnsafeByteStringApi; no dedicated ByteString child issue exists in the current KUU-1725 child set
klib-4d280feb368bb149	bytestring	Kotlin source API / KLIB dump	common	function	yes	kotlinx.io.bytestring	toHexString	final fun (kotlinx.io.bytestring/ByteString).kotlinx.io.bytestring/toHexString(kotlin.text/HexFormat = ...): kotlin/String	1	none	none	@throws IllegalArgumentException if the result length is more than [String] maximum capacity.	bytestring/common/src/Hex.kt:17;bytestring/common/src/Hex.kt:34	jvm-ed1bf6724d4c5115;jvm-677d58829df7cd04;jvm-9bf7d3cad6cebd14;jvm-736bd7dedbf2e212	bytestring/common/test/ByteStringHexTest.kt#suite-reference	Sources/CompilerCore/Stdlib/kotlinx/io/-Util.kt:81;Sources/CompilerCore/Stdlib/kotlinx/io/-Util.kt:88;Sources/CompilerCore/Stdlib/kotlinx/io/-Util.kt:110;Sources/CompilerCore/Stdlib/kotlinx/io/bytestring/Hex.kt:28;Sources/CompilerCore/Stdlib/kotlinx/io/bytestring/Hex.kt:46	Tests/CompilerCoreTests/Sema/KotlinxIOByteStringSurfaceTests.swift;Tests/CompilerBackendTests/Integration/BundledStdlibExecutionTests+ByteString.swift;Tests/CompilerBackendTests/Integration/BundledStdlibExecutionTests+ByteStringCodec.swift	unverified	KUU-1725	in-scope common/native API	KLIB declaration key: kotlinx.io.bytestring/toHexString|toHexString@kotlinx.io.bytestring.ByteString(kotlin.text.HexFormat){}; source declaration line: public fun ByteString.toHexString(format: HexFormat = HexFormat.Default): String {; default expressions are preserved in the pinned source snapshot; no dedicated ByteString child issue exists in the current KUU-1725 child set
klib-4d38fa01cf9280a5	bytestring	Kotlin source API / KLIB dump	common	function	yes	kotlinx.io.bytestring	decodeToByteString	final fun (kotlin.io.encoding/Base64).kotlinx.io.bytestring/decodeToByteString(kotlin/ByteArray, kotlin/Int = ..., kotlin/Int = ...): kotlinx.io.bytestring/ByteString	2	none	none	@throws IndexOutOfBoundsException when [startIndex] or [endIndex] is out of range of [source] indices.; @throws IllegalArgumentException when `startIndex > endIndex`.; @throws IllegalArgumentException when the symbols for decoding are padded incorrectly or there are extra symbols after the padding.	bytestring/common/src/Base64.kt:158;bytestring/common/src/Base64.kt:212;bytestring/common/src/Base64.kt:234	jvm-e8fc687bd5ff9c9e;jvm-a4f1a27b40cf9145;jvm-d36ffe81f8e78b45;jvm-0a7391fd7c844ff7;jvm-ebe766fdf289f961;jvm-1ba14d2113458d26	bytestring/common/test/ByteStringBase64Test.kt#testDecodeToByteString;bytestring/common/test/ByteStringBase64Test.kt#testByteArrayDecodeToByteString;bytestring/common/test/ByteStringBase64Test.kt#testByteStringDecodeToByteString	Sources/CompilerCore/Stdlib/kotlinx/io/bytestring/Base64.kt:159;Sources/CompilerCore/Stdlib/kotlinx/io/bytestring/Base64.kt:213;Sources/CompilerCore/Stdlib/kotlinx/io/bytestring/Base64.kt:235	Tests/CompilerCoreTests/Sema/KotlinxIOByteStringSurfaceTests.swift;Tests/CompilerBackendTests/Integration/BundledStdlibExecutionTests+ByteString.swift;Tests/CompilerBackendTests/Integration/BundledStdlibExecutionTests+ByteStringCodec.swift	unverified	KUU-1725	in-scope common/native API	KLIB declaration key: kotlinx.io.bytestring/decodeToByteString|decodeToByteString@kotlin.io.encoding.Base64(kotlin.ByteArray;kotlin.Int;kotlin.Int){}; source declaration line: public fun Base64.decodeToByteString(source: CharSequence, startIndex: Int = 0, endIndex: Int = source.length): ByteString {; default expressions are preserved in the pinned source snapshot; no dedicated ByteString child issue exists in the current KUU-1725 child set
klib-531fa1db0425b6e0	bytestring	Kotlin source API / KLIB dump	common	function	yes	kotlinx.io.bytestring	hexToByteString	final fun (kotlin/String).kotlinx.io.bytestring/hexToByteString(kotlin.text/HexFormat = ...): kotlinx.io.bytestring/ByteString	1	none	none	@throws IllegalArgumentException if this string does not comply with the specified [format].	bytestring/common/src/Hex.kt:53	jvm-12a7ecaeb1b3e954;jvm-f30b7b0c6239fc18	bytestring/common/test/ByteStringHexTest.kt#suite-reference	Sources/CompilerCore/Stdlib/kotlinx/io/bytestring/Hex.kt:66	Tests/CompilerCoreTests/Sema/KotlinxIOByteStringSurfaceTests.swift;Tests/CompilerBackendTests/Integration/BundledStdlibExecutionTests+ByteString.swift;Tests/CompilerBackendTests/Integration/BundledStdlibExecutionTests+ByteStringCodec.swift	unverified	KUU-1725	in-scope common/native API	KLIB declaration key: kotlinx.io.bytestring/hexToByteString|hexToByteString@kotlin.String(kotlin.text.HexFormat){}; source declaration line: public fun String.hexToByteString(format: HexFormat = HexFormat.Default): ByteString {; default expressions are preserved in the pinned source snapshot; no dedicated ByteString child issue exists in the current KUU-1725 child set
klib-54782273b181aa94	bytestring	Kotlin source API / KLIB dump	common	function	yes	kotlinx.io.bytestring/ByteString	toByteArray	final fun toByteArray(kotlin/Int = ..., kotlin/Int = ...): kotlin/ByteArray	2	none	none	@throws IndexOutOfBoundsException when [startIndex] or [endIndex] is out of range of byte string indices.; @throws IllegalArgumentException when `startIndex > endIndex`.	bytestring/common/src/ByteString.kt:173	jvm-0f298d93860af32a;jvm-b6f447c2ba2daba9	bytestring/common/test/ByteStringTest.kt#toByteArray;bytestring/common/test/ByteStringTest.kt#toByteArrayWithInvalidIndex	Sources/CompilerCore/Stdlib/kotlinx/io/bytestring/ByteString.kt:30;Sources/CompilerCore/Stdlib/kotlinx/io/bytestring/ByteStringBuilder.kt:23	Tests/CompilerCoreTests/Sema/KotlinxIOByteStringSurfaceTests.swift;Tests/CompilerBackendTests/Integration/BundledStdlibExecutionTests+ByteString.swift;Tests/CompilerBackendTests/Integration/BundledStdlibExecutionTests+ByteStringCodec.swift	unverified	KUU-1725	in-scope common/native API	KLIB declaration key: kotlinx.io.bytestring/ByteString.toByteArray|toByteArray(kotlin.Int;kotlin.Int){}; source declaration line: public fun toByteArray(startIndex: Int = 0, endIndex: Int = size): ByteArray {; default expressions are preserved in the pinned source snapshot; no dedicated ByteString child issue exists in the current KUU-1725 child set
klib-588a0ffe0361140c	bytestring	Kotlin source API / KLIB dump	common	constructor	yes	kotlinx.io.bytestring/ByteString	<init>	constructor <init>(kotlin/ByteArray, kotlin/Int = ..., kotlin/Int = ...)	2	Suppress	none	@throws IndexOutOfBoundsException when [startIndex] or [endIndex] is out of range of [data] array indices.; @throws IllegalArgumentException when `startIndex > endIndex`.	bytestring/common/src/ByteString.kt:95;bytestring/common/src/ByteString.kt:79	jvm-30aa8296be3c5f34;jvm-bedfd05b84298a2a;jvm-d7e40c6cd1a94933;jvm-ad6910e194951687;jvm-bb133f7ca476ad6f;jvm-1f078f0f77bb40bc;jvm-f1214327955b8f5e	bytestring/common/test/ByteStringTest.kt#indexOfByteString;bytestring/common/test/ByteStringTest.kt#lastIndexOfByteString;bytestring/common/test/ByteStringTest.kt#startWithByteString;bytestring/common/test/ByteStringTest.kt#endsWithByteString	Sources/CompilerCore/Stdlib/kotlinx/io/bytestring/ByteString.kt:10	Tests/CompilerCoreTests/Sema/KotlinxIOByteStringSurfaceTests.swift;Tests/CompilerBackendTests/Integration/BundledStdlibExecutionTests+ByteString.swift;Tests/CompilerBackendTests/Integration/BundledStdlibExecutionTests+ByteStringCodec.swift	unverified	KUU-1725	in-scope common/native API	KLIB declaration key: kotlinx.io.bytestring/ByteString.<init>|<init>(kotlin.ByteArray;kotlin.Int;kotlin.Int){}; source declaration line: public constructor(data: ByteArray, startIndex: Int = 0, endIndex: Int = data.size) :; default expressions are preserved in the pinned source snapshot; no dedicated ByteString child issue exists in the current KUU-1725 child set
klib-5d6164d0dc5c0d36	bytestring	Kotlin source API / KLIB dump	common	function	yes	kotlinx.io.bytestring/ByteString	compareTo	final fun compareTo(kotlinx.io.bytestring/ByteString): kotlin/Int	0	none	none	not-declared-in-source	bytestring/common/src/ByteString.kt:231	jvm-d6e171298552600b;jvm-8f10a510ab2c5d37	bytestring/common/test/ByteStringTest.kt#compareTo	Sources/CompilerCore/Stdlib/kotlinx/io/bytestring/ByteString.kt:54	Tests/CompilerCoreTests/Sema/KotlinxIOByteStringSurfaceTests.swift;Tests/CompilerBackendTests/Integration/BundledStdlibExecutionTests+ByteString.swift;Tests/CompilerBackendTests/Integration/BundledStdlibExecutionTests+ByteStringCodec.swift	unverified	KUU-1725	in-scope common/native API	KLIB declaration key: kotlinx.io.bytestring/ByteString.compareTo|compareTo(kotlinx.io.bytestring.ByteString){}; source declaration line: override fun compareTo(other: ByteString): Int {; no dedicated ByteString child issue exists in the current KUU-1725 child set
klib-61d456e1445185b3	bytestring	Kotlin source API / KLIB dump	common	function	yes	kotlinx.io.bytestring	encodeIntoByteArray	final fun (kotlin.io.encoding/Base64).kotlinx.io.bytestring/encodeIntoByteArray(kotlinx.io.bytestring/ByteString, kotlin/ByteArray, kotlin/Int = ..., kotlin/Int = ..., kotlin/Int = ...): kotlin/Int	3	none	none	@throws IndexOutOfBoundsException when [startIndex] or [endIndex] is out of range of [source] byte string indices.; @throws IllegalArgumentException when `startIndex > endIndex`.; @throws IndexOutOfBoundsException when the resulting symbols don't fit into the [destination] array starting at the specified [destinationOffset],	bytestring/common/src/Base64.kt:54	jvm-a421cda2490680aa;jvm-e23d593d91c5c087	bytestring/common/test/ByteStringBase64Test.kt#testEncodeIntoByteArray	Sources/CompilerCore/Stdlib/kotlinx/io/bytestring/Base64.kt:55	Tests/CompilerCoreTests/Sema/KotlinxIOByteStringSurfaceTests.swift;Tests/CompilerBackendTests/Integration/BundledStdlibExecutionTests+ByteString.swift;Tests/CompilerBackendTests/Integration/BundledStdlibExecutionTests+ByteStringCodec.swift	unverified	KUU-1725	in-scope common/native API	KLIB declaration key: kotlinx.io.bytestring/encodeIntoByteArray|encodeIntoByteArray@kotlin.io.encoding.Base64(kotlinx.io.bytestring.ByteString;kotlin.ByteArray;kotlin.Int;kotlin.Int;kotlin.Int){}; source declaration line: public fun Base64.encodeIntoByteArray(; default expressions are preserved in the pinned source snapshot; no dedicated ByteString child issue exists in the current KUU-1725 child set
klib-6ac82acec38abefe	bytestring	Kotlin source API / KLIB dump	common	class	yes	kotlinx.io.bytestring/ByteString	ByteString	final class kotlinx.io.bytestring/ByteString : kotlin/Comparable<kotlinx.io.bytestring/ByteString> {	0	none	none	not-declared-in-source	bytestring/common/src/ByteString.kt:79	jvm-30aa8296be3c5f34;jvm-bedfd05b84298a2a;jvm-d7e40c6cd1a94933;jvm-ad6910e194951687;jvm-bb133f7ca476ad6f;jvm-1f078f0f77bb40bc;jvm-f1214327955b8f5e	bytestring/common/test/ByteStringTest.kt#indexOfByteString;bytestring/common/test/ByteStringTest.kt#lastIndexOfByteString;bytestring/common/test/ByteStringTest.kt#startWithByteString;bytestring/common/test/ByteStringTest.kt#endsWithByteString	Sources/CompilerCore/Stdlib/kotlinx/io/bytestring/ByteString.kt:10	Tests/CompilerCoreTests/Sema/KotlinxIOByteStringSurfaceTests.swift;Tests/CompilerBackendTests/Integration/BundledStdlibExecutionTests+ByteString.swift;Tests/CompilerBackendTests/Integration/BundledStdlibExecutionTests+ByteStringCodec.swift	unverified	KUU-1725	in-scope common/native API	KLIB declaration key: kotlinx.io.bytestring/ByteString|null; source declaration line: public class ByteString private constructor(; no dedicated ByteString child issue exists in the current KUU-1725 child set
klib-6f8d15cfbf83da14	bytestring	Kotlin source API / KLIB dump	common	function	yes	kotlinx.io.bytestring	indexOf	final fun (kotlinx.io.bytestring/ByteString).kotlinx.io.bytestring/indexOf(kotlin/Byte, kotlin/Int = ...): kotlin/Int	1	none	none	not-declared-in-source	bytestring/common/src/ByteString.kt:305;bytestring/common/src/ByteString.kt:327;bytestring/common/src/ByteString.kt:351	jvm-dd1b0c4275e7b25d;jvm-ac63549446f04df3;jvm-dccf6d21d2c910f6;jvm-d49996f4a43448e9;jvm-f0c73d7133f5a588;jvm-0a5972de7cfbf1ce	bytestring/common/test/ByteStringTest.kt#indexOfByte;bytestring/common/test/ByteStringTest.kt#indexOfByteArray;bytestring/common/test/ByteStringTest.kt#indexOfByteString;bytestring/common/test/ByteStringTest.kt#lastIndexOfByte;bytestring/common/test/ByteStringTest.kt#lastIndexOfByteArray;bytestring/common/test/ByteStringTest.kt#lastIndexOfByteString	Sources/CompilerCore/Stdlib/kotlinx/io/Buffer.kt:263;Sources/CompilerCore/Stdlib/kotlinx/io/ByteStrings.kt:59;Sources/CompilerCore/Stdlib/kotlinx/io/ByteStrings.kt:77;Sources/CompilerCore/Stdlib/kotlinx/io/Sources.kt:83;Sources/CompilerCore/Stdlib/kotlinx/io/Buffers.kt:44;Sources/CompilerCore/Stdlib/kotlinx/io/Segment.kt:417;Sources/CompilerCore/Stdlib/kotlinx/io/bytestring/ByteString.kt:126;Sources/CompilerCore/Stdlib/kotlinx/io/bytestring/ByteString.kt:135;Sources/CompilerCore/Stdlib/kotlinx/io/bytestring/ByteString.kt:138	Tests/CompilerCoreTests/Sema/KotlinxIOByteStringSurfaceTests.swift;Tests/CompilerBackendTests/Integration/BundledStdlibExecutionTests+ByteString.swift;Tests/CompilerBackendTests/Integration/BundledStdlibExecutionTests+ByteStringCodec.swift	unverified	KUU-1725	in-scope common/native API	KLIB declaration key: kotlinx.io.bytestring/indexOf|indexOf@kotlinx.io.bytestring.ByteString(kotlin.Byte;kotlin.Int){}; source declaration line: public fun ByteString.indexOf(byte: Byte, startIndex: Int = 0): Int {; default expressions are preserved in the pinned source snapshot; no dedicated ByteString child issue exists in the current KUU-1725 child set
klib-71f9420a3c56c708	bytestring	Kotlin source API / KLIB dump	common	function	yes	kotlinx.io.bytestring/ByteString	hashCode	final fun hashCode(): kotlin/Int	0	none	none	not-declared-in-source	bytestring/common/src/ByteString.kt:137	jvm-129e1fd2ff8f322b	bytestring/common/test/ByteStringTest.kt#equalsAndHashCode	Sources/CompilerCore/Stdlib/kotlinx/io/bytestring/ByteString.kt:52;Sources/CompilerCore/Stdlib/kotlinx/io/files/Paths.kt:45	Tests/CompilerCoreTests/Sema/KotlinxIOByteStringSurfaceTests.swift;Tests/CompilerBackendTests/Integration/BundledStdlibExecutionTests+ByteString.swift;Tests/CompilerBackendTests/Integration/BundledStdlibExecutionTests+ByteStringCodec.swift	unverified	KUU-1725	in-scope common/native API	KLIB declaration key: kotlinx.io.bytestring/ByteString.hashCode|hashCode(){}; source declaration line: override fun hashCode(): Int {; no dedicated ByteString child issue exists in the current KUU-1725 child set
klib-771b35c257c8cf6a	bytestring	Kotlin source API / KLIB dump	common	function	yes	kotlinx.io.bytestring/ByteString	get	final fun get(kotlin/Int): kotlin/Byte	0	none	none	@throws IndexOutOfBoundsException when [index] is negative or greater or equal to the [size].	bytestring/common/src/ByteString.kt:153	jvm-06882f161f36cfbe	bytestring/common/test/ByteStringTest.kt#get;bytestring/common/test/ByteStringTest.kt#getWithInvalidIndex	Sources/CompilerCore/Stdlib/kotlinx/io/Buffer.kt:244;Sources/CompilerCore/Stdlib/kotlinx/io/Sources.kt:157;Sources/CompilerCore/Stdlib/kotlinx/io/bytestring/ByteString.kt:23	Tests/CompilerCoreTests/Sema/KotlinxIOByteStringSurfaceTests.swift;Tests/CompilerBackendTests/Integration/BundledStdlibExecutionTests+ByteString.swift;Tests/CompilerBackendTests/Integration/BundledStdlibExecutionTests+ByteStringCodec.swift;Tests/RuntimeTests/RuntimeIoFileSystemTests.swift	unverified	KUU-1725	in-scope common/native API	KLIB declaration key: kotlinx.io.bytestring/ByteString.get|get(kotlin.Int){}; source declaration line: public operator fun get(index: Int): Byte {; no dedicated ByteString child issue exists in the current KUU-1725 child set
klib-784aceb83262b495	bytestring	Kotlin source API / KLIB dump	common	function	yes	kotlinx.io.bytestring	startsWith	final fun (kotlinx.io.bytestring/ByteString).kotlinx.io.bytestring/startsWith(kotlinx.io.bytestring/ByteString): kotlin/Boolean	0	none	none	not-declared-in-source	bytestring/common/src/ByteString.kt:438;bytestring/common/src/ByteString.kt:452	jvm-b8bfcde7aa065c40;jvm-92d073c6a4354dce	bytestring/common/test/ByteStringTest.kt#startsWithByteArray	Sources/CompilerCore/Stdlib/kotlinx/io/Sources.kt:157;Sources/CompilerCore/Stdlib/kotlinx/io/bytestring/ByteString.kt:173;Sources/CompilerCore/Stdlib/kotlinx/io/bytestring/ByteString.kt:175	Tests/CompilerCoreTests/Sema/KotlinxIOByteStringSurfaceTests.swift;Tests/CompilerBackendTests/Integration/BundledStdlibExecutionTests+ByteString.swift;Tests/CompilerBackendTests/Integration/BundledStdlibExecutionTests+ByteStringCodec.swift	unverified	KUU-1725	in-scope common/native API	KLIB declaration key: kotlinx.io.bytestring/startsWith|startsWith@kotlinx.io.bytestring.ByteString(kotlinx.io.bytestring.ByteString){}; source declaration line: public fun ByteString.startsWith(byteArray: ByteArray): Boolean = when {; no dedicated ByteString child issue exists in the current KUU-1725 child set
klib-7924258da3f788aa	bytestring	Kotlin source API / KLIB dump	common	function	yes	kotlinx.io.bytestring/ByteStringBuilder	toByteString	final fun toByteString(): kotlinx.io.bytestring/ByteString	0	none	none	not-declared-in-source	bytestring/common/src/ByteStringBuilder.kt:49	jvm-b8fec470020e8d48	bytestring/common/test/ByteStringBuilderTest.kt#suite-reference	Sources/CompilerCore/Stdlib/kotlinx/io/bytestring/ByteStringBuilder.kt:16	Tests/CompilerCoreTests/Sema/KotlinxIOByteStringSurfaceTests.swift;Tests/CompilerBackendTests/Integration/BundledStdlibExecutionTests+ByteString.swift;Tests/CompilerBackendTests/Integration/BundledStdlibExecutionTests+ByteStringCodec.swift	unverified	KUU-1725	in-scope common/native API	KLIB declaration key: kotlinx.io.bytestring/ByteStringBuilder.toByteString|toByteString(){}; source declaration line: public fun toByteString(): ByteString {; no dedicated ByteString child issue exists in the current KUU-1725 child set
klib-7be24b4f67123949	bytestring	Kotlin source API / KLIB dump	common	function	yes	kotlinx.io.bytestring	append	final fun (kotlinx.io.bytestring/ByteStringBuilder).kotlinx.io.bytestring/append(kotlin/UByte)	0	none	none	not-declared-in-source	bytestring/common/src/ByteStringBuilder.kt:64;bytestring/common/src/ByteStringBuilder.kt:79;bytestring/common/src/ByteStringBuilder.kt:107;bytestring/common/src/ByteStringBuilder.kt:112;bytestring/common/src/ByteStringBuilder.kt:119	jvm-64dd3c0aaee85177;jvm-d4a4376eb3204802;jvm-3f67722e2eb9cfc5	bytestring/common/test/ByteStringBuilderTest.kt#appendByte;bytestring/common/test/ByteStringBuilderTest.kt#appendBytes;bytestring/common/test/ByteStringBuilderTest.kt#appendUByte;bytestring/common/test/ByteStringBuilderTest.kt#appendArray;bytestring/common/test/ByteStringBuilderTest.kt#testAppendByteArrayWithInvalidIndices;bytestring/common/test/ByteStringBuilderTest.kt#appendByteString;bytestring/common/test/ByteStringBuilderTest.kt#appendMultipleValues	Sources/CompilerCore/Stdlib/kotlinx/io/bytestring/ByteStringBuilder.kt:25;Sources/CompilerCore/Stdlib/kotlinx/io/bytestring/ByteStringBuilder.kt:34;Sources/CompilerCore/Stdlib/kotlinx/io/bytestring/ByteStringBuilder.kt:38;Sources/CompilerCore/Stdlib/kotlinx/io/bytestring/ByteStringBuilder.kt:44;Sources/CompilerCore/Stdlib/kotlinx/io/bytestring/ByteStringBuilder.kt:58;Sources/CompilerCore/Stdlib/kotlinx/io/bytestring/ByteStringBuilder.kt:60;Sources/CompilerCore/Stdlib/kotlinx/io/bytestring/ByteStringBuilder.kt:63	Tests/CompilerCoreTests/Sema/KotlinxIOByteStringSurfaceTests.swift;Tests/CompilerBackendTests/Integration/BundledStdlibExecutionTests+ByteString.swift;Tests/CompilerBackendTests/Integration/BundledStdlibExecutionTests+ByteStringCodec.swift;Tests/RuntimeTests/RuntimeIoFileSystemTests.swift	unverified	KUU-1725	in-scope common/native API	KLIB declaration key: kotlinx.io.bytestring/append|append@kotlinx.io.bytestring.ByteStringBuilder(kotlin.UByte){}; source declaration line: public fun append(byte: Byte) {; no dedicated ByteString child issue exists in the current KUU-1725 child set
klib-7dc026044b757651	bytestring	Kotlin source API / KLIB dump	common	function	yes	kotlinx.io.bytestring	append	final fun (kotlinx.io.bytestring/ByteStringBuilder).kotlinx.io.bytestring/append(kotlinx.io.bytestring/ByteString)	0	none	none	not-declared-in-source	bytestring/common/src/ByteStringBuilder.kt:64;bytestring/common/src/ByteStringBuilder.kt:79;bytestring/common/src/ByteStringBuilder.kt:107;bytestring/common/src/ByteStringBuilder.kt:112;bytestring/common/src/ByteStringBuilder.kt:119	jvm-64dd3c0aaee85177;jvm-d4a4376eb3204802;jvm-3f67722e2eb9cfc5	bytestring/common/test/ByteStringBuilderTest.kt#appendByte;bytestring/common/test/ByteStringBuilderTest.kt#appendBytes;bytestring/common/test/ByteStringBuilderTest.kt#appendUByte;bytestring/common/test/ByteStringBuilderTest.kt#appendArray;bytestring/common/test/ByteStringBuilderTest.kt#testAppendByteArrayWithInvalidIndices;bytestring/common/test/ByteStringBuilderTest.kt#appendByteString;bytestring/common/test/ByteStringBuilderTest.kt#appendMultipleValues	Sources/CompilerCore/Stdlib/kotlinx/io/bytestring/ByteStringBuilder.kt:25;Sources/CompilerCore/Stdlib/kotlinx/io/bytestring/ByteStringBuilder.kt:34;Sources/CompilerCore/Stdlib/kotlinx/io/bytestring/ByteStringBuilder.kt:38;Sources/CompilerCore/Stdlib/kotlinx/io/bytestring/ByteStringBuilder.kt:44;Sources/CompilerCore/Stdlib/kotlinx/io/bytestring/ByteStringBuilder.kt:58;Sources/CompilerCore/Stdlib/kotlinx/io/bytestring/ByteStringBuilder.kt:60;Sources/CompilerCore/Stdlib/kotlinx/io/bytestring/ByteStringBuilder.kt:63	Tests/CompilerCoreTests/Sema/KotlinxIOByteStringSurfaceTests.swift;Tests/CompilerBackendTests/Integration/BundledStdlibExecutionTests+ByteString.swift;Tests/CompilerBackendTests/Integration/BundledStdlibExecutionTests+ByteStringCodec.swift;Tests/RuntimeTests/RuntimeIoFileSystemTests.swift	unverified	KUU-1725	in-scope common/native API	KLIB declaration key: kotlinx.io.bytestring/append|append@kotlinx.io.bytestring.ByteStringBuilder(kotlinx.io.bytestring.ByteString){}; source declaration line: public fun append(byte: Byte) {; no dedicated ByteString child issue exists in the current KUU-1725 child set
klib-81c0f707fbf38fac	bytestring	Kotlin source API / KLIB dump	common	function	yes	kotlinx.io.bytestring	encode	final fun (kotlin.io.encoding/Base64).kotlinx.io.bytestring/encode(kotlinx.io.bytestring/ByteString, kotlin/Int = ..., kotlin/Int = ...): kotlin/String	2	none	none	@throws IndexOutOfBoundsException when [startIndex] or [endIndex] is out of range of [source] byte string indices.; @throws IllegalArgumentException when `startIndex > endIndex`.	bytestring/common/src/Base64.kt:82	jvm-c8fb2f061b86cc49;jvm-865a0d5771611c1f	bytestring/common/test/ByteStringBase64Test.kt#testEncodeToByteArray;bytestring/common/test/ByteStringBase64Test.kt#testEncodeIntoByteArray;bytestring/common/test/ByteStringBase64Test.kt#testEncode	Sources/CompilerCore/Stdlib/kotlinx/io/bytestring/Base64.kt:83	Tests/CompilerCoreTests/Sema/KotlinxIOByteStringSurfaceTests.swift;Tests/CompilerBackendTests/Integration/BundledStdlibExecutionTests+ByteString.swift;Tests/CompilerBackendTests/Integration/BundledStdlibExecutionTests+ByteStringCodec.swift	unverified	KUU-1725	in-scope common/native API	KLIB declaration key: kotlinx.io.bytestring/encode|encode@kotlin.io.encoding.Base64(kotlinx.io.bytestring.ByteString;kotlin.Int;kotlin.Int){}; source declaration line: public fun Base64.encode(; default expressions are preserved in the pinned source snapshot; no dedicated ByteString child issue exists in the current KUU-1725 child set
klib-82806ba38fe9b8f8	bytestring	Kotlin source API / KLIB dump	common	function	yes	kotlinx.io.bytestring	toHexString	final fun (kotlinx.io.bytestring/ByteString).kotlinx.io.bytestring/toHexString(kotlin/Int = ..., kotlin/Int = ..., kotlin.text/HexFormat = ...): kotlin/String	3	none	none	@throws IllegalArgumentException if the result length is more than [String] maximum capacity.	bytestring/common/src/Hex.kt:17;bytestring/common/src/Hex.kt:34	jvm-ed1bf6724d4c5115;jvm-677d58829df7cd04;jvm-9bf7d3cad6cebd14;jvm-736bd7dedbf2e212	bytestring/common/test/ByteStringHexTest.kt#suite-reference	Sources/CompilerCore/Stdlib/kotlinx/io/-Util.kt:81;Sources/CompilerCore/Stdlib/kotlinx/io/-Util.kt:88;Sources/CompilerCore/Stdlib/kotlinx/io/-Util.kt:110;Sources/CompilerCore/Stdlib/kotlinx/io/bytestring/Hex.kt:28;Sources/CompilerCore/Stdlib/kotlinx/io/bytestring/Hex.kt:46	Tests/CompilerCoreTests/Sema/KotlinxIOByteStringSurfaceTests.swift;Tests/CompilerBackendTests/Integration/BundledStdlibExecutionTests+ByteString.swift;Tests/CompilerBackendTests/Integration/BundledStdlibExecutionTests+ByteStringCodec.swift	unverified	KUU-1725	in-scope common/native API	KLIB declaration key: kotlinx.io.bytestring/toHexString|toHexString@kotlinx.io.bytestring.ByteString(kotlin.Int;kotlin.Int;kotlin.text.HexFormat){}; source declaration line: public fun ByteString.toHexString(format: HexFormat = HexFormat.Default): String {; default expressions are preserved in the pinned source snapshot; no dedicated ByteString child issue exists in the current KUU-1725 child set
klib-85d81d97b55e0af8	bytestring	Kotlin source API / KLIB dump	common	function	yes	kotlinx.io.bytestring	indexOf	final fun (kotlinx.io.bytestring/ByteString).kotlinx.io.bytestring/indexOf(kotlinx.io.bytestring/ByteString, kotlin/Int = ...): kotlin/Int	1	none	none	not-declared-in-source	bytestring/common/src/ByteString.kt:305;bytestring/common/src/ByteString.kt:327;bytestring/common/src/ByteString.kt:351	jvm-dd1b0c4275e7b25d;jvm-ac63549446f04df3;jvm-dccf6d21d2c910f6;jvm-d49996f4a43448e9;jvm-f0c73d7133f5a588;jvm-0a5972de7cfbf1ce	bytestring/common/test/ByteStringTest.kt#indexOfByte;bytestring/common/test/ByteStringTest.kt#indexOfByteArray;bytestring/common/test/ByteStringTest.kt#indexOfByteString;bytestring/common/test/ByteStringTest.kt#lastIndexOfByte;bytestring/common/test/ByteStringTest.kt#lastIndexOfByteArray;bytestring/common/test/ByteStringTest.kt#lastIndexOfByteString	Sources/CompilerCore/Stdlib/kotlinx/io/Buffer.kt:263;Sources/CompilerCore/Stdlib/kotlinx/io/ByteStrings.kt:59;Sources/CompilerCore/Stdlib/kotlinx/io/ByteStrings.kt:77;Sources/CompilerCore/Stdlib/kotlinx/io/Sources.kt:83;Sources/CompilerCore/Stdlib/kotlinx/io/Buffers.kt:44;Sources/CompilerCore/Stdlib/kotlinx/io/Segment.kt:417;Sources/CompilerCore/Stdlib/kotlinx/io/bytestring/ByteString.kt:126;Sources/CompilerCore/Stdlib/kotlinx/io/bytestring/ByteString.kt:135;Sources/CompilerCore/Stdlib/kotlinx/io/bytestring/ByteString.kt:138	Tests/CompilerCoreTests/Sema/KotlinxIOByteStringSurfaceTests.swift;Tests/CompilerBackendTests/Integration/BundledStdlibExecutionTests+ByteString.swift;Tests/CompilerBackendTests/Integration/BundledStdlibExecutionTests+ByteStringCodec.swift	unverified	KUU-1725	in-scope common/native API	KLIB declaration key: kotlinx.io.bytestring/indexOf|indexOf@kotlinx.io.bytestring.ByteString(kotlinx.io.bytestring.ByteString;kotlin.Int){}; source declaration line: public fun ByteString.indexOf(byte: Byte, startIndex: Int = 0): Int {; default expressions are preserved in the pinned source snapshot; no dedicated ByteString child issue exists in the current KUU-1725 child set
klib-8b5e3dc06b358522	bytestring	Kotlin source API / KLIB dump	common	property	yes	kotlinx.io.bytestring/ByteStringBuilder	size	final val size	0	none	none	not-declared-in-source	bytestring/common/src/ByteStringBuilder.kt:35	jvm-6d7042d50e2eb728	bytestring/common/test/ByteStringBuilderTest.kt#resizeMultipleTimes;bytestring/common/test/ByteStringBuilderTest.kt#testSize	Sources/CompilerCore/Stdlib/kotlinx/io/Buffer.kt:48;Sources/CompilerCore/Stdlib/kotlinx/io/SourcesJvm.kt:47;Sources/CompilerCore/Stdlib/kotlinx/io/Segment.kt:331;Sources/CompilerCore/Stdlib/kotlinx/io/bytestring/ByteString.kt:21;Sources/CompilerCore/Stdlib/kotlinx/io/bytestring/ByteStringBuilder.kt:13;Sources/CompilerCore/Stdlib/kotlinx/io/internal/-Utf8.kt:147;Sources/CompilerCore/Stdlib/kotlinx/io/files/FileSystem.kt:69	Tests/CompilerCoreTests/Sema/KotlinxIOByteStringSurfaceTests.swift;Tests/CompilerBackendTests/Integration/BundledStdlibExecutionTests+ByteString.swift;Tests/CompilerBackendTests/Integration/BundledStdlibExecutionTests+KtorIOCoverage.swift;Tests/RuntimeTests/RuntimeIoFileSystemTests.swift	unverified	KUU-1725	in-scope common/native API	KLIB declaration key: kotlinx.io.bytestring/ByteStringBuilder.size|{}size; source declaration line: public val size: Int; no dedicated ByteString child issue exists in the current KUU-1725 child set
klib-8eb9402560ac1395	bytestring	Kotlin source API / KLIB dump	common	property	yes	kotlinx.io.bytestring	indices	final val kotlinx.io.bytestring/indices	0	BenignDataRace,PublishedApi,Suppress	none	@throws IndexOutOfBoundsException when [startIndex] or [endIndex] is out of range of [data] array indices.; @throws IllegalArgumentException when `startIndex > endIndex`.; @throws IndexOutOfBoundsException when [index] is negative or greater or equal to the [size].; @throws IndexOutOfBoundsException when [startIndex] or [endIndex] is out of range of byte string indices.; @throws IndexOutOfBoundsException when the subrange doesn't fit into the [destination] array starting at	bytestring/common/src/ByteString.kt:290	jvm-654e6fde2f3c3b0e	bytestring/common/test/ByteStringTest.kt#indices	Sources/CompilerCore/Stdlib/kotlinx/io/bytestring/ByteString.kt:113	Tests/CompilerCoreTests/Sema/KotlinxIOByteStringSurfaceTests.swift;Tests/CompilerBackendTests/Integration/BundledStdlibExecutionTests+ByteString.swift;Tests/CompilerBackendTests/Integration/BundledStdlibExecutionTests+ByteStringCodec.swift	unverified	KUU-1725	in-scope common/native API	KLIB declaration key: kotlinx.io.bytestring/indices|@kotlinx.io.bytestring.ByteString{}indices; source declaration line: public val ByteString.indices: IntRange; no dedicated ByteString child issue exists in the current KUU-1725 child set
klib-8fe21b6650324264	bytestring	Kotlin source API / KLIB dump	platform-only:androidNativeArm32, androidNativeArm64, androidNativeX64, androidNativeX86, iosArm64, iosSimulatorArm64, iosX64, js, linuxArm32Hfp, linuxArm64, linuxX64, macosArm64, macosX64, mingwX64, tvosArm64, tvosSimulatorArm64, tvosX64, wasmJs, wasmWasi, watchosArm32, watchosArm64, watchosDeviceArm64, watchosSimulatorArm64, watchosX64	annotation class	yes	kotlinx.io.bytestring.unsafe/UnsafeByteStringApi	UnsafeByteStringApi	open annotation class kotlinx.io.bytestring.unsafe/UnsafeByteStringApi : kotlin/Annotation {	0	MustBeDocumented,RequiresOptIn,Retention	none	not-declared-in-source	bytestring/common/src/unsafe/Annotations.kt:21	jvm-7915e4861d081be6	bytestring/common/test/ByteStringTest.kt#suite-reference	Sources/CompilerCore/Stdlib/kotlinx/io/bytestring/unsafe/Annotations.kt:7	Tests/CompilerBackendTests/Integration/BundledStdlibExecutionTests+ByteString.swift	unverified	KUU-1725	in-scope common/native API	KLIB declaration key: kotlinx.io.bytestring.unsafe/UnsafeByteStringApi|null; source declaration line: public annotation class UnsafeByteStringApi; no dedicated ByteString child issue exists in the current KUU-1725 child set
klib-93a8b936faee30d7	bytestring	Kotlin source API / KLIB dump	common	source-property-accessor	no	kotlinx.io.bytestring	indices	final fun (kotlinx.io.bytestring/ByteString).<get-indices>(): kotlin.ranges/IntRange	0	BenignDataRace,PublishedApi,Suppress	none	@throws IndexOutOfBoundsException when [startIndex] or [endIndex] is out of range of [data] array indices.; @throws IllegalArgumentException when `startIndex > endIndex`.; @throws IndexOutOfBoundsException when [index] is negative or greater or equal to the [size].; @throws IndexOutOfBoundsException when [startIndex] or [endIndex] is out of range of byte string indices.; @throws IndexOutOfBoundsException when the subrange doesn't fit into the [destination] array starting at	bytestring/common/src/ByteString.kt:290	jvm-654e6fde2f3c3b0e	bytestring/common/test/ByteStringTest.kt#indices	Sources/CompilerCore/Stdlib/kotlinx/io/bytestring/ByteString.kt:113	Tests/CompilerCoreTests/Sema/KotlinxIOByteStringSurfaceTests.swift;Tests/CompilerBackendTests/Integration/BundledStdlibExecutionTests+ByteString.swift;Tests/CompilerBackendTests/Integration/BundledStdlibExecutionTests+ByteStringCodec.swift	unverified	KUU-1725	in-scope common/native API	KLIB declaration key: kotlinx.io.bytestring/indices.<get-indices>|<get-indices>@kotlinx.io.bytestring.ByteString(){}; source declaration line: public val ByteString.indices: IntRange; accessor is linked to a source property and is not a separate callable API; no dedicated ByteString child issue exists in the current KUU-1725 child set
klib-95ecf7a5c44877fd	bytestring	Kotlin source API / KLIB dump	common	function	yes	kotlinx.io.bytestring	startsWith	final fun (kotlinx.io.bytestring/ByteString).kotlinx.io.bytestring/startsWith(kotlin/ByteArray): kotlin/Boolean	0	none	none	not-declared-in-source	bytestring/common/src/ByteString.kt:438;bytestring/common/src/ByteString.kt:452	jvm-b8bfcde7aa065c40;jvm-92d073c6a4354dce	bytestring/common/test/ByteStringTest.kt#startsWithByteArray	Sources/CompilerCore/Stdlib/kotlinx/io/Sources.kt:157;Sources/CompilerCore/Stdlib/kotlinx/io/bytestring/ByteString.kt:173;Sources/CompilerCore/Stdlib/kotlinx/io/bytestring/ByteString.kt:175	Tests/CompilerCoreTests/Sema/KotlinxIOByteStringSurfaceTests.swift;Tests/CompilerBackendTests/Integration/BundledStdlibExecutionTests+ByteString.swift;Tests/CompilerBackendTests/Integration/BundledStdlibExecutionTests+ByteStringCodec.swift	unverified	KUU-1725	in-scope common/native API	KLIB declaration key: kotlinx.io.bytestring/startsWith|startsWith@kotlinx.io.bytestring.ByteString(kotlin.ByteArray){}; source declaration line: public fun ByteString.startsWith(byteArray: ByteArray): Boolean = when {; no dedicated ByteString child issue exists in the current KUU-1725 child set
klib-97b03a52b446f7a8	bytestring	Kotlin source API / KLIB dump	common	function	yes	kotlinx.io.bytestring/ByteString	equals	final fun equals(kotlin/Any?): kotlin/Boolean	0	none	none	not-declared-in-source	bytestring/common/src/ByteString.kt:123	jvm-c51cc8af8d3e550c	bytestring/common/test/ByteStringTest.kt#equalsAndHashCode;bytestring/common/test/ByteStringTest.kt#contentEquals	Sources/CompilerCore/Stdlib/kotlinx/io/bytestring/ByteString.kt:46;Sources/CompilerCore/Stdlib/kotlinx/io/files/Paths.kt:46	Tests/CompilerCoreTests/Sema/KotlinxIOByteStringSurfaceTests.swift;Tests/CompilerBackendTests/Integration/BundledStdlibExecutionTests+ByteString.swift;Tests/CompilerBackendTests/Integration/BundledStdlibExecutionTests+ByteStringCodec.swift	unverified	KUU-1725	in-scope common/native API	KLIB declaration key: kotlinx.io.bytestring/ByteString.equals|equals(kotlin.Any?){}; source declaration line: override fun equals(other: Any?): Boolean {; no dedicated ByteString child issue exists in the current KUU-1725 child set
klib-a9d4f29aa2f8d0a7	bytestring	Kotlin source API / KLIB dump	common	function	yes	kotlinx.io.bytestring	endsWith	final fun (kotlinx.io.bytestring/ByteString).kotlinx.io.bytestring/endsWith(kotlin/ByteArray): kotlin/Boolean	0	none	none	not-declared-in-source	bytestring/common/src/ByteString.kt:467;bytestring/common/src/ByteString.kt:481	jvm-606d6e26d2961549;jvm-7f40652dd3bffb1f	bytestring/common/test/ByteStringTest.kt#endsWithByteArray;bytestring/common/test/ByteStringTest.kt#endsWithByteString	Sources/CompilerCore/Stdlib/kotlinx/io/bytestring/ByteString.kt:177;Sources/CompilerCore/Stdlib/kotlinx/io/bytestring/ByteString.kt:179	Tests/CompilerCoreTests/Sema/KotlinxIOByteStringSurfaceTests.swift;Tests/CompilerBackendTests/Integration/BundledStdlibExecutionTests+ByteString.swift;Tests/CompilerBackendTests/Integration/BundledStdlibExecutionTests+ByteStringCodec.swift	unverified	KUU-1725	in-scope common/native API	KLIB declaration key: kotlinx.io.bytestring/endsWith|endsWith@kotlinx.io.bytestring.ByteString(kotlin.ByteArray){}; source declaration line: public fun ByteString.endsWith(byteArray: ByteArray): Boolean = when {; no dedicated ByteString child issue exists in the current KUU-1725 child set
klib-aada9b079769b5b8	bytestring	Kotlin source API / KLIB dump	common	function	yes	kotlinx.io.bytestring	decodeToByteString	final fun (kotlin.io.encoding/Base64).kotlinx.io.bytestring/decodeToByteString(kotlin/CharSequence, kotlin/Int = ..., kotlin/Int = ...): kotlinx.io.bytestring/ByteString	2	none	none	@throws IndexOutOfBoundsException when [startIndex] or [endIndex] is out of range of [source] indices.; @throws IllegalArgumentException when `startIndex > endIndex`.; @throws IllegalArgumentException when the symbols for decoding are padded incorrectly or there are extra symbols after the padding.	bytestring/common/src/Base64.kt:158;bytestring/common/src/Base64.kt:212;bytestring/common/src/Base64.kt:234	jvm-e8fc687bd5ff9c9e;jvm-a4f1a27b40cf9145;jvm-d36ffe81f8e78b45;jvm-0a7391fd7c844ff7;jvm-ebe766fdf289f961;jvm-1ba14d2113458d26	bytestring/common/test/ByteStringBase64Test.kt#testDecodeToByteString;bytestring/common/test/ByteStringBase64Test.kt#testByteArrayDecodeToByteString;bytestring/common/test/ByteStringBase64Test.kt#testByteStringDecodeToByteString	Sources/CompilerCore/Stdlib/kotlinx/io/bytestring/Base64.kt:159;Sources/CompilerCore/Stdlib/kotlinx/io/bytestring/Base64.kt:213;Sources/CompilerCore/Stdlib/kotlinx/io/bytestring/Base64.kt:235	Tests/CompilerCoreTests/Sema/KotlinxIOByteStringSurfaceTests.swift;Tests/CompilerBackendTests/Integration/BundledStdlibExecutionTests+ByteString.swift;Tests/CompilerBackendTests/Integration/BundledStdlibExecutionTests+ByteStringCodec.swift	unverified	KUU-1725	in-scope common/native API	KLIB declaration key: kotlinx.io.bytestring/decodeToByteString|decodeToByteString@kotlin.io.encoding.Base64(kotlin.CharSequence;kotlin.Int;kotlin.Int){}; source declaration line: public fun Base64.decodeToByteString(source: CharSequence, startIndex: Int = 0, endIndex: Int = source.length): ByteString {; default expressions are preserved in the pinned source snapshot; no dedicated ByteString child issue exists in the current KUU-1725 child set
klib-ae9bd202449ab479	bytestring	Kotlin source API / KLIB dump	common	function	yes	kotlinx.io.bytestring/ByteStringBuilder	append	final fun append(kotlin/ByteArray, kotlin/Int = ..., kotlin/Int = ...)	2	none	none	not-declared-in-source	bytestring/common/src/ByteStringBuilder.kt:64;bytestring/common/src/ByteStringBuilder.kt:79;bytestring/common/src/ByteStringBuilder.kt:107;bytestring/common/src/ByteStringBuilder.kt:112;bytestring/common/src/ByteStringBuilder.kt:119	jvm-9fc31fd97aefd7c5;jvm-2d676665c47500b4;jvm-0de664be9f7d0a3a;jvm-64dd3c0aaee85177;jvm-d4a4376eb3204802;jvm-3f67722e2eb9cfc5	bytestring/common/test/ByteStringBuilderTest.kt#appendByte;bytestring/common/test/ByteStringBuilderTest.kt#appendBytes;bytestring/common/test/ByteStringBuilderTest.kt#appendUByte;bytestring/common/test/ByteStringBuilderTest.kt#appendArray;bytestring/common/test/ByteStringBuilderTest.kt#testAppendByteArrayWithInvalidIndices;bytestring/common/test/ByteStringBuilderTest.kt#appendByteString;bytestring/common/test/ByteStringBuilderTest.kt#appendMultipleValues	Sources/CompilerCore/Stdlib/kotlinx/io/bytestring/ByteStringBuilder.kt:25;Sources/CompilerCore/Stdlib/kotlinx/io/bytestring/ByteStringBuilder.kt:34;Sources/CompilerCore/Stdlib/kotlinx/io/bytestring/ByteStringBuilder.kt:38;Sources/CompilerCore/Stdlib/kotlinx/io/bytestring/ByteStringBuilder.kt:44;Sources/CompilerCore/Stdlib/kotlinx/io/bytestring/ByteStringBuilder.kt:58;Sources/CompilerCore/Stdlib/kotlinx/io/bytestring/ByteStringBuilder.kt:60;Sources/CompilerCore/Stdlib/kotlinx/io/bytestring/ByteStringBuilder.kt:63	Tests/CompilerBackendTests/Integration/BundledStdlibExecutionTests+ByteString.swift;Tests/CompilerBackendTests/Integration/BundledStdlibExecutionTests+ByteStringCodec.swift;Tests/RuntimeTests/RuntimeIoFileSystemTests.swift	unverified	KUU-1725	in-scope common/native API	KLIB declaration key: kotlinx.io.bytestring/ByteStringBuilder.append|append(kotlin.ByteArray;kotlin.Int;kotlin.Int){}; source declaration line: public fun append(byte: Byte) {; default expressions are preserved in the pinned source snapshot; no dedicated ByteString child issue exists in the current KUU-1725 child set
klib-b3c4163f48365984	bytestring	Kotlin source API / KLIB dump	common	object	yes	kotlinx.io.bytestring/ByteString.Companion	Companion	final object Companion	0	none	none	not-declared-in-source	bytestring/common/src/ByteString.kt:101		bytestring/common/test/ByteStringTest.kt#suite-reference	Sources/CompilerCore/Stdlib/kotlinx/io/Segment.kt:398;Sources/CompilerCore/Stdlib/kotlinx/io/bytestring/ByteString.kt:14	none	unverified	KUU-1725	in-scope common/native API	KLIB declaration key: kotlinx.io.bytestring/ByteString.Companion|null; source declaration line: public companion object {; no dedicated ByteString child issue exists in the current KUU-1725 child set
klib-b3facb03c7099028	bytestring	Kotlin source API / KLIB dump	common	function	yes	kotlinx.io.bytestring.unsafe/UnsafeByteStringOperations	withByteArrayUnsafe	final inline fun withByteArrayUnsafe(kotlinx.io.bytestring/ByteString, kotlin/Function1<kotlin/ByteArray, kotlin/Unit>)	0	none	none	not-declared-in-source	bytestring/common/src/unsafe/UnsafeByteStringOperations.kt:38	jvm-cbb9ca5b162aa4ef	bytestring/common/test/unsafe/UnsafeByteStringOperationsTest.kt#suite-reference	Sources/CompilerCore/Stdlib/kotlinx/io/bytestring/unsafe/UnsafeByteStringOperations.kt:10	Tests/CompilerBackendTests/Integration/BundledStdlibExecutionTests+ByteString.swift	unverified	KUU-1725	in-scope common/native API	KLIB declaration key: kotlinx.io.bytestring.unsafe/UnsafeByteStringOperations.withByteArrayUnsafe|withByteArrayUnsafe(kotlinx.io.bytestring.ByteString;kotlin.Function1<kotlin.ByteArray,kotlin.Unit>){}; source declaration line: public inline fun withByteArrayUnsafe(byteString: ByteString, block: (ByteArray) -> Unit) {; no dedicated ByteString child issue exists in the current KUU-1725 child set
klib-b426803ce4c1adcb	bytestring	Kotlin source API / KLIB dump	common	source-property-accessor	no	kotlinx.io.bytestring/ByteStringBuilder	capacity	final fun <get-capacity>(): kotlin/Int	0	none	none	not-declared-in-source	bytestring/common/src/ByteStringBuilder.kt:41	jvm-d4f19a85152662aa	bytestring/common/test/ByteStringBuilderTest.kt#testCapacity	Sources/CompilerCore/Stdlib/kotlinx/io/bytestring/ByteStringBuilder.kt:14;Sources/CompilerCore/Stdlib/kotlinx/io/bytestring/ByteStringBuilder.kt:69	Tests/CompilerBackendTests/Integration/BundledStdlibExecutionTests+ByteString.swift	unverified	KUU-1725	in-scope common/native API	KLIB declaration key: kotlinx.io.bytestring/ByteStringBuilder.capacity.<get-capacity>|<get-capacity>(){}; source declaration line: public val capacity: Int; accessor is linked to a source property and is not a separate callable API; no dedicated ByteString child issue exists in the current KUU-1725 child set
klib-b8c0f5c01e53eba4	bytestring	Kotlin source API / KLIB dump	common	function	yes	kotlinx.io.bytestring	append	final fun (kotlinx.io.bytestring/ByteStringBuilder).kotlinx.io.bytestring/append(kotlin/ByteArray...)	0	none	none	not-declared-in-source	bytestring/common/src/ByteStringBuilder.kt:64;bytestring/common/src/ByteStringBuilder.kt:79;bytestring/common/src/ByteStringBuilder.kt:107;bytestring/common/src/ByteStringBuilder.kt:112;bytestring/common/src/ByteStringBuilder.kt:119	jvm-64dd3c0aaee85177;jvm-d4a4376eb3204802;jvm-3f67722e2eb9cfc5	bytestring/common/test/ByteStringBuilderTest.kt#appendByte;bytestring/common/test/ByteStringBuilderTest.kt#appendBytes;bytestring/common/test/ByteStringBuilderTest.kt#appendUByte;bytestring/common/test/ByteStringBuilderTest.kt#appendArray;bytestring/common/test/ByteStringBuilderTest.kt#testAppendByteArrayWithInvalidIndices;bytestring/common/test/ByteStringBuilderTest.kt#appendByteString;bytestring/common/test/ByteStringBuilderTest.kt#appendMultipleValues	Sources/CompilerCore/Stdlib/kotlinx/io/bytestring/ByteStringBuilder.kt:25;Sources/CompilerCore/Stdlib/kotlinx/io/bytestring/ByteStringBuilder.kt:34;Sources/CompilerCore/Stdlib/kotlinx/io/bytestring/ByteStringBuilder.kt:38;Sources/CompilerCore/Stdlib/kotlinx/io/bytestring/ByteStringBuilder.kt:44;Sources/CompilerCore/Stdlib/kotlinx/io/bytestring/ByteStringBuilder.kt:58;Sources/CompilerCore/Stdlib/kotlinx/io/bytestring/ByteStringBuilder.kt:60;Sources/CompilerCore/Stdlib/kotlinx/io/bytestring/ByteStringBuilder.kt:63	Tests/CompilerCoreTests/Sema/KotlinxIOByteStringSurfaceTests.swift;Tests/CompilerBackendTests/Integration/BundledStdlibExecutionTests+ByteString.swift;Tests/CompilerBackendTests/Integration/BundledStdlibExecutionTests+ByteStringCodec.swift;Tests/RuntimeTests/RuntimeIoFileSystemTests.swift	unverified	KUU-1725	in-scope common/native API	KLIB declaration key: kotlinx.io.bytestring/append|append@kotlinx.io.bytestring.ByteStringBuilder(kotlin.ByteArray...){}; source declaration line: public fun append(byte: Byte) {; no dedicated ByteString child issue exists in the current KUU-1725 child set
klib-b8c4ea47b33d74eb	bytestring	Kotlin source API / KLIB dump	common	function	yes	kotlinx.io.bytestring	lastIndexOf	final fun (kotlinx.io.bytestring/ByteString).kotlinx.io.bytestring/lastIndexOf(kotlin/ByteArray, kotlin/Int = ...): kotlin/Int	1	none	none	not-declared-in-source	bytestring/common/src/ByteString.kt:375;bytestring/common/src/ByteString.kt:397;bytestring/common/src/ByteString.kt:419	jvm-c9f10f208f38bd1f;jvm-cb1c6e8bc2d555aa;jvm-0bf4366d5e02e7ac;jvm-810539f04f1dc7a9;jvm-57d6ca219cd3aaa0;jvm-4acb56be62f8c547	bytestring/common/test/ByteStringTest.kt#lastIndexOfByte;bytestring/common/test/ByteStringTest.kt#lastIndexOfByteArray;bytestring/common/test/ByteStringTest.kt#lastIndexOfByteString	Sources/CompilerCore/Stdlib/kotlinx/io/bytestring/ByteString.kt:149;Sources/CompilerCore/Stdlib/kotlinx/io/bytestring/ByteString.kt:159;Sources/CompilerCore/Stdlib/kotlinx/io/bytestring/ByteString.kt:162	Tests/CompilerCoreTests/Sema/KotlinxIOByteStringSurfaceTests.swift;Tests/CompilerBackendTests/Integration/BundledStdlibExecutionTests+ByteString.swift;Tests/CompilerBackendTests/Integration/BundledStdlibExecutionTests+ByteStringCodec.swift	unverified	KUU-1725	in-scope common/native API	KLIB declaration key: kotlinx.io.bytestring/lastIndexOf|lastIndexOf@kotlinx.io.bytestring.ByteString(kotlin.ByteArray;kotlin.Int){}; source declaration line: public fun ByteString.lastIndexOf(byte: Byte, startIndex: Int = 0): Int {; default expressions are preserved in the pinned source snapshot; no dedicated ByteString child issue exists in the current KUU-1725 child set
klib-bb1a86c235fe5d90	bytestring	Kotlin source API / KLIB dump	common	class	yes	kotlinx.io.bytestring/ByteStringBuilder	ByteStringBuilder	final class kotlinx.io.bytestring/ByteStringBuilder {	0	none	none	not-declared-in-source	bytestring/common/src/ByteStringBuilder.kt:28	jvm-1d1d46e584ca16cc;jvm-4c5b809c5600e77b;jvm-4feead0669158f4a;jvm-f183ae0aeeced795	bytestring/common/test/ByteStringBuilderTest.kt#suite-reference	Sources/CompilerCore/Stdlib/kotlinx/io/bytestring/ByteStringBuilder.kt:9	Tests/CompilerBackendTests/Integration/BundledStdlibExecutionTests+ByteString.swift	unverified	KUU-1725	in-scope common/native API	KLIB declaration key: kotlinx.io.bytestring/ByteStringBuilder|null; source declaration line: public class ByteStringBuilder(initialCapacity: Int = 0) {; no dedicated ByteString child issue exists in the current KUU-1725 child set
klib-be8b25c44d1b4769	bytestring	Kotlin source API / KLIB dump	common	function	yes	kotlinx.io.bytestring	decodeToString	final fun (kotlinx.io.bytestring/ByteString).kotlinx.io.bytestring/decodeToString(): kotlin/String	0	none	none	not-declared-in-source	bytestring/common/src/ByteString.kt:529;bytestring/jvm/src/ByteStringJvmExt.kt:19	jvm-7022588e1be6eff8;jvm-257d826c5778dbee	bytestring/common/test/ByteStringTest.kt#suite-reference;bytestring/jvm/test/ByteStringByteBufferExtensionsTest.kt#suite-reference;bytestring/jvm/test/ByteStringJvmTest.kt#decodeToString	Sources/CompilerCore/Stdlib/kotlinx/io/bytestring/ByteString.kt:182	Tests/CompilerCoreTests/Sema/KotlinxIOByteStringSurfaceTests.swift;Tests/CompilerBackendTests/Integration/BundledStdlibExecutionTests+ByteString.swift;Tests/CompilerBackendTests/Integration/BundledStdlibExecutionTests+ByteStringCodec.swift	unverified	KUU-1725	in-scope common/native API	KLIB declaration key: kotlinx.io.bytestring/decodeToString|decodeToString@kotlinx.io.bytestring.ByteString(){}; source declaration line: public fun ByteString.decodeToString(): String {; no dedicated ByteString child issue exists in the current KUU-1725 child set
klib-c0f160e916c84945	bytestring	Kotlin source API / KLIB dump	common	function	yes	kotlinx.io.bytestring	ByteString	final fun kotlinx.io.bytestring/ByteString(): kotlinx.io.bytestring/ByteString	0	none	none	not-declared-in-source	bytestring/common/src/ByteString.kt:35;bytestring/common/src/ByteString.kt:52;bytestring/common/src/ByteString.kt:64;bytestring/common/src/ByteString.kt:107	jvm-bb133f7ca476ad6f;jvm-1f078f0f77bb40bc;jvm-f1214327955b8f5e	bytestring/common/test/ByteStringTest.kt#indexOfByteString;bytestring/common/test/ByteStringTest.kt#lastIndexOfByteString;bytestring/common/test/ByteStringTest.kt#startWithByteString;bytestring/common/test/ByteStringTest.kt#endsWithByteString	Sources/CompilerCore/Stdlib/kotlinx/io/bytestring/ByteString.kt:18;Sources/CompilerCore/Stdlib/kotlinx/io/bytestring/ByteString.kt:88;Sources/CompilerCore/Stdlib/kotlinx/io/bytestring/ByteString.kt:90;Sources/CompilerCore/Stdlib/kotlinx/io/bytestring/ByteString.kt:102	Tests/CompilerCoreTests/Sema/KotlinxIOByteStringSurfaceTests.swift;Tests/CompilerBackendTests/Integration/BundledStdlibExecutionTests+ByteString.swift;Tests/CompilerBackendTests/Integration/BundledStdlibExecutionTests+ByteStringCodec.swift	unverified	KUU-1725	in-scope common/native API	KLIB declaration key: kotlinx.io.bytestring/ByteString|ByteString(){}; source declaration line: public fun ByteString(vararg bytes: Byte): ByteString = if (bytes.isEmpty()) {; no dedicated ByteString child issue exists in the current KUU-1725 child set
klib-c43c18bee4ac34f0	bytestring	Kotlin source API / KLIB dump	common	constructor	yes	kotlinx.io.bytestring/ByteStringBuilder	<init>	constructor <init>(kotlin/Int = ...)	1	none	none	not-declared-in-source	bytestring/common/src/ByteStringBuilder.kt:28	jvm-1d1d46e584ca16cc;jvm-4c5b809c5600e77b;jvm-4feead0669158f4a;jvm-f183ae0aeeced795	bytestring/common/test/ByteStringBuilderTest.kt#suite-reference	Sources/CompilerCore/Stdlib/kotlinx/io/bytestring/ByteStringBuilder.kt:9	Tests/CompilerBackendTests/Integration/BundledStdlibExecutionTests+ByteString.swift	unverified	KUU-1725	in-scope common/native API	KLIB declaration key: kotlinx.io.bytestring/ByteStringBuilder.<init>|<init>(kotlin.Int){}; source declaration line: public class ByteStringBuilder(initialCapacity: Int = 0) {; default expressions are preserved in the pinned source snapshot; no dedicated ByteString child issue exists in the current KUU-1725 child set
klib-c7f1b2f55bd05ce9	bytestring	Kotlin source API / KLIB dump	common	function	yes	kotlinx.io.bytestring	encodeToByteString	final fun (kotlin/String).kotlinx.io.bytestring/encodeToByteString(): kotlinx.io.bytestring/ByteString	0	none	none	not-declared-in-source	bytestring/common/src/ByteString.kt:538;bytestring/jvm/src/ByteStringJvmExt.kt:26	jvm-eecfbff816606455;jvm-d676a019a65e0ea9	bytestring/common/test/ByteStringTest.kt#suite-reference;bytestring/jvm/test/ByteStringByteBufferExtensionsTest.kt#suite-reference;bytestring/jvm/test/ByteStringJvmTest.kt#suite-reference	Sources/CompilerCore/Stdlib/kotlinx/io/bytestring/ByteString.kt:187	Tests/CompilerCoreTests/Sema/KotlinxIOByteStringSurfaceTests.swift;Tests/CompilerBackendTests/Integration/BundledStdlibExecutionTests+ByteString.swift;Tests/CompilerBackendTests/Integration/BundledStdlibExecutionTests+ByteStringCodec.swift	unverified	KUU-1725	in-scope common/native API	KLIB declaration key: kotlinx.io.bytestring/encodeToByteString|encodeToByteString@kotlin.String(){}; source declaration line: public fun String.encodeToByteString(): ByteString {; no dedicated ByteString child issue exists in the current KUU-1725 child set
klib-c859368e54032355	bytestring	Kotlin source API / KLIB dump	common	function	yes	kotlinx.io.bytestring	encodeToByteArray	final fun (kotlin.io.encoding/Base64).kotlinx.io.bytestring/encodeToByteArray(kotlinx.io.bytestring/ByteString, kotlin/Int = ..., kotlin/Int = ...): kotlin/ByteArray	2	none	none	@throws IndexOutOfBoundsException when [startIndex] or [endIndex] is out of range of [source] byte string indices.; @throws IllegalArgumentException when `startIndex > endIndex`.	bytestring/common/src/Base64.kt:30	jvm-9b5cb5d0ca0978d3;jvm-4f2b0ca1c3161191	bytestring/common/test/ByteStringBase64Test.kt#testEncodeToByteArray	Sources/CompilerCore/Stdlib/kotlinx/io/bytestring/ByteString.kt:187;Sources/CompilerCore/Stdlib/kotlinx/io/bytestring/Base64.kt:31	Tests/CompilerCoreTests/Sema/KotlinxIOByteStringSurfaceTests.swift;Tests/CompilerBackendTests/Integration/BundledStdlibExecutionTests+ByteString.swift;Tests/CompilerBackendTests/Integration/BundledStdlibExecutionTests+ByteStringCodec.swift	unverified	KUU-1725	in-scope common/native API	KLIB declaration key: kotlinx.io.bytestring/encodeToByteArray|encodeToByteArray@kotlin.io.encoding.Base64(kotlinx.io.bytestring.ByteString;kotlin.Int;kotlin.Int){}; source declaration line: public fun Base64.encodeToByteArray(source: ByteString, startIndex: Int = 0, endIndex: Int = source.size): ByteArray {; default expressions are preserved in the pinned source snapshot; no dedicated ByteString child issue exists in the current KUU-1725 child set
klib-d0fcd12bd08dd253	bytestring	Kotlin source API / KLIB dump	apple-only	function	yes	kotlinx.io.bytestring	toNSData	final fun (kotlinx.io.bytestring/ByteString).kotlinx.io.bytestring/toNSData(): platform.Foundation/NSData	0	OptIn	none	not-declared-in-source	bytestring/apple/src/ByteStringApple.kt:20		bytestring/apple/test/ByteStringAppleTest.kt#toNSData;bytestring/apple/test/ByteStringAppleTest.kt#toNSDataDataIntegrity	none	Tests/CompilerCoreTests/Sema/KotlinxIOByteStringSurfaceTests.swift;Tests/CompilerBackendTests/Integration/BundledStdlibExecutionTests+ByteString.swift;Tests/CompilerBackendTests/Integration/BundledStdlibExecutionTests+ByteStringCodec.swift	missing	KUU-1725	in-scope Apple API	KLIB declaration key: kotlinx.io.bytestring/toNSData|toNSData@kotlinx.io.bytestring.ByteString(){}; source declaration line: public fun ByteString.toNSData(): NSData {; no dedicated ByteString child issue exists in the current KUU-1725 child set
klib-d1cb273bd1667eae	bytestring	Kotlin source API / KLIB dump	common	function	yes	kotlinx.io.bytestring	ByteString	final fun kotlinx.io.bytestring/ByteString(kotlin/UByteArray...): kotlinx.io.bytestring/ByteString	0	none	none	not-declared-in-source	bytestring/common/src/ByteString.kt:35;bytestring/common/src/ByteString.kt:52;bytestring/common/src/ByteString.kt:64;bytestring/common/src/ByteString.kt:107	jvm-bb133f7ca476ad6f;jvm-1f078f0f77bb40bc;jvm-f1214327955b8f5e	bytestring/common/test/ByteStringTest.kt#indexOfByteString;bytestring/common/test/ByteStringTest.kt#lastIndexOfByteString;bytestring/common/test/ByteStringTest.kt#startWithByteString;bytestring/common/test/ByteStringTest.kt#endsWithByteString	Sources/CompilerCore/Stdlib/kotlinx/io/bytestring/ByteString.kt:18;Sources/CompilerCore/Stdlib/kotlinx/io/bytestring/ByteString.kt:88;Sources/CompilerCore/Stdlib/kotlinx/io/bytestring/ByteString.kt:90;Sources/CompilerCore/Stdlib/kotlinx/io/bytestring/ByteString.kt:102	Tests/CompilerCoreTests/Sema/KotlinxIOByteStringSurfaceTests.swift;Tests/CompilerBackendTests/Integration/BundledStdlibExecutionTests+ByteString.swift;Tests/CompilerBackendTests/Integration/BundledStdlibExecutionTests+ByteStringCodec.swift	unverified	KUU-1725	in-scope common/native API	KLIB declaration key: kotlinx.io.bytestring/ByteString|ByteString(kotlin.UByteArray...){}; source declaration line: public fun ByteString(vararg bytes: Byte): ByteString = if (bytes.isEmpty()) {; no dedicated ByteString child issue exists in the current KUU-1725 child set
klib-d277df79b7105ad5	bytestring	Kotlin source API / KLIB dump	common	function	yes	kotlinx.io.bytestring	buildByteString	final inline fun kotlinx.io.bytestring/buildByteString(kotlin/Int = ..., kotlin/Function1<kotlinx.io.bytestring/ByteStringBuilder, kotlin/Unit>): kotlinx.io.bytestring/ByteString	1	none	none	not-declared-in-source	bytestring/common/src/ByteStringBuilder.kt:126	jvm-98dd33934c61a333;jvm-827d471d59e105ce	bytestring/common/test/ByteStringBuilderTest.kt#suite-reference	Sources/CompilerCore/Stdlib/kotlinx/io/bytestring/ByteStringBuilder.kt:77	Tests/CompilerCoreTests/Sema/KotlinxIOByteStringSurfaceTests.swift;Tests/CompilerBackendTests/Integration/BundledStdlibExecutionTests+ByteString.swift;Tests/CompilerBackendTests/Integration/BundledStdlibExecutionTests+ByteStringCodec.swift	unverified	KUU-1725	in-scope common/native API	KLIB declaration key: kotlinx.io.bytestring/buildByteString|buildByteString(kotlin.Int;kotlin.Function1<kotlinx.io.bytestring.ByteStringBuilder,kotlin.Unit>){}; source declaration line: public inline fun buildByteString(capacity: Int = 0, builderAction: ByteStringBuilder.() -> Unit): ByteString {; default expressions are preserved in the pinned source snapshot; no dedicated ByteString child issue exists in the current KUU-1725 child set
klib-d924bf59422c0611	bytestring	Kotlin source API / KLIB dump	common	source-property-accessor	no	kotlinx.io.bytestring/ByteString	size	final fun <get-size>(): kotlin/Int	0	none	none	not-declared-in-source	bytestring/common/src/ByteString.kt:115	jvm-26338a01ad8a71f8	bytestring/common/test/ByteStringTest.kt#size	Sources/CompilerCore/Stdlib/kotlinx/io/Buffer.kt:48;Sources/CompilerCore/Stdlib/kotlinx/io/SourcesJvm.kt:47;Sources/CompilerCore/Stdlib/kotlinx/io/Segment.kt:331;Sources/CompilerCore/Stdlib/kotlinx/io/bytestring/ByteString.kt:21;Sources/CompilerCore/Stdlib/kotlinx/io/bytestring/ByteStringBuilder.kt:13;Sources/CompilerCore/Stdlib/kotlinx/io/internal/-Utf8.kt:147;Sources/CompilerCore/Stdlib/kotlinx/io/files/FileSystem.kt:69	Tests/CompilerCoreTests/Sema/KotlinxIOByteStringSurfaceTests.swift;Tests/CompilerBackendTests/Integration/BundledStdlibExecutionTests+ByteString.swift;Tests/CompilerBackendTests/Integration/BundledStdlibExecutionTests+KtorIOCoverage.swift;Tests/CompilerBackendTests/Integration/BundledStdlibExecutionTests+ByteStringCodec.swift;Tests/RuntimeTests/RuntimeIoFileSystemTests.swift	unverified	KUU-1725	in-scope common/native API	KLIB declaration key: kotlinx.io.bytestring/ByteString.size.<get-size>|<get-size>(){}; source declaration line: public val size: Int; accessor is linked to a source property and is not a separate callable API; no dedicated ByteString child issue exists in the current KUU-1725 child set
klib-dc06afd6e7388ef3	bytestring	Kotlin source API / KLIB dump	common	property	yes	kotlinx.io.bytestring/ByteStringBuilder	capacity	final val capacity	0	none	none	not-declared-in-source	bytestring/common/src/ByteStringBuilder.kt:41	jvm-d4f19a85152662aa	bytestring/common/test/ByteStringBuilderTest.kt#testCapacity	Sources/CompilerCore/Stdlib/kotlinx/io/bytestring/ByteStringBuilder.kt:14;Sources/CompilerCore/Stdlib/kotlinx/io/bytestring/ByteStringBuilder.kt:69	Tests/CompilerBackendTests/Integration/BundledStdlibExecutionTests+ByteString.swift	unverified	KUU-1725	in-scope common/native API	KLIB declaration key: kotlinx.io.bytestring/ByteStringBuilder.capacity|{}capacity; source declaration line: public val capacity: Int; no dedicated ByteString child issue exists in the current KUU-1725 child set
klib-dd179991b8b9505c	bytestring	Kotlin source API / KLIB dump	apple-only	function	yes	kotlinx.io.bytestring	toByteString	final fun (platform.Foundation/NSData).kotlinx.io.bytestring/toByteString(): kotlinx.io.bytestring/ByteString	0	OptIn	none	not-declared-in-source	bytestring/apple/src/ByteStringApple.kt:36;bytestring/common/src/ByteStringBuilder.kt:49		bytestring/apple/test/ByteStringAppleTest.kt#suite-reference;bytestring/common/test/ByteStringBuilderTest.kt#suite-reference	Sources/CompilerCore/Stdlib/kotlinx/io/bytestring/ByteStringBuilder.kt:16	Tests/CompilerCoreTests/Sema/KotlinxIOByteStringSurfaceTests.swift;Tests/CompilerBackendTests/Integration/BundledStdlibExecutionTests+ByteString.swift;Tests/CompilerBackendTests/Integration/BundledStdlibExecutionTests+ByteStringCodec.swift	unverified	KUU-1725	in-scope Apple API	KLIB declaration key: kotlinx.io.bytestring/toByteString|toByteString@platform.Foundation.NSData(){}; source declaration line: public fun NSData.toByteString(): ByteString {; no dedicated ByteString child issue exists in the current KUU-1725 child set
klib-dfea5e79a3515d48	bytestring	Kotlin source API / KLIB dump	common	source-property-accessor	no	kotlinx.io.bytestring/ByteStringBuilder	size	final fun <get-size>(): kotlin/Int	0	none	none	not-declared-in-source	bytestring/common/src/ByteStringBuilder.kt:35	jvm-6d7042d50e2eb728	bytestring/common/test/ByteStringBuilderTest.kt#resizeMultipleTimes;bytestring/common/test/ByteStringBuilderTest.kt#testSize	Sources/CompilerCore/Stdlib/kotlinx/io/Buffer.kt:48;Sources/CompilerCore/Stdlib/kotlinx/io/SourcesJvm.kt:47;Sources/CompilerCore/Stdlib/kotlinx/io/Segment.kt:331;Sources/CompilerCore/Stdlib/kotlinx/io/bytestring/ByteString.kt:21;Sources/CompilerCore/Stdlib/kotlinx/io/bytestring/ByteStringBuilder.kt:13;Sources/CompilerCore/Stdlib/kotlinx/io/internal/-Utf8.kt:147;Sources/CompilerCore/Stdlib/kotlinx/io/files/FileSystem.kt:69	Tests/CompilerCoreTests/Sema/KotlinxIOByteStringSurfaceTests.swift;Tests/CompilerBackendTests/Integration/BundledStdlibExecutionTests+ByteString.swift;Tests/CompilerBackendTests/Integration/BundledStdlibExecutionTests+KtorIOCoverage.swift;Tests/RuntimeTests/RuntimeIoFileSystemTests.swift	unverified	KUU-1725	in-scope common/native API	KLIB declaration key: kotlinx.io.bytestring/ByteStringBuilder.size.<get-size>|<get-size>(){}; source declaration line: public val size: Int; accessor is linked to a source property and is not a separate callable API; no dedicated ByteString child issue exists in the current KUU-1725 child set
klib-e8a815654759b526	bytestring	Kotlin source API / KLIB dump	common	property	yes	kotlinx.io.bytestring/ByteString	size	final val size	0	none	none	not-declared-in-source	bytestring/common/src/ByteString.kt:115	jvm-26338a01ad8a71f8	bytestring/common/test/ByteStringTest.kt#size	Sources/CompilerCore/Stdlib/kotlinx/io/Buffer.kt:48;Sources/CompilerCore/Stdlib/kotlinx/io/SourcesJvm.kt:47;Sources/CompilerCore/Stdlib/kotlinx/io/Segment.kt:331;Sources/CompilerCore/Stdlib/kotlinx/io/bytestring/ByteString.kt:21;Sources/CompilerCore/Stdlib/kotlinx/io/bytestring/ByteStringBuilder.kt:13;Sources/CompilerCore/Stdlib/kotlinx/io/internal/-Utf8.kt:147;Sources/CompilerCore/Stdlib/kotlinx/io/files/FileSystem.kt:69	Tests/CompilerCoreTests/Sema/KotlinxIOByteStringSurfaceTests.swift;Tests/CompilerBackendTests/Integration/BundledStdlibExecutionTests+ByteString.swift;Tests/CompilerBackendTests/Integration/BundledStdlibExecutionTests+KtorIOCoverage.swift;Tests/CompilerBackendTests/Integration/BundledStdlibExecutionTests+ByteStringCodec.swift;Tests/RuntimeTests/RuntimeIoFileSystemTests.swift	unverified	KUU-1725	in-scope common/native API	KLIB declaration key: kotlinx.io.bytestring/ByteString.size|{}size; source declaration line: public val size: Int; no dedicated ByteString child issue exists in the current KUU-1725 child set
klib-ec5be87f1757e6b8	bytestring	Kotlin source API / KLIB dump	common	function	yes	kotlinx.io.bytestring	isNotEmpty	final fun (kotlinx.io.bytestring/ByteString).kotlinx.io.bytestring/isNotEmpty(): kotlin/Boolean	0	none	none	not-declared-in-source	bytestring/common/src/ByteString.kt:522	jvm-e870dd822be9bfbd	bytestring/common/test/ByteStringTest.kt#isNotEmpty	Sources/CompilerCore/Stdlib/kotlinx/io/bytestring/ByteString.kt:115	Tests/CompilerCoreTests/Sema/KotlinxIOByteStringSurfaceTests.swift;Tests/CompilerBackendTests/Integration/BundledStdlibExecutionTests+ByteString.swift;Tests/CompilerBackendTests/Integration/BundledStdlibExecutionTests+ByteStringCodec.swift	unverified	KUU-1725	in-scope common/native API	KLIB declaration key: kotlinx.io.bytestring/isNotEmpty|isNotEmpty@kotlinx.io.bytestring.ByteString(){}; source declaration line: public fun ByteString.isNotEmpty(): Boolean = !isEmpty(); no dedicated ByteString child issue exists in the current KUU-1725 child set
klib-ee5d9a571cd8e453	bytestring	Kotlin source API / KLIB dump	common	function	yes	kotlinx.io.bytestring/ByteStringBuilder	append	final fun append(kotlin/Byte)	0	none	none	not-declared-in-source	bytestring/common/src/ByteStringBuilder.kt:64;bytestring/common/src/ByteStringBuilder.kt:79;bytestring/common/src/ByteStringBuilder.kt:107;bytestring/common/src/ByteStringBuilder.kt:112;bytestring/common/src/ByteStringBuilder.kt:119	jvm-9fc31fd97aefd7c5;jvm-2d676665c47500b4;jvm-0de664be9f7d0a3a;jvm-64dd3c0aaee85177;jvm-d4a4376eb3204802;jvm-3f67722e2eb9cfc5	bytestring/common/test/ByteStringBuilderTest.kt#appendByte;bytestring/common/test/ByteStringBuilderTest.kt#appendBytes;bytestring/common/test/ByteStringBuilderTest.kt#appendUByte;bytestring/common/test/ByteStringBuilderTest.kt#appendArray;bytestring/common/test/ByteStringBuilderTest.kt#testAppendByteArrayWithInvalidIndices;bytestring/common/test/ByteStringBuilderTest.kt#appendByteString;bytestring/common/test/ByteStringBuilderTest.kt#appendMultipleValues	Sources/CompilerCore/Stdlib/kotlinx/io/bytestring/ByteStringBuilder.kt:25;Sources/CompilerCore/Stdlib/kotlinx/io/bytestring/ByteStringBuilder.kt:34;Sources/CompilerCore/Stdlib/kotlinx/io/bytestring/ByteStringBuilder.kt:38;Sources/CompilerCore/Stdlib/kotlinx/io/bytestring/ByteStringBuilder.kt:44;Sources/CompilerCore/Stdlib/kotlinx/io/bytestring/ByteStringBuilder.kt:58;Sources/CompilerCore/Stdlib/kotlinx/io/bytestring/ByteStringBuilder.kt:60;Sources/CompilerCore/Stdlib/kotlinx/io/bytestring/ByteStringBuilder.kt:63	Tests/CompilerBackendTests/Integration/BundledStdlibExecutionTests+ByteString.swift;Tests/CompilerBackendTests/Integration/BundledStdlibExecutionTests+ByteStringCodec.swift;Tests/RuntimeTests/RuntimeIoFileSystemTests.swift	unverified	KUU-1725	in-scope common/native API	KLIB declaration key: kotlinx.io.bytestring/ByteStringBuilder.append|append(kotlin.Byte){}; source declaration line: public fun append(byte: Byte) {; no dedicated ByteString child issue exists in the current KUU-1725 child set
klib-f6856a243e61dd47	bytestring	Kotlin source API / KLIB dump	common	function	yes	kotlinx.io.bytestring	decodeToByteString	final fun (kotlin.io.encoding/Base64).kotlinx.io.bytestring/decodeToByteString(kotlinx.io.bytestring/ByteString, kotlin/Int = ..., kotlin/Int = ...): kotlinx.io.bytestring/ByteString	2	none	none	@throws IndexOutOfBoundsException when [startIndex] or [endIndex] is out of range of [source] indices.; @throws IllegalArgumentException when `startIndex > endIndex`.; @throws IllegalArgumentException when the symbols for decoding are padded incorrectly or there are extra symbols after the padding.	bytestring/common/src/Base64.kt:158;bytestring/common/src/Base64.kt:212;bytestring/common/src/Base64.kt:234	jvm-e8fc687bd5ff9c9e;jvm-a4f1a27b40cf9145;jvm-d36ffe81f8e78b45;jvm-0a7391fd7c844ff7;jvm-ebe766fdf289f961;jvm-1ba14d2113458d26	bytestring/common/test/ByteStringBase64Test.kt#testDecodeToByteString;bytestring/common/test/ByteStringBase64Test.kt#testByteArrayDecodeToByteString;bytestring/common/test/ByteStringBase64Test.kt#testByteStringDecodeToByteString	Sources/CompilerCore/Stdlib/kotlinx/io/bytestring/Base64.kt:159;Sources/CompilerCore/Stdlib/kotlinx/io/bytestring/Base64.kt:213;Sources/CompilerCore/Stdlib/kotlinx/io/bytestring/Base64.kt:235	Tests/CompilerCoreTests/Sema/KotlinxIOByteStringSurfaceTests.swift;Tests/CompilerBackendTests/Integration/BundledStdlibExecutionTests+ByteString.swift;Tests/CompilerBackendTests/Integration/BundledStdlibExecutionTests+ByteStringCodec.swift	unverified	KUU-1725	in-scope common/native API	KLIB declaration key: kotlinx.io.bytestring/decodeToByteString|decodeToByteString@kotlin.io.encoding.Base64(kotlinx.io.bytestring.ByteString;kotlin.Int;kotlin.Int){}; source declaration line: public fun Base64.decodeToByteString(source: CharSequence, startIndex: Int = 0, endIndex: Int = source.length): ByteString {; default expressions are preserved in the pinned source snapshot; no dedicated ByteString child issue exists in the current KUU-1725 child set
klib-f6cdd7b8ec302161	bytestring	Kotlin source API / KLIB dump	common	object	yes	kotlinx.io.bytestring.unsafe/UnsafeByteStringOperations	UnsafeByteStringOperations	final object kotlinx.io.bytestring.unsafe/UnsafeByteStringOperations {	0	OptIn,UnsafeByteStringApi	none	not-declared-in-source	bytestring/common/src/unsafe/UnsafeByteStringOperations.kt:23	jvm-16874beea5466602;jvm-1aae98343452a402	bytestring/common/test/unsafe/UnsafeByteStringOperationsTest.kt#suite-reference	Sources/CompilerCore/Stdlib/kotlinx/io/bytestring/unsafe/UnsafeByteStringOperations.kt:7	Tests/CompilerBackendTests/Integration/BundledStdlibExecutionTests+ByteString.swift	unverified	KUU-1725	in-scope common/native API	KLIB declaration key: kotlinx.io.bytestring.unsafe/UnsafeByteStringOperations|null; source declaration line: public object UnsafeByteStringOperations {; no dedicated ByteString child issue exists in the current KUU-1725 child set
klib-f7d98255f9d6ecdd	bytestring	Kotlin source API / KLIB dump	common	function	yes	kotlinx.io.bytestring	decode	final fun (kotlin.io.encoding/Base64).kotlinx.io.bytestring/decode(kotlinx.io.bytestring/ByteString, kotlin/Int = ..., kotlin/Int = ...): kotlin/ByteArray	2	none	none	@throws IndexOutOfBoundsException when [startIndex] or [endIndex] is out of range of [source] byte string indices.; @throws IllegalArgumentException when `startIndex > endIndex`.; @throws IllegalArgumentException when the symbols for decoding are padded incorrectly or there are extra symbols after the padding.	bytestring/common/src/Base64.kt:136	jvm-8aabce6054a23784;jvm-06eee316b84478d8	bytestring/common/test/ByteStringBase64Test.kt#testDecode;bytestring/common/test/ByteStringBase64Test.kt#testDecodeIntoByteArray;bytestring/common/test/ByteStringBase64Test.kt#testDecodeToByteString;bytestring/common/test/ByteStringBase64Test.kt#testByteArrayDecodeToByteString;bytestring/common/test/ByteStringBase64Test.kt#testByteStringDecodeToByteString	Sources/CompilerCore/Stdlib/kotlinx/io/bytestring/Base64.kt:137	Tests/CompilerCoreTests/Sema/KotlinxIOByteStringSurfaceTests.swift;Tests/CompilerBackendTests/Integration/BundledStdlibExecutionTests+ByteString.swift;Tests/CompilerBackendTests/Integration/BundledStdlibExecutionTests+ByteStringCodec.swift	unverified	KUU-1725	in-scope common/native API	KLIB declaration key: kotlinx.io.bytestring/decode|decode@kotlin.io.encoding.Base64(kotlinx.io.bytestring.ByteString;kotlin.Int;kotlin.Int){}; source declaration line: public fun Base64.decode(source: ByteString, startIndex: Int = 0, endIndex: Int = source.size): ByteArray {; default expressions are preserved in the pinned source snapshot; no dedicated ByteString child issue exists in the current KUU-1725 child set
klib-fbc3f88c6499a334	bytestring	Kotlin source API / KLIB dump	common	function	yes	kotlinx.io.bytestring	endsWith	final fun (kotlinx.io.bytestring/ByteString).kotlinx.io.bytestring/endsWith(kotlinx.io.bytestring/ByteString): kotlin/Boolean	0	none	none	not-declared-in-source	bytestring/common/src/ByteString.kt:467;bytestring/common/src/ByteString.kt:481	jvm-606d6e26d2961549;jvm-7f40652dd3bffb1f	bytestring/common/test/ByteStringTest.kt#endsWithByteArray;bytestring/common/test/ByteStringTest.kt#endsWithByteString	Sources/CompilerCore/Stdlib/kotlinx/io/bytestring/ByteString.kt:177;Sources/CompilerCore/Stdlib/kotlinx/io/bytestring/ByteString.kt:179	Tests/CompilerCoreTests/Sema/KotlinxIOByteStringSurfaceTests.swift;Tests/CompilerBackendTests/Integration/BundledStdlibExecutionTests+ByteString.swift;Tests/CompilerBackendTests/Integration/BundledStdlibExecutionTests+ByteStringCodec.swift	unverified	KUU-1725	in-scope common/native API	KLIB declaration key: kotlinx.io.bytestring/endsWith|endsWith@kotlinx.io.bytestring.ByteString(kotlinx.io.bytestring.ByteString){}; source declaration line: public fun ByteString.endsWith(byteArray: ByteArray): Boolean = when {; no dedicated ByteString child issue exists in the current KUU-1725 child set
internal-064d4b2d7dfa5a21	core	@PublishedApi internal source declaration	jvm	internal-fun	no	core/jvm/src/files/PathsJvm.kt	Path	internal fun Path	see source	PublishedApi	none	not-declared-in-source	core/jvm/src/files/PathsJvm.kt:53		core/common/test/files/SmokeFileTest.kt#pathParent;core/common/test/files/SmokeFileTest.kt#pathConcat;core/common/test/files/SmokeFileTest.kt#pathEquality	Sources/CompilerCore/Stdlib/kotlinx/io/files/Paths.kt:58;Sources/CompilerCore/Stdlib/kotlinx/io/files/Paths.kt:65;Sources/CompilerCore/Stdlib/kotlinx/io/files/Paths.kt:77;Sources/CompilerCore/Stdlib/kotlinx/io/files/FileSystem.kt:55	Tests/CompilerCoreTests/Sema/KotlinxIOPathSourceTests.swift;Tests/CompilerBackendTests/Integration/BundledStdlibExecutionTests+KtorIOCoverage.swift;Tests/RuntimeTests/RuntimeIoFileSystemTests.swift	unverified	KUU-1725	in-scope implementation ABI; internal source visibility	Tracked separately from public source API; @PublishedApi permits inline callers to depend on this ABI.
internal-135e44e66ad64038	core	@PublishedApi internal source declaration	common	internal-fun	no	core/common/src/Segment.kt	dataAsByteArray	internal fun dataAsByteArray	see source	PublishedApi	none	not-declared-in-source	core/common/src/Segment.kt:375		core/common/test/AbstractSourceTest.kt#suite-reference;core/common/test/AbstractSinkTest.kt#suite-reference	Sources/CompilerCore/Stdlib/kotlinx/io/Segment.kt:354	none	unverified	KUU-1729	in-scope implementation ABI; internal source visibility	Tracked separately from public source API; @PublishedApi permits inline callers to depend on this ABI.
internal-228e29fc1e9e7ea1	core	@PublishedApi internal source declaration	common	internal-val	no	core/common/src/unsafe/UnsafeBufferOperations.kt	SegmentReadContextImpl	internal val SegmentReadContextImpl	see source	PublishedApi	none	not-declared-in-source	core/common/src/unsafe/UnsafeBufferOperations.kt:533		core/common/test/unsafe/UnsafeBufferOperationsForEachTest.kt#suite-reference;core/common/test/unsafe/UnsafeBufferOperationsIterationTest.kt#suite-reference;core/common/test/unsafe/UnsafeBufferOperationsMoveTest.kt#suite-reference;core/common/test/unsafe/UnsafeBufferOperationsReadTest.kt#suite-reference;core/common/test/unsafe/UnsafeBufferOperationsWriteTest.kt#suite-reference	none	none	missing	KUU-1729	in-scope implementation ABI; internal source visibility	Tracked separately from public source API; @PublishedApi permits inline callers to depend on this ABI.
internal-23d3f060bd723166	core	@PublishedApi internal source declaration	common	internal-var	no	core/common/src/Buffer.kt	tail	internal var tail	see source	PublishedApi	none	not-declared-in-source	core/common/src/Buffer.kt:58		core/common/test/CommonBufferTest.kt#completeSegmentByteCountOnBufferWithIncompleteTailSegment;core/jvm/test/BufferTest.kt#readFromDoesNotLeaveEmptyTailSegment	Sources/CompilerCore/Stdlib/kotlinx/io/Buffer.kt:43;Sources/CompilerCore/Stdlib/kotlinx/io/Buffer.kt:226;Sources/CompilerCore/Stdlib/kotlinx/io/Buffer.kt:396;Sources/CompilerCore/Stdlib/kotlinx/io/Buffer.kt:480;Sources/CompilerCore/Stdlib/kotlinx/io/unsafe/UnsafeBufferOperations.kt:53;Sources/CompilerCore/Stdlib/kotlinx/io/unsafe/UnsafeBufferOperations.kt:199;Sources/CompilerCore/Stdlib/kotlinx/io/unsafe/UnsafeBufferOperations.kt:266	Tests/CompilerBackendTests/Integration/BundledStdlibExecutionTests+KtorIOCoverage.swift	unverified	KUU-1729	in-scope implementation ABI; internal source visibility	Tracked separately from public source API; @PublishedApi permits inline callers to depend on this ABI.
internal-2da8feeb829fe201	core	@PublishedApi internal source declaration	common	internal-fun	no	core/common/src/Segment.kt	Segment	internal fun Segment	see source	PublishedApi	none	not-declared-in-source	core/common/src/Segment.kt:534		core/common/test/AbstractSourceTest.kt#readShortSplitAcrossMultipleSegments;core/common/test/AbstractSourceTest.kt#readIntSplitAcrossMultipleSegments;core/common/test/AbstractSourceTest.kt#readLongSplitAcrossMultipleSegments;core/common/test/AbstractSourceTest.kt#readUtf8SpansSegments;core/common/test/AbstractSourceTest.kt#readUtf8Segment;core/common/test/AbstractSourceTest.kt#longHexStringAcrossSegment;core/common/test/AbstractSourceTest.kt#longDecimalStringAcrossSegment;core/common/test/AbstractSourceTest.kt#peekSegmentThenInvalid;core/common/test/AbstractSinkTest.kt#writeLastByteInSegment;core/common/test/AbstractSinkTest.kt#writeLastIntegerInSegment;core/common/test/AbstractSinkTest.kt#writeIntegerDoesNotQuiteFitInSegment	Sources/CompilerCore/Stdlib/kotlinx/io/Segment.kt:405	none	unverified	KUU-1729	in-scope implementation ABI; internal source visibility	Tracked separately from public source API; @PublishedApi permits inline callers to depend on this ABI.
internal-4771ddb4903f5621	core	@PublishedApi internal source declaration	common	internal-var	no	core/common/src/Segment.kt	next	internal var next	see source	PublishedApi	none	not-declared-in-source	core/common/src/Segment.kt:120		core/common/test/AbstractSourceTest.kt#suite-reference;core/common/test/AbstractSinkTest.kt#suite-reference	Sources/CompilerCore/Stdlib/kotlinx/io/Segment.kt:100;Sources/CompilerCore/Stdlib/kotlinx/io/Segment.kt:488	none	unverified	KUU-1729	in-scope implementation ABI; internal source visibility	Tracked separately from public source API; @PublishedApi permits inline callers to depend on this ABI.
internal-4dbdf2a37f123e24	core	@PublishedApi internal source declaration	common	internal-var	no	core/common/src/Buffer.kt	sizeMut	internal var sizeMut	see source	PublishedApi	none	not-declared-in-source	core/common/src/Buffer.kt:69		core/common/test/CommonBufferTest.kt#suite-reference;core/jvm/test/BufferTest.kt#suite-reference	Sources/CompilerCore/Stdlib/kotlinx/io/Buffer.kt:52	none	unverified	KUU-1729	in-scope implementation ABI; internal source visibility	Tracked separately from public source API; @PublishedApi permits inline callers to depend on this ABI.
internal-59a13090c5aade9a	core	@PublishedApi internal source declaration	common	internal-var	no	core/common/src/Segment.kt	limit	internal var limit	see source	PublishedApi	none	not-declared-in-source	core/common/src/Segment.kt:97		core/common/test/AbstractSourceTest.kt#suite-reference;core/common/test/AbstractSinkTest.kt#suite-reference	Sources/CompilerCore/Stdlib/kotlinx/io/Buffer.kt:275;Sources/CompilerCore/Stdlib/kotlinx/io/Sources.kt:94;Sources/CompilerCore/Stdlib/kotlinx/io/Segment.kt:80;Sources/CompilerCore/Stdlib/kotlinx/io/Segment.kt:221;Sources/CompilerCore/Stdlib/kotlinx/io/Segment.kt:229;Sources/CompilerCore/Stdlib/kotlinx/io/Segment.kt:239;Sources/CompilerCore/Stdlib/kotlinx/io/Segment.kt:440	none	unverified	KUU-1729	in-scope implementation ABI; internal source visibility	Tracked separately from public source API; @PublishedApi permits inline callers to depend on this ABI.
internal-63a0495b88ff9c8c	core	@PublishedApi internal source declaration	common	internal-fun	no	core/common/src/Segment.kt	writeBackData	internal fun writeBackData	see source	PublishedApi	none	not-declared-in-source	core/common/src/Segment.kt:386		core/common/test/AbstractSourceTest.kt#suite-reference;core/common/test/AbstractSinkTest.kt#suite-reference	Sources/CompilerCore/Stdlib/kotlinx/io/Segment.kt:364	none	unverified	KUU-1729	in-scope implementation ABI; internal source visibility	Tracked separately from public source API; @PublishedApi permits inline callers to depend on this ABI.
internal-811c9ed89d3cef8a	core	@PublishedApi internal source declaration	common	internal-val	no	core/common/src/unsafe/UnsafeBufferOperations.kt	SegmentWriteContextImpl	internal val SegmentWriteContextImpl	see source	PublishedApi	none	not-declared-in-source	core/common/src/unsafe/UnsafeBufferOperations.kt:540		core/common/test/unsafe/UnsafeBufferOperationsForEachTest.kt#suite-reference;core/common/test/unsafe/UnsafeBufferOperationsIterationTest.kt#suite-reference;core/common/test/unsafe/UnsafeBufferOperationsMoveTest.kt#suite-reference;core/common/test/unsafe/UnsafeBufferOperationsReadTest.kt#suite-reference;core/common/test/unsafe/UnsafeBufferOperationsWriteTest.kt#suite-reference	none	none	missing	KUU-1729	in-scope implementation ABI; internal source visibility	Tracked separately from public source API; @PublishedApi permits inline callers to depend on this ABI.
internal-915635d1a83ddaa2	core	@PublishedApi internal source declaration	common	internal-val	no	core/common/src/unsafe/UnsafeBufferOperations.kt	BufferIterationContextImpl	internal val BufferIterationContextImpl	see source	PublishedApi	none	not-declared-in-source	core/common/src/unsafe/UnsafeBufferOperations.kt:561		core/common/test/unsafe/UnsafeBufferOperationsForEachTest.kt#suite-reference;core/common/test/unsafe/UnsafeBufferOperationsIterationTest.kt#suite-reference;core/common/test/unsafe/UnsafeBufferOperationsMoveTest.kt#suite-reference;core/common/test/unsafe/UnsafeBufferOperationsReadTest.kt#suite-reference;core/common/test/unsafe/UnsafeBufferOperationsWriteTest.kt#suite-reference	none	none	missing	KUU-1729	in-scope implementation ABI; internal source visibility	Tracked separately from public source API; @PublishedApi permits inline callers to depend on this ABI.
internal-99536b9ec87abca1	core	@PublishedApi internal source declaration	common	internal-var	no	core/common/src/Buffer.kt	head	internal var head	see source	PublishedApi	none	not-declared-in-source	core/common/src/Buffer.kt:53		core/common/test/CommonBufferTest.kt#splitHead;core/jvm/test/BufferTest.kt#suite-reference	Sources/CompilerCore/Stdlib/kotlinx/io/Buffer.kt:40;Sources/CompilerCore/Stdlib/kotlinx/io/Buffer.kt:301;Sources/CompilerCore/Stdlib/kotlinx/io/Buffer.kt:547;Sources/CompilerCore/Stdlib/kotlinx/io/unsafe/UnsafeBufferOperations.kt:104;Sources/CompilerCore/Stdlib/kotlinx/io/unsafe/UnsafeBufferOperations.kt:148	none	unverified	KUU-1729	in-scope implementation ABI; internal source visibility	Tracked separately from public source API; @PublishedApi permits inline callers to depend on this ABI.
internal-d535eacfa48666b3	core	@PublishedApi internal source declaration	common	internal-var	no	core/common/src/Segment.kt	prev	internal var prev	see source	PublishedApi	none	not-declared-in-source	core/common/src/Segment.kt:126		core/common/test/AbstractSourceTest.kt#suite-reference;core/common/test/AbstractSinkTest.kt#suite-reference	Sources/CompilerCore/Stdlib/kotlinx/io/Segment.kt:104	none	unverified	KUU-1729	in-scope implementation ABI; internal source visibility	Tracked separately from public source API; @PublishedApi permits inline callers to depend on this ABI.
internal-db5da6a92113f37d	core	@PublishedApi internal source declaration	common	internal-fun	no	core/common/src/Buffer.kt	recycleTail	internal fun recycleTail	see source	PublishedApi	none	not-declared-in-source	core/common/src/Buffer.kt:614		core/common/test/CommonBufferTest.kt#suite-reference;core/jvm/test/BufferTest.kt#suite-reference	Sources/CompilerCore/Stdlib/kotlinx/io/Buffer.kt:633	none	unverified	KUU-1729	in-scope implementation ABI; internal source visibility	Tracked separately from public source API; @PublishedApi permits inline callers to depend on this ABI.
internal-f0951e8c0de65602	core	@PublishedApi internal source declaration	common	internal-fun	no	core/common/src/Buffer.kt	writableSegment	internal fun writableSegment	see source	PublishedApi	none	not-declared-in-source	core/common/src/Buffer.kt:353		core/common/test/CommonBufferTest.kt#suite-reference;core/jvm/test/BufferTest.kt#suite-reference	Sources/CompilerCore/Stdlib/kotlinx/io/Buffer.kt:361	none	unverified	KUU-1729	in-scope implementation ABI; internal source visibility	Tracked separately from public source API; @PublishedApi permits inline callers to depend on this ABI.
internal-f72431dd9f60590d	core	@PublishedApi internal source declaration	jvm	internal-fun	no	core/jvm/src/files/PathsJvm.kt	Path	internal fun Path	see source	PublishedApi	none	not-declared-in-source	core/jvm/src/files/PathsJvm.kt:47		core/common/test/files/SmokeFileTest.kt#pathParent;core/common/test/files/SmokeFileTest.kt#pathConcat;core/common/test/files/SmokeFileTest.kt#pathEquality	Sources/CompilerCore/Stdlib/kotlinx/io/files/Paths.kt:58;Sources/CompilerCore/Stdlib/kotlinx/io/files/Paths.kt:65;Sources/CompilerCore/Stdlib/kotlinx/io/files/Paths.kt:77;Sources/CompilerCore/Stdlib/kotlinx/io/files/FileSystem.kt:55	Tests/CompilerCoreTests/Sema/KotlinxIOPathSourceTests.swift;Tests/CompilerBackendTests/Integration/BundledStdlibExecutionTests+KtorIOCoverage.swift;Tests/RuntimeTests/RuntimeIoFileSystemTests.swift	unverified	KUU-1725	in-scope implementation ABI; internal source visibility	Tracked separately from public source API; @PublishedApi permits inline callers to depend on this ABI.
internal-f9be97df62518402	core	@PublishedApi internal source declaration	common	internal-var	no	core/common/src/Segment.kt	pos	internal var pos	see source	PublishedApi	none	not-declared-in-source	core/common/src/Segment.kt:86		core/common/test/AbstractSourceTest.kt#suite-reference;core/common/test/AbstractSinkTest.kt#suite-reference	Sources/CompilerCore/Stdlib/kotlinx/io/Segment.kt:71;Sources/CompilerCore/Stdlib/kotlinx/io/Segment.kt:257;Sources/CompilerCore/Stdlib/kotlinx/io/Segment.kt:265;Sources/CompilerCore/Stdlib/kotlinx/io/Segment.kt:280;Sources/CompilerCore/Stdlib/kotlinx/io/PeekSource.kt:28	none	unverified	KUU-1729	in-scope implementation ABI; internal source visibility	Tracked separately from public source API; @PublishedApi permits inline callers to depend on this ABI.
klib-0e1c3954ef2d643e	core	Internal implementation ABI / KLIB dump	common	internal source-property-accessor	no	kotlinx.io/Buffer	tail	final fun <get-tail>(): kotlinx.io/Segment?	0	PublishedApi	none	not-declared-in-source	core/common/src/Buffer.kt:60;core/common/src/Buffer.kt:245;core/common/src/Buffer.kt:379;core/common/src/Buffer.kt:461	jvm-678c2e7f3e2207c4;jvm-98c655eb11d86c76	core/common/test/CommonBufferTest.kt#completeSegmentByteCountOnBufferWithIncompleteTailSegment;core/jvm/test/BufferTest.kt#readFromDoesNotLeaveEmptyTailSegment	Sources/CompilerCore/Stdlib/kotlinx/io/Buffer.kt:43;Sources/CompilerCore/Stdlib/kotlinx/io/Buffer.kt:226;Sources/CompilerCore/Stdlib/kotlinx/io/Buffer.kt:396;Sources/CompilerCore/Stdlib/kotlinx/io/Buffer.kt:480;Sources/CompilerCore/Stdlib/kotlinx/io/unsafe/UnsafeBufferOperations.kt:53;Sources/CompilerCore/Stdlib/kotlinx/io/unsafe/UnsafeBufferOperations.kt:199;Sources/CompilerCore/Stdlib/kotlinx/io/unsafe/UnsafeBufferOperations.kt:266	Tests/CompilerBackendTests/Integration/BundledStdlibExecutionTests+KtorIOCoverage.swift	unverified	KUU-1729	in-scope internal implementation ABI; not a public Kotlin source API	KLIB declaration key: kotlinx.io/Buffer.tail.<get-tail>|<get-tail>(){}; source declaration line: internal var tail: Segment? = null; accessor is linked to a source property and is not a separate callable API; source visibility is non-public; retained because the pinned KLIB/JVM dump exposes implementation ABI
klib-103b5bb1afb58e94	core	Internal implementation ABI / KLIB dump	common	internal source-property-accessor	no	kotlinx.io/Segment	prev	final fun <get-prev>(): kotlinx.io/Segment?	0	PublishedApi	none	not-declared-in-source	core/common/src/Segment.kt:128	jvm-6e0d6c8ec6bd019d;jvm-06a7e274ac1fcfe4	core/common/test/AbstractSourceTest.kt#suite-reference;core/common/test/AbstractSinkTest.kt#suite-reference	Sources/CompilerCore/Stdlib/kotlinx/io/Segment.kt:104	none	unverified	KUU-1729	in-scope internal implementation ABI; not a public Kotlin source API	KLIB declaration key: kotlinx.io/Segment.prev.<get-prev>|<get-prev>(){}; source declaration line: internal var prev: Segment? = null; accessor is linked to a source property and is not a separate callable API; source visibility is non-public; retained because the pinned KLIB/JVM dump exposes implementation ABI
klib-14217ab26bcc2a6b	core	Internal implementation ABI / KLIB dump	common	internal property	no	kotlinx.io/Buffer	head	final var head	0	PublishedApi	none	not-declared-in-source	core/common/src/Buffer.kt:55;core/common/src/Buffer.kt:293;core/common/src/Buffer.kt:528	jvm-3512e1f33bdd47ee;jvm-981db78a8157a797	core/common/test/CommonBufferTest.kt#splitHead;core/jvm/test/BufferTest.kt#suite-reference	Sources/CompilerCore/Stdlib/kotlinx/io/Buffer.kt:40;Sources/CompilerCore/Stdlib/kotlinx/io/Buffer.kt:301;Sources/CompilerCore/Stdlib/kotlinx/io/Buffer.kt:547;Sources/CompilerCore/Stdlib/kotlinx/io/unsafe/UnsafeBufferOperations.kt:104;Sources/CompilerCore/Stdlib/kotlinx/io/unsafe/UnsafeBufferOperations.kt:148	none	unverified	KUU-1729	in-scope internal implementation ABI; not a public Kotlin source API	KLIB declaration key: kotlinx.io/Buffer.head|{}head; source declaration line: internal var head: Segment? = null; source visibility is non-public; retained because the pinned KLIB/JVM dump exposes implementation ABI
klib-17834830f8f37d5d	core	Internal implementation ABI / KLIB dump	common	internal property	no	kotlinx.io.unsafe	SegmentWriteContextImpl	final val kotlinx.io.unsafe/SegmentWriteContextImpl	0	PublishedApi,UnsafeIoApi	none	not-declared-in-source	core/common/src/unsafe/UnsafeBufferOperations.kt:541	jvm-89957002b0391f9d	core/common/test/unsafe/UnsafeBufferOperationsForEachTest.kt#suite-reference;core/common/test/unsafe/UnsafeBufferOperationsIterationTest.kt#suite-reference;core/common/test/unsafe/UnsafeBufferOperationsMoveTest.kt#suite-reference;core/common/test/unsafe/UnsafeBufferOperationsReadTest.kt#suite-reference;core/common/test/unsafe/UnsafeBufferOperationsWriteTest.kt#suite-reference	none	none	missing	KUU-1729	in-scope internal implementation ABI; not a public Kotlin source API	KLIB declaration key: kotlinx.io.unsafe/SegmentWriteContextImpl|{}SegmentWriteContextImpl; source declaration line: internal val SegmentWriteContextImpl: SegmentWriteContext = object : SegmentWriteContext {; source visibility is non-public; retained because the pinned KLIB/JVM dump exposes implementation ABI
klib-19925a48464b1d65	core	Internal implementation ABI / KLIB dump	common	internal source-property-accessor	no	kotlinx.io/Segment	next	final fun <get-next>(): kotlinx.io/Segment?	0	PublishedApi	none	not-declared-in-source	core/common/src/Segment.kt:122;core/common/src/Segment.kt:514	jvm-75ca446cf19a0e77;jvm-aaa06115c93e5fce	core/common/test/AbstractSourceTest.kt#suite-reference;core/common/test/AbstractSinkTest.kt#suite-reference	Sources/CompilerCore/Stdlib/kotlinx/io/Segment.kt:100;Sources/CompilerCore/Stdlib/kotlinx/io/Segment.kt:488	none	unverified	KUU-1729	in-scope internal implementation ABI; not a public Kotlin source API	KLIB declaration key: kotlinx.io/Segment.next.<get-next>|<get-next>(){}; source declaration line: internal var next: Segment? = null; accessor is linked to a source property and is not a separate callable API; source visibility is non-public; retained because the pinned KLIB/JVM dump exposes implementation ABI
klib-211ce3f5b15e3518	core	Internal implementation ABI / KLIB dump	common	internal source-property-accessor	no	kotlinx.io/Buffer	head	final fun <get-head>(): kotlinx.io/Segment?	0	PublishedApi	none	not-declared-in-source	core/common/src/Buffer.kt:55;core/common/src/Buffer.kt:293;core/common/src/Buffer.kt:528	jvm-3512e1f33bdd47ee;jvm-981db78a8157a797	core/common/test/CommonBufferTest.kt#splitHead;core/jvm/test/BufferTest.kt#suite-reference	Sources/CompilerCore/Stdlib/kotlinx/io/Buffer.kt:40;Sources/CompilerCore/Stdlib/kotlinx/io/Buffer.kt:301;Sources/CompilerCore/Stdlib/kotlinx/io/Buffer.kt:547;Sources/CompilerCore/Stdlib/kotlinx/io/unsafe/UnsafeBufferOperations.kt:104;Sources/CompilerCore/Stdlib/kotlinx/io/unsafe/UnsafeBufferOperations.kt:148	none	unverified	KUU-1729	in-scope internal implementation ABI; not a public Kotlin source API	KLIB declaration key: kotlinx.io/Buffer.head.<get-head>|<get-head>(){}; source declaration line: internal var head: Segment? = null; accessor is linked to a source property and is not a separate callable API; source visibility is non-public; retained because the pinned KLIB/JVM dump exposes implementation ABI
klib-24bd7c6ad4634b77	core	Internal implementation ABI / KLIB dump	common	internal property	no	kotlinx.io/Segment	next	final var next	0	PublishedApi	none	not-declared-in-source	core/common/src/Segment.kt:122;core/common/src/Segment.kt:514	jvm-75ca446cf19a0e77;jvm-aaa06115c93e5fce	core/common/test/AbstractSourceTest.kt#suite-reference;core/common/test/AbstractSinkTest.kt#suite-reference	Sources/CompilerCore/Stdlib/kotlinx/io/Segment.kt:100;Sources/CompilerCore/Stdlib/kotlinx/io/Segment.kt:488	none	unverified	KUU-1729	in-scope internal implementation ABI; not a public Kotlin source API	KLIB declaration key: kotlinx.io/Segment.next|{}next; source declaration line: internal var next: Segment? = null; source visibility is non-public; retained because the pinned KLIB/JVM dump exposes implementation ABI
klib-2d963e0c76f5e362	core	Internal implementation ABI / KLIB dump	common	internal source-property-accessor	no	kotlinx.io/Segment	limit	final fun <get-limit>(): kotlin/Int	0	PublishedApi	none	not-declared-in-source	core/common/src/Segment.kt:99;core/common/src/Segment.kt:245;core/common/src/Segment.kt:253;core/common/src/Segment.kt:263;core/common/src/Segment.kt:466	jvm-92721bc63200d18d;jvm-98dc8444d3a4ea0f	core/common/test/AbstractSourceTest.kt#suite-reference;core/common/test/AbstractSinkTest.kt#suite-reference	Sources/CompilerCore/Stdlib/kotlinx/io/Buffer.kt:275;Sources/CompilerCore/Stdlib/kotlinx/io/Sources.kt:94;Sources/CompilerCore/Stdlib/kotlinx/io/Segment.kt:80;Sources/CompilerCore/Stdlib/kotlinx/io/Segment.kt:221;Sources/CompilerCore/Stdlib/kotlinx/io/Segment.kt:229;Sources/CompilerCore/Stdlib/kotlinx/io/Segment.kt:239;Sources/CompilerCore/Stdlib/kotlinx/io/Segment.kt:440	none	unverified	KUU-1729	in-scope internal implementation ABI; not a public Kotlin source API	KLIB declaration key: kotlinx.io/Segment.limit.<get-limit>|<get-limit>(){}; source declaration line: internal var limit: Int = 0; accessor is linked to a source property and is not a separate callable API; source visibility is non-public; retained because the pinned KLIB/JVM dump exposes implementation ABI
klib-463d4b44b491c12f	core	Internal implementation ABI / KLIB dump	common	internal source-property-accessor	no	kotlinx.io/Buffer	sizeMut	final fun <set-sizeMut>(kotlin/Long)	0	PublishedApi	none	not-declared-in-source	core/common/src/Buffer.kt:71	jvm-d92d97f01dbeaeb3;jvm-c173b88ac7ad7313	core/common/test/CommonBufferTest.kt#suite-reference;core/jvm/test/BufferTest.kt#suite-reference	Sources/CompilerCore/Stdlib/kotlinx/io/Buffer.kt:52	none	unverified	KUU-1729	in-scope internal implementation ABI; not a public Kotlin source API	KLIB declaration key: kotlinx.io/Buffer.sizeMut.<set-sizeMut>|<set-sizeMut>(kotlin.Long){}; source declaration line: internal var sizeMut: Long = 0L; accessor is linked to a source property and is not a separate callable API; source visibility is non-public; retained because the pinned KLIB/JVM dump exposes implementation ABI
klib-47368e9bfba43219	core	Internal implementation ABI / KLIB dump	common	internal source-property-accessor	no	kotlinx.io/Buffer	head	final fun <set-head>(kotlinx.io/Segment?)	0	PublishedApi	none	not-declared-in-source	core/common/src/Buffer.kt:55;core/common/src/Buffer.kt:293;core/common/src/Buffer.kt:528	jvm-3512e1f33bdd47ee;jvm-981db78a8157a797	core/common/test/CommonBufferTest.kt#splitHead;core/jvm/test/BufferTest.kt#suite-reference	Sources/CompilerCore/Stdlib/kotlinx/io/Buffer.kt:40;Sources/CompilerCore/Stdlib/kotlinx/io/Buffer.kt:301;Sources/CompilerCore/Stdlib/kotlinx/io/Buffer.kt:547;Sources/CompilerCore/Stdlib/kotlinx/io/unsafe/UnsafeBufferOperations.kt:104;Sources/CompilerCore/Stdlib/kotlinx/io/unsafe/UnsafeBufferOperations.kt:148	none	unverified	KUU-1729	in-scope internal implementation ABI; not a public Kotlin source API	KLIB declaration key: kotlinx.io/Buffer.head.<set-head>|<set-head>(kotlinx.io.Segment?){}; source declaration line: internal var head: Segment? = null; accessor is linked to a source property and is not a separate callable API; source visibility is non-public; retained because the pinned KLIB/JVM dump exposes implementation ABI
klib-51208115e4144d0a	core	Internal implementation ABI / KLIB dump	common	internal source-property-accessor	no	kotlinx.io.unsafe	SegmentWriteContextImpl	final fun <get-SegmentWriteContextImpl>(): kotlinx.io.unsafe/SegmentWriteContext	0	PublishedApi,UnsafeIoApi	none	not-declared-in-source	core/common/src/unsafe/UnsafeBufferOperations.kt:541	jvm-89957002b0391f9d	core/common/test/unsafe/UnsafeBufferOperationsForEachTest.kt#suite-reference;core/common/test/unsafe/UnsafeBufferOperationsIterationTest.kt#suite-reference;core/common/test/unsafe/UnsafeBufferOperationsMoveTest.kt#suite-reference;core/common/test/unsafe/UnsafeBufferOperationsReadTest.kt#suite-reference;core/common/test/unsafe/UnsafeBufferOperationsWriteTest.kt#suite-reference	none	none	missing	KUU-1729	in-scope internal implementation ABI; not a public Kotlin source API	KLIB declaration key: kotlinx.io.unsafe/SegmentWriteContextImpl.<get-SegmentWriteContextImpl>|<get-SegmentWriteContextImpl>(){}; source declaration line: internal val SegmentWriteContextImpl: SegmentWriteContext = object : SegmentWriteContext {; accessor is linked to a source property and is not a separate callable API; source visibility is non-public; retained because the pinned KLIB/JVM dump exposes implementation ABI
klib-52085b69c8c0292e	core	Internal implementation ABI / KLIB dump	common	internal source-property-accessor	no	kotlinx.io/Segment	next	final fun <set-next>(kotlinx.io/Segment?)	0	PublishedApi	none	not-declared-in-source	core/common/src/Segment.kt:122;core/common/src/Segment.kt:514	jvm-75ca446cf19a0e77;jvm-aaa06115c93e5fce	core/common/test/AbstractSourceTest.kt#suite-reference;core/common/test/AbstractSinkTest.kt#suite-reference	Sources/CompilerCore/Stdlib/kotlinx/io/Segment.kt:100;Sources/CompilerCore/Stdlib/kotlinx/io/Segment.kt:488	none	unverified	KUU-1729	in-scope internal implementation ABI; not a public Kotlin source API	KLIB declaration key: kotlinx.io/Segment.next.<set-next>|<set-next>(kotlinx.io.Segment?){}; source declaration line: internal var next: Segment? = null; accessor is linked to a source property and is not a separate callable API; source visibility is non-public; retained because the pinned KLIB/JVM dump exposes implementation ABI
klib-622f23461f16d7e8	core	Internal implementation ABI / KLIB dump	common	internal function	no	kotlinx.io	seek	final inline fun <#A: kotlin/Any?> (kotlinx.io/Buffer).kotlinx.io/seek(kotlin/Long, kotlin/Function2<kotlinx.io/Segment?, kotlin/Long, #A>): #A	0	InternalIoApi,JvmSynthetic,OptIn,PublishedApi,Suppress	none	@throws IndexOutOfBoundsException when [startIndex] or [endIndex] is out of this buffer bounds; @throws IllegalArgumentException when `startIndex > endIndex`.; @throws IndexOutOfBoundsException when [position] is negative or greater or equal to [Buffer.size].; @throws IllegalArgumentException when [byteCount] is negative.	core/common/src/Buffer.kt:651	jvm-16b4d002cce372f4	core/common/test/CommonBufferTest.kt#suite-reference;core/jvm/test/BufferTest.kt#suite-reference	Sources/CompilerCore/Stdlib/kotlinx/io/Buffer.kt:668	none	unverified	KUU-1729	in-scope internal implementation ABI; not a public Kotlin source API	KLIB declaration key: kotlinx.io/seek|seek@kotlinx.io.Buffer(kotlin.Long;kotlin.Function2<kotlinx.io.Segment?,kotlin.Long,0:0>){0§<kotlin.Any?>}; source declaration line: internal inline fun <T> Buffer.seek(; source visibility is non-public; retained because the pinned KLIB/JVM dump exposes implementation ABI
klib-6af55985ca8a3f6d	core	Internal implementation ABI / KLIB dump	common	internal source-property-accessor	no	kotlinx.io/Segment	pos	final fun <set-pos>(kotlin/Int)	0	PublishedApi	none	not-declared-in-source	core/common/src/Segment.kt:88;core/common/src/Segment.kt:281;core/common/src/Segment.kt:289;core/common/src/Segment.kt:302	jvm-bfaf74c058b12301;jvm-f77d76d2b99f69b0	core/common/test/AbstractSourceTest.kt#suite-reference;core/common/test/AbstractSinkTest.kt#suite-reference	Sources/CompilerCore/Stdlib/kotlinx/io/Segment.kt:71;Sources/CompilerCore/Stdlib/kotlinx/io/Segment.kt:257;Sources/CompilerCore/Stdlib/kotlinx/io/Segment.kt:265;Sources/CompilerCore/Stdlib/kotlinx/io/Segment.kt:280;Sources/CompilerCore/Stdlib/kotlinx/io/PeekSource.kt:28	none	unverified	KUU-1729	in-scope internal implementation ABI; not a public Kotlin source API	KLIB declaration key: kotlinx.io/Segment.pos.<set-pos>|<set-pos>(kotlin.Int){}; source declaration line: internal var pos: Int = 0; accessor is linked to a source property and is not a separate callable API; source visibility is non-public; retained because the pinned KLIB/JVM dump exposes implementation ABI
klib-6d326892ba18c23e	core	Internal implementation ABI / KLIB dump	common	internal property	no	kotlinx.io.unsafe	BufferIterationContextImpl	final val kotlinx.io.unsafe/BufferIterationContextImpl	0	PublishedApi,UnsafeIoApi	none	not-declared-in-source	core/common/src/unsafe/UnsafeBufferOperations.kt:562	jvm-bffae11933b96d93	core/common/test/unsafe/UnsafeBufferOperationsForEachTest.kt#suite-reference;core/common/test/unsafe/UnsafeBufferOperationsIterationTest.kt#suite-reference;core/common/test/unsafe/UnsafeBufferOperationsMoveTest.kt#suite-reference;core/common/test/unsafe/UnsafeBufferOperationsReadTest.kt#suite-reference;core/common/test/unsafe/UnsafeBufferOperationsWriteTest.kt#suite-reference	none	none	missing	KUU-1729	in-scope internal implementation ABI; not a public Kotlin source API	KLIB declaration key: kotlinx.io.unsafe/BufferIterationContextImpl|{}BufferIterationContextImpl; source declaration line: internal val BufferIterationContextImpl: BufferIterationContext = object : BufferIterationContext {; source visibility is non-public; retained because the pinned KLIB/JVM dump exposes implementation ABI
klib-78eaf273a0fd2845	core	Internal implementation ABI / KLIB dump	common	internal function	no	kotlinx.io	startsWith	final fun (kotlinx.io/Source).kotlinx.io/startsWith(kotlin/Byte): kotlin/Boolean	0	none	none	not-declared-in-source	core/apple/src/files/FileSystemApple.kt:39;core/common/src/Sources.kt:466;core/androidNative/src/files/FileSystemAndroid.kt:28;core/linux/src/files/FileSystemLinux.kt:32	jvm-dca5a43e89484e1c	core/common/test/files/SmokeFileTest.kt#suite-reference;core/common/test/AbstractSourceTest.kt#suite-reference;core/common/test/CommonRealSourceTest.kt#suite-reference	Sources/CompilerCore/Stdlib/kotlinx/io/Sources.kt:157;Sources/CompilerCore/Stdlib/kotlinx/io/bytestring/ByteString.kt:173;Sources/CompilerCore/Stdlib/kotlinx/io/bytestring/ByteString.kt:175	Tests/CompilerBackendTests/Integration/BundledStdlibExecutionTests+ByteString.swift	unverified	KUU-1725	in-scope internal implementation ABI; not a public Kotlin source API	KLIB declaration key: kotlinx.io/startsWith|startsWith@kotlinx.io.Source(kotlin.Byte){}; source declaration line: internal actual fun isAbsoluteImpl(path: String): Boolean = path.startsWith('/'); source visibility is non-public; retained because the pinned KLIB/JVM dump exposes implementation ABI
klib-7c1cee29bfe0017e	core	Internal implementation ABI / KLIB dump	common	internal source-property-accessor	no	kotlinx.io/Buffer	tail	final fun <set-tail>(kotlinx.io/Segment?)	0	PublishedApi	none	not-declared-in-source	core/common/src/Buffer.kt:60;core/common/src/Buffer.kt:245;core/common/src/Buffer.kt:379;core/common/src/Buffer.kt:461	jvm-678c2e7f3e2207c4;jvm-98c655eb11d86c76	core/common/test/CommonBufferTest.kt#completeSegmentByteCountOnBufferWithIncompleteTailSegment;core/jvm/test/BufferTest.kt#readFromDoesNotLeaveEmptyTailSegment	Sources/CompilerCore/Stdlib/kotlinx/io/Buffer.kt:43;Sources/CompilerCore/Stdlib/kotlinx/io/Buffer.kt:226;Sources/CompilerCore/Stdlib/kotlinx/io/Buffer.kt:396;Sources/CompilerCore/Stdlib/kotlinx/io/Buffer.kt:480;Sources/CompilerCore/Stdlib/kotlinx/io/unsafe/UnsafeBufferOperations.kt:53;Sources/CompilerCore/Stdlib/kotlinx/io/unsafe/UnsafeBufferOperations.kt:199;Sources/CompilerCore/Stdlib/kotlinx/io/unsafe/UnsafeBufferOperations.kt:266	Tests/CompilerBackendTests/Integration/BundledStdlibExecutionTests+KtorIOCoverage.swift	unverified	KUU-1729	in-scope internal implementation ABI; not a public Kotlin source API	KLIB declaration key: kotlinx.io/Buffer.tail.<set-tail>|<set-tail>(kotlinx.io.Segment?){}; source declaration line: internal var tail: Segment? = null; accessor is linked to a source property and is not a separate callable API; source visibility is non-public; retained because the pinned KLIB/JVM dump exposes implementation ABI
klib-80388c3ba30d5f55	core	Internal implementation ABI / KLIB dump	common	internal property	no	kotlinx.io.unsafe	SegmentReadContextImpl	final val kotlinx.io.unsafe/SegmentReadContextImpl	0	PublishedApi,UnsafeIoApi	none	not-declared-in-source	core/common/src/unsafe/UnsafeBufferOperations.kt:534	jvm-f8c529b67df6423d	core/common/test/unsafe/UnsafeBufferOperationsForEachTest.kt#suite-reference;core/common/test/unsafe/UnsafeBufferOperationsIterationTest.kt#suite-reference;core/common/test/unsafe/UnsafeBufferOperationsMoveTest.kt#suite-reference;core/common/test/unsafe/UnsafeBufferOperationsReadTest.kt#suite-reference;core/common/test/unsafe/UnsafeBufferOperationsWriteTest.kt#suite-reference	none	none	missing	KUU-1729	in-scope internal implementation ABI; not a public Kotlin source API	KLIB declaration key: kotlinx.io.unsafe/SegmentReadContextImpl|{}SegmentReadContextImpl; source declaration line: internal val SegmentReadContextImpl: SegmentReadContext = object : SegmentReadContext {; source visibility is non-public; retained because the pinned KLIB/JVM dump exposes implementation ABI
klib-952eb71e7667983b	core	Internal implementation ABI / KLIB dump	common	internal function	no	kotlinx.io/Segment	dataAsByteArray	final fun dataAsByteArray(kotlin/Boolean): kotlin/ByteArray	0	JvmSynthetic,PublishedApi,Suppress	none	not-declared-in-source	core/common/src/Segment.kt:377	jvm-f7053c9293f03a10	core/common/test/AbstractSourceTest.kt#suite-reference;core/common/test/AbstractSinkTest.kt#suite-reference	Sources/CompilerCore/Stdlib/kotlinx/io/Segment.kt:354	none	unverified	KUU-1729	in-scope internal implementation ABI; not a public Kotlin source API	KLIB declaration key: kotlinx.io/Segment.dataAsByteArray|dataAsByteArray(kotlin.Boolean){}; source declaration line: internal fun dataAsByteArray(readOnly: Boolean): ByteArray = data; source visibility is non-public; retained because the pinned KLIB/JVM dump exposes implementation ABI
klib-a8714b18bc10029f	core	Internal implementation ABI / KLIB dump	common	internal property	no	kotlinx.io/Segment	prev	final var prev	0	PublishedApi	none	not-declared-in-source	core/common/src/Segment.kt:128	jvm-6e0d6c8ec6bd019d;jvm-06a7e274ac1fcfe4	core/common/test/AbstractSourceTest.kt#suite-reference;core/common/test/AbstractSinkTest.kt#suite-reference	Sources/CompilerCore/Stdlib/kotlinx/io/Segment.kt:104	none	unverified	KUU-1729	in-scope internal implementation ABI; not a public Kotlin source API	KLIB declaration key: kotlinx.io/Segment.prev|{}prev; source declaration line: internal var prev: Segment? = null; source visibility is non-public; retained because the pinned KLIB/JVM dump exposes implementation ABI
klib-ab8cfb69f8e21afb	core	Internal implementation ABI / KLIB dump	common	internal function	no	kotlinx.io/Buffer	writableSegment	final fun writableSegment(kotlin/Int): kotlinx.io/Segment	0	JvmSynthetic,PublishedApi	none	not-declared-in-source	core/common/src/Buffer.kt:354	jvm-2ee912ef99c6a874	core/common/test/CommonBufferTest.kt#suite-reference;core/jvm/test/BufferTest.kt#suite-reference	Sources/CompilerCore/Stdlib/kotlinx/io/Buffer.kt:361	none	unverified	KUU-1729	in-scope internal implementation ABI; not a public Kotlin source API	KLIB declaration key: kotlinx.io/Buffer.writableSegment|writableSegment(kotlin.Int){}; source declaration line: internal fun writableSegment(minimumCapacity: Int): Segment {; source visibility is non-public; retained because the pinned KLIB/JVM dump exposes implementation ABI
klib-adb895c199d56841	core	Internal implementation ABI / KLIB dump	common	internal source-property-accessor	no	kotlinx.io/Segment	pos	final fun <get-pos>(): kotlin/Int	0	PublishedApi	none	not-declared-in-source	core/common/src/Segment.kt:88;core/common/src/Segment.kt:281;core/common/src/Segment.kt:289;core/common/src/Segment.kt:302	jvm-bfaf74c058b12301;jvm-f77d76d2b99f69b0	core/common/test/AbstractSourceTest.kt#suite-reference;core/common/test/AbstractSinkTest.kt#suite-reference	Sources/CompilerCore/Stdlib/kotlinx/io/Segment.kt:71;Sources/CompilerCore/Stdlib/kotlinx/io/Segment.kt:257;Sources/CompilerCore/Stdlib/kotlinx/io/Segment.kt:265;Sources/CompilerCore/Stdlib/kotlinx/io/Segment.kt:280;Sources/CompilerCore/Stdlib/kotlinx/io/PeekSource.kt:28	none	unverified	KUU-1729	in-scope internal implementation ABI; not a public Kotlin source API	KLIB declaration key: kotlinx.io/Segment.pos.<get-pos>|<get-pos>(){}; source declaration line: internal var pos: Int = 0; accessor is linked to a source property and is not a separate callable API; source visibility is non-public; retained because the pinned KLIB/JVM dump exposes implementation ABI
klib-b0bea4e1717fa6e0	core	Internal implementation ABI / KLIB dump	common	internal source-property-accessor	no	kotlinx.io/Segment	prev	final fun <set-prev>(kotlinx.io/Segment?)	0	PublishedApi	none	not-declared-in-source	core/common/src/Segment.kt:128	jvm-6e0d6c8ec6bd019d;jvm-06a7e274ac1fcfe4	core/common/test/AbstractSourceTest.kt#suite-reference;core/common/test/AbstractSinkTest.kt#suite-reference	Sources/CompilerCore/Stdlib/kotlinx/io/Segment.kt:104	none	unverified	KUU-1729	in-scope internal implementation ABI; not a public Kotlin source API	KLIB declaration key: kotlinx.io/Segment.prev.<set-prev>|<set-prev>(kotlinx.io.Segment?){}; source declaration line: internal var prev: Segment? = null; accessor is linked to a source property and is not a separate callable API; source visibility is non-public; retained because the pinned KLIB/JVM dump exposes implementation ABI
klib-b170c0f57a48a601	core	Internal implementation ABI / KLIB dump	common	internal source-property-accessor	no	kotlinx.io/Segment	limit	final fun <set-limit>(kotlin/Int)	0	PublishedApi	none	not-declared-in-source	core/common/src/Segment.kt:99;core/common/src/Segment.kt:245;core/common/src/Segment.kt:253;core/common/src/Segment.kt:263;core/common/src/Segment.kt:466	jvm-92721bc63200d18d;jvm-98dc8444d3a4ea0f	core/common/test/AbstractSourceTest.kt#suite-reference;core/common/test/AbstractSinkTest.kt#suite-reference	Sources/CompilerCore/Stdlib/kotlinx/io/Buffer.kt:275;Sources/CompilerCore/Stdlib/kotlinx/io/Sources.kt:94;Sources/CompilerCore/Stdlib/kotlinx/io/Segment.kt:80;Sources/CompilerCore/Stdlib/kotlinx/io/Segment.kt:221;Sources/CompilerCore/Stdlib/kotlinx/io/Segment.kt:229;Sources/CompilerCore/Stdlib/kotlinx/io/Segment.kt:239;Sources/CompilerCore/Stdlib/kotlinx/io/Segment.kt:440	none	unverified	KUU-1729	in-scope internal implementation ABI; not a public Kotlin source API	KLIB declaration key: kotlinx.io/Segment.limit.<set-limit>|<set-limit>(kotlin.Int){}; source declaration line: internal var limit: Int = 0; accessor is linked to a source property and is not a separate callable API; source visibility is non-public; retained because the pinned KLIB/JVM dump exposes implementation ABI
klib-bc524370ccf4a2da	core	Internal implementation ABI / KLIB dump	common	internal source-property-accessor	no	kotlinx.io.unsafe	SegmentReadContextImpl	final fun <get-SegmentReadContextImpl>(): kotlinx.io.unsafe/SegmentReadContext	0	PublishedApi,UnsafeIoApi	none	not-declared-in-source	core/common/src/unsafe/UnsafeBufferOperations.kt:534	jvm-f8c529b67df6423d	core/common/test/unsafe/UnsafeBufferOperationsForEachTest.kt#suite-reference;core/common/test/unsafe/UnsafeBufferOperationsIterationTest.kt#suite-reference;core/common/test/unsafe/UnsafeBufferOperationsMoveTest.kt#suite-reference;core/common/test/unsafe/UnsafeBufferOperationsReadTest.kt#suite-reference;core/common/test/unsafe/UnsafeBufferOperationsWriteTest.kt#suite-reference	none	none	missing	KUU-1729	in-scope internal implementation ABI; not a public Kotlin source API	KLIB declaration key: kotlinx.io.unsafe/SegmentReadContextImpl.<get-SegmentReadContextImpl>|<get-SegmentReadContextImpl>(){}; source declaration line: internal val SegmentReadContextImpl: SegmentReadContext = object : SegmentReadContext {; accessor is linked to a source property and is not a separate callable API; source visibility is non-public; retained because the pinned KLIB/JVM dump exposes implementation ABI
klib-c08a0991fed339e4	core	Internal implementation ABI / KLIB dump	common	internal property	no	kotlinx.io/Segment	limit	final var limit	0	PublishedApi	none	not-declared-in-source	core/common/src/Segment.kt:99;core/common/src/Segment.kt:245;core/common/src/Segment.kt:253;core/common/src/Segment.kt:263;core/common/src/Segment.kt:466	jvm-92721bc63200d18d;jvm-98dc8444d3a4ea0f	core/common/test/AbstractSourceTest.kt#suite-reference;core/common/test/AbstractSinkTest.kt#suite-reference	Sources/CompilerCore/Stdlib/kotlinx/io/Buffer.kt:275;Sources/CompilerCore/Stdlib/kotlinx/io/Sources.kt:94;Sources/CompilerCore/Stdlib/kotlinx/io/Segment.kt:80;Sources/CompilerCore/Stdlib/kotlinx/io/Segment.kt:221;Sources/CompilerCore/Stdlib/kotlinx/io/Segment.kt:229;Sources/CompilerCore/Stdlib/kotlinx/io/Segment.kt:239;Sources/CompilerCore/Stdlib/kotlinx/io/Segment.kt:440	none	unverified	KUU-1729	in-scope internal implementation ABI; not a public Kotlin source API	KLIB declaration key: kotlinx.io/Segment.limit|{}limit; source declaration line: internal var limit: Int = 0; source visibility is non-public; retained because the pinned KLIB/JVM dump exposes implementation ABI
klib-cdf27cf501985dc7	core	Internal implementation ABI / KLIB dump	common	internal function	no	kotlinx.io/Buffer	recycleTail	final fun recycleTail()	0	JvmSynthetic,PublishedApi	none	not-declared-in-source	core/common/src/Buffer.kt:615	jvm-054d4cd85fa33b4d	core/common/test/CommonBufferTest.kt#suite-reference;core/jvm/test/BufferTest.kt#suite-reference	Sources/CompilerCore/Stdlib/kotlinx/io/Buffer.kt:633	none	unverified	KUU-1729	in-scope internal implementation ABI; not a public Kotlin source API	KLIB declaration key: kotlinx.io/Buffer.recycleTail|recycleTail(){}; source declaration line: internal fun recycleTail() {; source visibility is non-public; retained because the pinned KLIB/JVM dump exposes implementation ABI
klib-d5ac857d4e96b1ad	core	Internal implementation ABI / KLIB dump	common	internal function	no	kotlinx.io/Segment	writeBackData	final fun writeBackData(kotlin/ByteArray, kotlin/Int)	0	JvmSynthetic,PublishedApi,Suppress	none	not-declared-in-source	core/common/src/Segment.kt:388	jvm-7f25e02165e30b43	core/common/test/AbstractSourceTest.kt#suite-reference;core/common/test/AbstractSinkTest.kt#suite-reference	Sources/CompilerCore/Stdlib/kotlinx/io/Segment.kt:364	none	unverified	KUU-1729	in-scope internal implementation ABI; not a public Kotlin source API	KLIB declaration key: kotlinx.io/Segment.writeBackData|writeBackData(kotlin.ByteArray;kotlin.Int){}; source declaration line: internal fun writeBackData(data: ByteArray, bytesToCommit: Int): Unit = Unit; source visibility is non-public; retained because the pinned KLIB/JVM dump exposes implementation ABI
klib-d68bb2a80f7861e1	core	Internal implementation ABI / KLIB dump	common	internal property	no	kotlinx.io/Buffer	sizeMut	final var sizeMut	0	PublishedApi	none	not-declared-in-source	core/common/src/Buffer.kt:71	jvm-d92d97f01dbeaeb3;jvm-c173b88ac7ad7313	core/common/test/CommonBufferTest.kt#suite-reference;core/jvm/test/BufferTest.kt#suite-reference	Sources/CompilerCore/Stdlib/kotlinx/io/Buffer.kt:52	none	unverified	KUU-1729	in-scope internal implementation ABI; not a public Kotlin source API	KLIB declaration key: kotlinx.io/Buffer.sizeMut|{}sizeMut; source declaration line: internal var sizeMut: Long = 0L; source visibility is non-public; retained because the pinned KLIB/JVM dump exposes implementation ABI
klib-f3f261611e79ec6a	core	Internal implementation ABI / KLIB dump	common	internal source-property-accessor	no	kotlinx.io.unsafe	BufferIterationContextImpl	final fun <get-BufferIterationContextImpl>(): kotlinx.io.unsafe/BufferIterationContext	0	PublishedApi,UnsafeIoApi	none	not-declared-in-source	core/common/src/unsafe/UnsafeBufferOperations.kt:562	jvm-bffae11933b96d93	core/common/test/unsafe/UnsafeBufferOperationsForEachTest.kt#suite-reference;core/common/test/unsafe/UnsafeBufferOperationsIterationTest.kt#suite-reference;core/common/test/unsafe/UnsafeBufferOperationsMoveTest.kt#suite-reference;core/common/test/unsafe/UnsafeBufferOperationsReadTest.kt#suite-reference;core/common/test/unsafe/UnsafeBufferOperationsWriteTest.kt#suite-reference	none	none	missing	KUU-1729	in-scope internal implementation ABI; not a public Kotlin source API	KLIB declaration key: kotlinx.io.unsafe/BufferIterationContextImpl.<get-BufferIterationContextImpl>|<get-BufferIterationContextImpl>(){}; source declaration line: internal val BufferIterationContextImpl: BufferIterationContext = object : BufferIterationContext {; accessor is linked to a source property and is not a separate callable API; source visibility is non-public; retained because the pinned KLIB/JVM dump exposes implementation ABI
klib-f7ad84e0edfb56d8	core	Internal implementation ABI / KLIB dump	common	internal property	no	kotlinx.io/Segment	pos	final var pos	0	PublishedApi	none	not-declared-in-source	core/common/src/Segment.kt:88;core/common/src/Segment.kt:281;core/common/src/Segment.kt:289;core/common/src/Segment.kt:302	jvm-bfaf74c058b12301;jvm-f77d76d2b99f69b0	core/common/test/AbstractSourceTest.kt#suite-reference;core/common/test/AbstractSinkTest.kt#suite-reference	Sources/CompilerCore/Stdlib/kotlinx/io/Segment.kt:71;Sources/CompilerCore/Stdlib/kotlinx/io/Segment.kt:257;Sources/CompilerCore/Stdlib/kotlinx/io/Segment.kt:265;Sources/CompilerCore/Stdlib/kotlinx/io/Segment.kt:280;Sources/CompilerCore/Stdlib/kotlinx/io/PeekSource.kt:28	none	unverified	KUU-1729	in-scope internal implementation ABI; not a public Kotlin source API	KLIB declaration key: kotlinx.io/Segment.pos|{}pos; source declaration line: internal var pos: Int = 0; source visibility is non-public; retained because the pinned KLIB/JVM dump exposes implementation ABI
klib-f821ab2efe292bc7	core	Internal implementation ABI / KLIB dump	common	internal property	no	kotlinx.io/Buffer	tail	final var tail	0	PublishedApi	none	not-declared-in-source	core/common/src/Buffer.kt:60;core/common/src/Buffer.kt:245;core/common/src/Buffer.kt:379;core/common/src/Buffer.kt:461	jvm-678c2e7f3e2207c4;jvm-98c655eb11d86c76	core/common/test/CommonBufferTest.kt#completeSegmentByteCountOnBufferWithIncompleteTailSegment;core/jvm/test/BufferTest.kt#readFromDoesNotLeaveEmptyTailSegment	Sources/CompilerCore/Stdlib/kotlinx/io/Buffer.kt:43;Sources/CompilerCore/Stdlib/kotlinx/io/Buffer.kt:226;Sources/CompilerCore/Stdlib/kotlinx/io/Buffer.kt:396;Sources/CompilerCore/Stdlib/kotlinx/io/Buffer.kt:480;Sources/CompilerCore/Stdlib/kotlinx/io/unsafe/UnsafeBufferOperations.kt:53;Sources/CompilerCore/Stdlib/kotlinx/io/unsafe/UnsafeBufferOperations.kt:199;Sources/CompilerCore/Stdlib/kotlinx/io/unsafe/UnsafeBufferOperations.kt:266	Tests/CompilerBackendTests/Integration/BundledStdlibExecutionTests+KtorIOCoverage.swift	unverified	KUU-1729	in-scope internal implementation ABI; not a public Kotlin source API	KLIB declaration key: kotlinx.io/Buffer.tail|{}tail; source declaration line: internal var tail: Segment? = null; source visibility is non-public; retained because the pinned KLIB/JVM dump exposes implementation ABI
klib-f86210a13361b409	core	Internal implementation ABI / KLIB dump	common	internal source-property-accessor	no	kotlinx.io/Buffer	sizeMut	final fun <get-sizeMut>(): kotlin/Long	0	PublishedApi	none	not-declared-in-source	core/common/src/Buffer.kt:71	jvm-d92d97f01dbeaeb3;jvm-c173b88ac7ad7313	core/common/test/CommonBufferTest.kt#suite-reference;core/jvm/test/BufferTest.kt#suite-reference	Sources/CompilerCore/Stdlib/kotlinx/io/Buffer.kt:52	none	unverified	KUU-1729	in-scope internal implementation ABI; not a public Kotlin source API	KLIB declaration key: kotlinx.io/Buffer.sizeMut.<get-sizeMut>|<get-sizeMut>(){}; source declaration line: internal var sizeMut: Long = 0L; accessor is linked to a source property and is not a separate callable API; source visibility is non-public; retained because the pinned KLIB/JVM dump exposes implementation ABI
klib-fd49c613d2925d70	core	Internal implementation ABI / KLIB dump	common	internal function	no	kotlinx.io	isEmpty	final fun (kotlinx.io/Segment).kotlinx.io/isEmpty(): kotlin/Boolean	0	PublishedApi	none	not-declared-in-source	core/common/src/Segment.kt:534	jvm-11b8ac13bf35acdc	core/common/test/AbstractSourceTest.kt#suite-reference;core/common/test/AbstractSinkTest.kt#suite-reference	Sources/CompilerCore/Stdlib/kotlinx/io/Segment.kt:508;Sources/CompilerCore/Stdlib/kotlinx/io/bytestring/ByteString.kt:114	Tests/CompilerCoreTests/Sema/KotlinxIOPathSourceTests.swift;Tests/RuntimeTests/RuntimeIoFileSystemTests.swift	unverified	KUU-1729	in-scope internal implementation ABI; not a public Kotlin source API	KLIB declaration key: kotlinx.io/isEmpty|isEmpty@kotlinx.io.Segment(){}; source declaration line: internal fun Segment.isEmpty(): Boolean = size == 0; source visibility is non-public; retained because the pinned KLIB/JVM dump exposes implementation ABI
jvm-011b45a35d483266	core	JVM public ABI dump	JVM	class	yes	kotlinx/io/files/FileMetadata	FileMetadata	public final class kotlinx/io/files/FileMetadata {	n/a	none	none	not-declared-in-source	core/common/src/files/FileSystem.kt:195	klib-998e3a41ef776da3;klib-8ad508ac6d89d176	core/common/test/files/SmokeFileTest.kt#fileMetadata	Sources/CompilerCore/Stdlib/kotlinx/io/files/FileSystem.kt:66	none	unverified	KUU-1725	in-scope JVM ABI and Java interoperability	JVM entry class line 240; source line: public class FileMetadata(; generated kind: source
jvm-022e6212ad69c537	core	JVM public ABI dump	JVM	function	yes	kotlinx/io/Buffer	readShort	public fun readShort ()S	n/a	none	none	not-declared-in-source	core/common/src/Buffer.kt:108	klib-0e938793c50b37d6	core/common/test/CommonBufferTest.kt#suite-reference;core/jvm/test/BufferTest.kt#suite-reference	Sources/CompilerCore/Stdlib/kotlinx/io/Buffer.kt:89;Sources/CompilerCore/Stdlib/kotlinx/io/Sources.kt:10;Sources/CompilerCore/Stdlib/kotlinx/io/Sources.kt:147;Sources/CompilerCore/Stdlib/kotlinx/io/Source.kt:41;Sources/CompilerCore/Stdlib/kotlinx/io/Segment.kt:255;Sources/CompilerCore/Stdlib/kotlinx/io/RealSource.kt:95	none	unverified	KUU-1729	in-scope JVM ABI and Java interoperability	JVM entry class line 24; source line: override fun readShort(): Short {; generated kind: source
jvm-022f17493aed86e5	core	JVM public ABI dump	JVM	JVM-mangled source function	yes	kotlinx/io/SinksKt	writeUShort-i8woANY	public static final fun writeUShort-i8woANY (Lkotlinx/io/Sink;S)V	n/a	none	none	@throws IllegalStateException when the sink is closed.; @throws IOException when some I/O error occurs.	core/common/src/Sinks.kt:196		core/common/test/AbstractSinkTest.kt#writeUShort;core/common/test/AbstractSinkTest.kt#writeUShortLe;core/common/test/CommonRealSinkTest.kt#suite-reference	Sources/CompilerCore/Stdlib/kotlinx/io/Sinks.kt:194	none	unverified	KUU-1731	in-scope JVM ABI and Java interoperability	JVM entry class line 167; source line: public fun Sink.writeUShort(short: UShort) {; generated kind: JVM-mangled source function
jvm-03230651bf447239	core	JVM public ABI dump	JVM	JVM file facade	no	kotlinx/io/files/PathsJvmKt	PathsJvmKt	public final class kotlinx/io/files/PathsJvmKt {	n/a	none	none	not-declared-in-source	source declaration not found by name		core/common/test/files/SmokeFileTest.kt#suite-reference	none	none	unverified	KUU-1725	in-scope JVM ABI and Java interoperability	JVM entry class line 278; source line: ; generated kind: JVM file facade; generated JVM ABI presence cannot be established from Kotlin source-name matching alone
jvm-03ad4cbeb43abc13	core	JVM public ABI dump	JVM	default/synthetic bridge	no	kotlinx/io/Sink	write$default	public static synthetic fun write$default (Lkotlinx/io/Sink;[BIIILjava/lang/Object;)V	n/a	none	none	@throws IndexOutOfBoundsException when [startIndex] or [endIndex] is out of range of [source] array indices.; @throws IllegalArgumentException when `startIndex > endIndex`.; @throws IllegalStateException when the sink is closed.; @throws IOException when some I/O error occurs.	core/common/src/Sink.kt:88;core/common/src/Sink.kt:119	klib-00fa8d5d9f11e43f;klib-745d0e6a927e88a7	core/common/test/AbstractSinkTest.kt#writeByteArray;core/common/test/AbstractSinkTest.kt#writeNothing;core/common/test/AbstractSinkTest.kt#writeByte;core/common/test/AbstractSinkTest.kt#writeBytes;core/common/test/AbstractSinkTest.kt#writeLastByteInSegment;core/common/test/AbstractSinkTest.kt#writeShort;core/common/test/AbstractSinkTest.kt#writeShorts;core/common/test/AbstractSinkTest.kt#writeShortLe;core/common/test/CommonRealSinkTest.kt#writeAll;core/common/test/CommonRealSinkTest.kt#writeAllExhausted;core/common/test/CommonRealSinkTest.kt#writeAllWritesOneSegmentAtATime	Sources/CompilerCore/Stdlib/kotlinx/io/Buffer.kt:384;Sources/CompilerCore/Stdlib/kotlinx/io/Buffer.kt:388;Sources/CompilerCore/Stdlib/kotlinx/io/Buffer.kt:392;Sources/CompilerCore/Stdlib/kotlinx/io/Buffer.kt:404;Sources/CompilerCore/Stdlib/kotlinx/io/Buffer.kt:419;Sources/CompilerCore/Stdlib/kotlinx/io/JvmCore.kt:25;Sources/CompilerCore/Stdlib/kotlinx/io/ByteStrings.kt:16;Sources/CompilerCore/Stdlib/kotlinx/io/RawSink.kt:18;Sources/CompilerCore/Stdlib/kotlinx/io/Segment.kt:321;Sources/CompilerCore/Stdlib/kotlinx/io/Sink.kt:24;Sources/CompilerCore/Stdlib/kotlinx/io/Sink.kt:29;Sources/CompilerCore/Stdlib/kotlinx/io/Sink.kt:35;Sources/CompilerCore/Stdlib/kotlinx/io/Sink.kt:46;Sources/CompilerCore/Stdlib/kotlinx/io/RealSink.kt:22;Sources/CompilerCore/Stdlib/kotlinx/io/RealSink.kt:29;Sources/CompilerCore/Stdlib/kotlinx/io/RealSink.kt:33;Sources/CompilerCore/Stdlib/kotlinx/io/RealSink.kt:37;Sources/CompilerCore/Stdlib/kotlinx/io/RealSink.kt:56;Sources/CompilerCore/Stdlib/kotlinx/io/Core.kt:26;Sources/CompilerCore/Stdlib/kotlinx/io/files/FileSystem.kt:105	Tests/CompilerBackendTests/Integration/BundledStdlibExecutionTests+KtorIOCoverage.swift;Tests/RuntimeTests/RuntimeIoFileSystemTests.swift	unverified	KUU-1725	in-scope JVM ABI and Java interoperability	JVM entry class line 136; source line: public fun write(source: ByteArray, startIndex: Int = 0, endIndex: Int = source.size); generated kind: default/synthetic bridge; generated JVM ABI presence cannot be established from Kotlin source-name matching alone
jvm-03f47bd77ab530ed	core	JVM public ABI dump	JVM	class	yes	kotlinx/io/files/Path	Path	public final class kotlinx/io/files/Path {	n/a	none	none	not-declared-in-source	core/common/src/files/Paths.kt:17;core/jvm/src/files/PathsJvm.kt:13;core/native/src/files/PathsNative.kt:18;core/nodeFilesystemShared/src/files/PathsNodeJs.kt:14;core/nodeFilesystemShared/src/node/path.kt:8;core/wasmWasi/src/files/PathsWasm.kt:8	klib-6b354812fb812d2e	core/common/test/files/SmokeFileTest.kt#pathParent;core/common/test/files/SmokeFileTest.kt#pathConcat;core/common/test/files/SmokeFileTest.kt#pathEquality;core/common/test/files/UtilsTest.kt#testPathTrimmingUnix;core/common/test/files/UtilsTest.kt#testPathTrimmingWindows	Sources/CompilerCore/Stdlib/kotlinx/io/files/Paths.kt:11	Tests/CompilerCoreTests/Sema/KotlinxIOPathSourceTests.swift;Tests/CompilerBackendTests/Integration/BundledStdlibExecutionTests+KtorIOCoverage.swift;Tests/RuntimeTests/RuntimeIoFileSystemTests.swift	unverified	KUU-1725	in-scope JVM ABI and Java interoperability	JVM entry class line 269; source line: public expect class Path {; generated kind: source
jvm-04f9c66bafd8712c	core	JVM public ABI dump	JVM	function	yes	kotlinx/io/CoreKt	discardingSink	public static final fun discardingSink ()Lkotlinx/io/RawSink;	n/a	none	none	not-declared-in-source	core/common/src/Core.kt:39		core/common/test/AbstractSourceTest.kt#suite-reference;core/common/test/AbstractSinkTest.kt#suite-reference	Sources/CompilerCore/Stdlib/kotlinx/io/Core.kt:23	none	unverified	KUU-1730	in-scope JVM ABI and Java interoperability	JVM entry class line 82; source line: public fun discardingSink(): RawSink = DiscardingSink(); generated kind: source
jvm-054d4cd85fa33b4d	core	JVM public ABI dump	JVM	default/synthetic bridge	no	kotlinx/io/Buffer	recycleTail	public final synthetic fun recycleTail ()V	n/a	JvmSynthetic,PublishedApi	none	not-declared-in-source	core/common/src/Buffer.kt:615	klib-cdf27cf501985dc7	core/common/test/CommonBufferTest.kt#suite-reference;core/jvm/test/BufferTest.kt#suite-reference	Sources/CompilerCore/Stdlib/kotlinx/io/Buffer.kt:633	none	unverified	KUU-1729	in-scope JVM ABI and Java interoperability	JVM entry class line 26; source line: internal fun recycleTail() {; generated kind: default/synthetic bridge; generated JVM ABI presence cannot be established from Kotlin source-name matching alone
jvm-0572ad84e83e240c	core	JVM public ABI dump	JVM	function	yes	kotlinx/io/SourcesKt	readUShort	public static final fun readUShort (Lkotlinx/io/Source;)S	n/a	none	none	@throws EOFException when there are not enough data to read an unsigned short value.; @throws IllegalStateException when the source is closed.; @throws IOException when some I/O error occurs.	core/common/src/Sources.kt:328		core/common/test/AbstractSourceTest.kt#suite-reference;core/common/test/CommonRealSourceTest.kt#suite-reference	Sources/CompilerCore/Stdlib/kotlinx/io/Sources.kt:147	none	unverified	KUU-1731	in-scope JVM ABI and Java interoperability	JVM entry class line 217; source line: public fun Source.readUShort(): UShort = readShort().toUShort(); generated kind: source
jvm-058c936aca1c886f	core	JVM public ABI dump	JVM	function	yes	kotlinx/io/Buffer	copyTo	public final fun copyTo (Lkotlinx/io/Buffer;JJ)V	n/a	none	none	@throws IndexOutOfBoundsException when [startIndex] or [endIndex] is out of this buffer bounds; @throws IllegalArgumentException when `startIndex > endIndex`.	core/common/src/Buffer.kt:203	klib-ad970e42737004ba	core/common/test/CommonBufferTest.kt#copyTo;core/common/test/CommonBufferTest.kt#copyToAll;core/common/test/CommonBufferTest.kt#copyToWithOnlyStartIndex;core/common/test/CommonBufferTest.kt#copyToWithOnlyEndIndex;core/common/test/CommonBufferTest.kt#copyToOnSegmentBoundary;core/common/test/CommonBufferTest.kt#copyToOffSegmentBoundary;core/common/test/CommonBufferTest.kt#copyToSourceAndTargetCanBeTheSame;core/common/test/CommonBufferTest.kt#copyToEmptySource;core/jvm/test/BufferTest.kt#copyToSpanningSegments;core/jvm/test/BufferTest.kt#copyToSkippingSegments;core/jvm/test/BufferTest.kt#copyToStream;core/jvm/test/BufferTest.kt#copyToOutputStream;core/jvm/test/BufferTest.kt#copyToOutputStreamWithStartIndex;core/jvm/test/BufferTest.kt#copyToOutputStreamWithEndIndex;core/jvm/test/BufferTest.kt#copyToOutputStreamWithIndices;core/jvm/test/BufferTest.kt#copyToOutputStreamWithEmptyRange	Sources/CompilerCore/Stdlib/kotlinx/io/Buffer.kt:184	none	unverified	KUU-1729	in-scope JVM ABI and Java interoperability	JVM entry class line 6; source line: public fun copyTo(; generated kind: source
jvm-062caa9941e9a4d4	core	JVM public ABI dump	JVM	function	yes	kotlinx/io/Sink	writeShort	public abstract fun writeShort (S)V	n/a	none	none	@throws IllegalStateException when the sink is closed.; @throws IOException when some I/O error occurs.	core/common/src/Sink.kt:143	klib-3d41c73755becbfd	core/common/test/AbstractSinkTest.kt#writeShort;core/common/test/AbstractSinkTest.kt#writeShorts;core/common/test/AbstractSinkTest.kt#writeShortLe;core/common/test/CommonRealSinkTest.kt#suite-reference	Sources/CompilerCore/Stdlib/kotlinx/io/Buffer.kt:525;Sources/CompilerCore/Stdlib/kotlinx/io/Segment.kt:219;Sources/CompilerCore/Stdlib/kotlinx/io/Sink.kt:56;Sources/CompilerCore/Stdlib/kotlinx/io/RealSink.kt:79	none	unverified	KUU-1731	in-scope JVM ABI and Java interoperability	JVM entry class line 140; source line: public fun writeShort(short: Short); generated kind: source
jvm-06a7e274ac1fcfe4	core	JVM public ABI dump	JVM	published internal accessor	no	kotlinx/io/Segment	setPrev	public final synthetic fun setPrev (Lkotlinx/io/Segment;)V	n/a	PublishedApi	none	not-declared-in-source	core/common/src/Segment.kt:128	klib-a8714b18bc10029f;klib-103b5bb1afb58e94;klib-b0bea4e1717fa6e0	core/common/test/AbstractSourceTest.kt#suite-reference;core/common/test/AbstractSinkTest.kt#suite-reference	Sources/CompilerCore/Stdlib/kotlinx/io/Segment.kt:104	none	unverified	KUU-1729	in-scope JVM ABI and Java interoperability	JVM entry class line 120; source line: internal var prev: Segment? = null; generated kind: published internal accessor; generated JVM ABI presence cannot be established from Kotlin source-name matching alone
jvm-087be20b33ddd9c6	core	JVM public ABI dump	JVM	function	yes	kotlinx/io/Buffer	write	public fun write (Lkotlinx/io/Buffer;J)V	n/a	none	none	not-declared-in-source	core/common/src/Buffer.kt:375;core/common/src/Buffer.kt:387;core/common/src/Buffer.kt:402	klib-3445037415447ceb;klib-287cb83cbbb8abf0;klib-f7b67ed1f0fd800e	core/common/test/CommonBufferTest.kt#readAndWriteUtf8;core/common/test/CommonBufferTest.kt#writeSplitSourceBufferLeft;core/common/test/CommonBufferTest.kt#writeSplitSourceBufferRight;core/common/test/CommonBufferTest.kt#writePrefixDoesntSplit;core/common/test/CommonBufferTest.kt#writePrefixDoesntSplitButRequiresCompact;core/common/test/CommonBufferTest.kt#writeSourceWithNegativeNumberOfBytes;core/common/test/CommonBufferTest.kt#writePrefixToEmptyBuffer;core/common/test/CommonBufferTest.kt#readAllWritesAllSegmentsAtOnce;core/jvm/test/BufferTest.kt#writeToSpanningSegments;core/jvm/test/BufferTest.kt#writeToStream	Sources/CompilerCore/Stdlib/kotlinx/io/Buffer.kt:384;Sources/CompilerCore/Stdlib/kotlinx/io/Buffer.kt:388;Sources/CompilerCore/Stdlib/kotlinx/io/Buffer.kt:392;Sources/CompilerCore/Stdlib/kotlinx/io/Buffer.kt:404;Sources/CompilerCore/Stdlib/kotlinx/io/Buffer.kt:419;Sources/CompilerCore/Stdlib/kotlinx/io/JvmCore.kt:25;Sources/CompilerCore/Stdlib/kotlinx/io/ByteStrings.kt:16;Sources/CompilerCore/Stdlib/kotlinx/io/RawSink.kt:18;Sources/CompilerCore/Stdlib/kotlinx/io/Segment.kt:321;Sources/CompilerCore/Stdlib/kotlinx/io/Sink.kt:24;Sources/CompilerCore/Stdlib/kotlinx/io/Sink.kt:29;Sources/CompilerCore/Stdlib/kotlinx/io/Sink.kt:35;Sources/CompilerCore/Stdlib/kotlinx/io/Sink.kt:46;Sources/CompilerCore/Stdlib/kotlinx/io/RealSink.kt:22;Sources/CompilerCore/Stdlib/kotlinx/io/RealSink.kt:29;Sources/CompilerCore/Stdlib/kotlinx/io/RealSink.kt:33;Sources/CompilerCore/Stdlib/kotlinx/io/RealSink.kt:37;Sources/CompilerCore/Stdlib/kotlinx/io/RealSink.kt:56;Sources/CompilerCore/Stdlib/kotlinx/io/Core.kt:26;Sources/CompilerCore/Stdlib/kotlinx/io/files/FileSystem.kt:105	Tests/CompilerBackendTests/Integration/BundledStdlibExecutionTests+KtorIOCoverage.swift;Tests/RuntimeTests/RuntimeIoFileSystemTests.swift	unverified	KUU-1729	in-scope JVM ABI and Java interoperability	JVM entry class line 37; source line: override fun write(source: ByteArray, startIndex: Int, endIndex: Int) {; generated kind: source
jvm-0a72285838b7ee02	core	JVM public ABI dump	JVM	function	yes	kotlinx/io/SourcesKt	readUByte	public static final fun readUByte (Lkotlinx/io/Source;)B	n/a	none	none	@throws EOFException when there are no more bytes to read.; @throws IllegalStateException when the source is closed.; @throws IOException when some I/O error occurs.	core/common/src/Sources.kt:316		core/common/test/AbstractSourceTest.kt#suite-reference;core/common/test/CommonRealSourceTest.kt#suite-reference	Sources/CompilerCore/Stdlib/kotlinx/io/Sources.kt:146	none	unverified	KUU-1731	in-scope JVM ABI and Java interoperability	JVM entry class line 212; source line: public fun Source.readUByte(): UByte = readByte().toUByte(); generated kind: source
jvm-0b2766ab6e64f026	core	JVM public ABI dump	JVM	function	yes	kotlinx/io/SinksKt	writeFloatLe	public static final fun writeFloatLe (Lkotlinx/io/Sink;F)V	n/a	none	none	@throws IllegalStateException when the sink is closed.; @throws IOException when some I/O error occurs.	core/common/src/Sinks.kt:331		core/common/test/AbstractSinkTest.kt#writeFloatLe;core/common/test/CommonRealSinkTest.kt#suite-reference	Sources/CompilerCore/Stdlib/kotlinx/io/Sinks.kt:317	none	unverified	KUU-1731	in-scope JVM ABI and Java interoperability	JVM entry class line 156; source line: public fun Sink.writeFloatLe(float: Float) {; generated kind: source
jvm-0caaa0484d9a8094	core	JVM public ABI dump	JVM	function	yes	kotlinx/io/unsafe/SegmentReadContext	getUnchecked	public abstract fun getUnchecked (Lkotlinx/io/Segment;I)B	n/a	UnsafeIoApi	none	not-declared-in-source	core/common/src/unsafe/UnsafeBufferOperations.kt:403;core/common/src/unsafe/UnsafeBufferOperations.kt:535;core/common/src/unsafe/UnsafeBufferOperations.kt:565	klib-8408acee5eedc7d9	core/common/test/unsafe/UnsafeBufferOperationsForEachTest.kt#suite-reference;core/common/test/unsafe/UnsafeBufferOperationsIterationTest.kt#suite-reference;core/common/test/unsafe/UnsafeBufferOperationsMoveTest.kt#suite-reference;core/common/test/unsafe/UnsafeBufferOperationsReadTest.kt#suite-reference;core/common/test/unsafe/UnsafeBufferOperationsWriteTest.kt#suite-reference	Sources/CompilerCore/Stdlib/kotlinx/io/Segment.kt:366;Sources/CompilerCore/Stdlib/kotlinx/io/unsafe/UnsafeBufferOperations.kt:407;Sources/CompilerCore/Stdlib/kotlinx/io/unsafe/UnsafeBufferOperations.kt:537;Sources/CompilerCore/Stdlib/kotlinx/io/unsafe/UnsafeBufferOperations.kt:565	none	unverified	KUU-1729	in-scope JVM ABI and Java interoperability	JVM entry class line 297; source line: public fun getUnchecked(segment: Segment, offset: Int): Byte; generated kind: source
jvm-0cf64a4acbc38a06	core	JVM public ABI dump	JVM	class	yes	kotlinx/io/unsafe/UnsafeBufferOperations	UnsafeBufferOperations	public final class kotlinx/io/unsafe/UnsafeBufferOperations {	n/a	OptIn,UnsafeIoApi	none	not-declared-in-source	core/common/src/unsafe/UnsafeBufferOperations.kt:16	klib-0f0ae6b0e4f74922	core/common/test/unsafe/UnsafeBufferOperationsForEachTest.kt#suite-reference;core/common/test/unsafe/UnsafeBufferOperationsIterationTest.kt#suite-reference;core/common/test/unsafe/UnsafeBufferOperationsMoveTest.kt#suite-reference;core/common/test/unsafe/UnsafeBufferOperationsReadTest.kt#suite-reference;core/common/test/unsafe/UnsafeBufferOperationsWriteTest.kt#suite-reference	Sources/CompilerCore/Stdlib/kotlinx/io/unsafe/UnsafeBufferOperations.kt:20	none	unverified	KUU-1729	in-scope JVM ABI and Java interoperability	JVM entry class line 307; source line: public object UnsafeBufferOperations {; generated kind: source
jvm-0ef7bbd85354452a	core	JVM public ABI dump	JVM	JVM file facade	no	kotlinx/io/SourcesKt	SourcesKt	public final class kotlinx/io/SourcesKt {	n/a	none	none	not-declared-in-source	source declaration not found by name		core/common/test/AbstractSourceTest.kt#suite-reference;core/common/test/AbstractSinkTest.kt#suite-reference	none	none	unverified	KUU-1725	in-scope JVM ABI and Java interoperability	JVM entry class line 196; source line: ; generated kind: JVM file facade; generated JVM ABI presence cannot be established from Kotlin source-name matching alone
jvm-0fab5cbf2b013605	core	JVM public ABI dump	JVM	function	yes	kotlinx/io/SinksKt	writeDecimalLong	public static final fun writeDecimalLong (Lkotlinx/io/Sink;J)V	n/a	OptIn	none	@throws IllegalStateException when the sink is closed.; @throws IOException when some I/O error occurs.	core/common/src/Sinks.kt:72		core/common/test/AbstractSinkTest.kt#suite-reference;core/common/test/CommonRealSinkTest.kt#suite-reference	Sources/CompilerCore/Stdlib/kotlinx/io/Sinks.kt:77	none	unverified	KUU-1731	in-scope JVM ABI and Java interoperability	JVM entry class line 152; source line: public fun Sink.writeDecimalLong(long: Long) {; generated kind: source
jvm-0fb040a3d4b87bb5	core	JVM public ABI dump	JVM	function	yes	kotlinx/io/Source	peek	public abstract fun peek ()Lkotlinx/io/Source;	n/a	none	none	@throws IllegalStateException when the source is closed.	core/common/src/Source.kt:248	klib-e872d95c8706832c	core/common/test/AbstractSourceTest.kt#peek;core/common/test/AbstractSourceTest.kt#peekMultiple;core/common/test/AbstractSourceTest.kt#peekLarge;core/common/test/AbstractSourceTest.kt#peekInvalid;core/common/test/AbstractSourceTest.kt#peekSegmentThenInvalid;core/common/test/AbstractSourceTest.kt#peekDoesntReadTooMuch;core/common/test/CommonRealSourceTest.kt#suite-reference	Sources/CompilerCore/Stdlib/kotlinx/io/Buffer.kt:354;Sources/CompilerCore/Stdlib/kotlinx/io/Source.kt:79;Sources/CompilerCore/Stdlib/kotlinx/io/RealSource.kt:127	none	unverified	KUU-1730	in-scope JVM ABI and Java interoperability	JVM entry class line 174; source line: public fun peek(): Source; generated kind: source
jvm-10b30352f0231b23	core	JVM public ABI dump	JVM	default/synthetic constructor	no	kotlinx/io/Segment	<init>	public synthetic fun <init> ([BIILkotlinx/io/SegmentCopyTracker;ZLkotlin/jvm/internal/DefaultConstructorMarker;)V	n/a	none	none	not-declared-in-source	core/common/src/Segment.kt:130;core/common/src/Segment.kt:136;core/common/src/Segment.kt:81	klib-4ab35f2484026657	core/common/test/AbstractSourceTest.kt#readShortSplitAcrossMultipleSegments;core/common/test/AbstractSourceTest.kt#readIntSplitAcrossMultipleSegments;core/common/test/AbstractSourceTest.kt#readLongSplitAcrossMultipleSegments;core/common/test/AbstractSourceTest.kt#readUtf8SpansSegments;core/common/test/AbstractSourceTest.kt#readUtf8Segment;core/common/test/AbstractSourceTest.kt#longHexStringAcrossSegment;core/common/test/AbstractSourceTest.kt#longDecimalStringAcrossSegment;core/common/test/AbstractSourceTest.kt#peekSegmentThenInvalid;core/common/test/AbstractSinkTest.kt#writeLastByteInSegment;core/common/test/AbstractSinkTest.kt#writeLastIntegerInSegment;core/common/test/AbstractSinkTest.kt#writeIntegerDoesNotQuiteFitInSegment	Sources/CompilerCore/Stdlib/kotlinx/io/Segment.kt:66	none	unverified	KUU-1729	in-scope JVM ABI and Java interoperability	JVM entry class line 109; source line: private constructor() {; generated kind: default/synthetic constructor; generated JVM ABI presence cannot be established from Kotlin source-name matching alone
jvm-10e465db4093b7d1	core	JVM public ABI dump	JVM	function	yes	kotlinx/io/SourcesKt	readFloatLe	public static final fun readFloatLe (Lkotlinx/io/Source;)F	n/a	none	none	@throws EOFException when there are not enough data to read an unsigned int value.; @throws IllegalStateException when the source is closed.; @throws IOException when some I/O error occurs.	core/common/src/Sources.kt:438		core/common/test/AbstractSourceTest.kt#readFloatLe;core/common/test/CommonRealSourceTest.kt#suite-reference	Sources/CompilerCore/Stdlib/kotlinx/io/Sources.kt:155	none	unverified	KUU-1731	in-scope JVM ABI and Java interoperability	JVM entry class line 205; source line: public fun Source.readFloatLe(): Float = Float.fromBits(readIntLe()); generated kind: source
jvm-11090558f8d4d48e	core	JVM public ABI dump	JVM	JVM file facade	no	kotlinx/io/Utf8Kt	Utf8Kt	public final class kotlinx/io/Utf8Kt {	n/a	none	none	not-declared-in-source	source declaration not found by name		core/common/test/AbstractSourceTest.kt#suite-reference;core/common/test/AbstractSinkTest.kt#suite-reference	none	none	unverified	KUU-1733	in-scope JVM ABI and Java interoperability	JVM entry class line 225; source line: ; generated kind: JVM file facade; generated JVM ABI presence cannot be established from Kotlin source-name matching alone
jvm-119439fe4f63bfde	core	JVM public ABI dump	JVM	function	yes	kotlinx/io/Buffer	skip	public fun skip (J)V	n/a	none	none	not-declared-in-source	core/common/src/Buffer.kt:282;core/common/src/Buffer.kt:289	klib-21b369685533b320	core/common/test/CommonBufferTest.kt#suite-reference;core/jvm/test/BufferTest.kt#copyToSkippingSegments	Sources/CompilerCore/Stdlib/kotlinx/io/Buffer.kt:290;Sources/CompilerCore/Stdlib/kotlinx/io/Buffer.kt:297;Sources/CompilerCore/Stdlib/kotlinx/io/Source.kt:56;Sources/CompilerCore/Stdlib/kotlinx/io/RealSource.kt:110	Tests/CompilerBackendTests/Integration/BundledStdlibExecutionTests+KtorIOCoverage.swift	unverified	KUU-1729	in-scope JVM ABI and Java interoperability	JVM entry class line 32; source line: public fun clear(): Unit = skip(size); generated kind: source
jvm-11b8ac13bf35acdc	core	JVM public ABI dump	JVM	function	yes	kotlinx/io/SegmentKt	isEmpty	public static final fun isEmpty (Lkotlinx/io/Segment;)Z	n/a	PublishedApi	none	not-declared-in-source	core/common/src/Segment.kt:534		core/common/test/AbstractSourceTest.kt#suite-reference;core/common/test/AbstractSinkTest.kt#suite-reference	Sources/CompilerCore/Stdlib/kotlinx/io/Segment.kt:508;Sources/CompilerCore/Stdlib/kotlinx/io/bytestring/ByteString.kt:114	Tests/CompilerCoreTests/Sema/KotlinxIOPathSourceTests.swift;Tests/RuntimeTests/RuntimeIoFileSystemTests.swift	unverified	KUU-1729	in-scope JVM ABI and Java interoperability	JVM entry class line 125; source line: internal fun Segment.isEmpty(): Boolean = size == 0; generated kind: source
jvm-12cb7f6a60cf218c	core	JVM public ABI dump	JVM	function	yes	kotlinx/io/Source	transferTo	public abstract fun transferTo (Lkotlinx/io/RawSink;)J	n/a	IgnorableReturnValue	none	@throws IllegalStateException when the source or [sink] is closed.; @throws IOException when some I/O error occurs.	core/common/src/Source.kt:230	klib-8cb9bc77e047d21d	core/common/test/AbstractSourceTest.kt#transferTo;core/common/test/AbstractSourceTest.kt#transferToExhausted;core/common/test/CommonRealSourceTest.kt#transferToReadsOneSegmentAtATime	Sources/CompilerCore/Stdlib/kotlinx/io/Buffer.kt:346;Sources/CompilerCore/Stdlib/kotlinx/io/Source.kt:74;Sources/CompilerCore/Stdlib/kotlinx/io/RealSource.kt:79	none	unverified	KUU-1730	in-scope JVM ABI and Java interoperability	JVM entry class line 185; source line: public fun transferTo(sink: RawSink): Long; generated kind: source
jvm-140b01d46bf52666	core	JVM public ABI dump	JVM	function	yes	kotlinx/io/Source	skip	public abstract fun skip (J)V	n/a	none	none	@throws EOFException when the source is exhausted before the requested number of bytes can be skipped.; @throws IllegalArgumentException when [byteCount] is negative.; @throws IllegalStateException when the source is closed.; @throws IOException when some I/O error occurs.	core/common/src/Source.kt:182	klib-84c73602fe199d0b	core/common/test/AbstractSourceTest.kt#skip;core/common/test/AbstractSourceTest.kt#skipInsufficientData;core/common/test/AbstractSourceTest.kt#skipNegativeNumberOfBytes;core/common/test/CommonRealSourceTest.kt#skipReadsOneSegmentAtATime;core/common/test/CommonRealSourceTest.kt#skipTracksBufferFirst	Sources/CompilerCore/Stdlib/kotlinx/io/Buffer.kt:290;Sources/CompilerCore/Stdlib/kotlinx/io/Buffer.kt:297;Sources/CompilerCore/Stdlib/kotlinx/io/Source.kt:56;Sources/CompilerCore/Stdlib/kotlinx/io/RealSource.kt:110	Tests/CompilerBackendTests/Integration/BundledStdlibExecutionTests+KtorIOCoverage.swift	unverified	KUU-1725	in-scope JVM ABI and Java interoperability	JVM entry class line 184; source line: public fun skip(byteCount: Long); generated kind: source
jvm-15474da48ae3e29c	core	JVM public ABI dump	JVM	interface	yes	kotlinx/io/Sink	Sink	public abstract interface class kotlinx/io/Sink : kotlinx/io/RawSink {	n/a	none	none	not-declared-in-source	core/common/src/Sink.kt:59	klib-0b464ce5d17138e9	core/common/test/AbstractSinkTest.kt#suite-reference;core/common/test/CommonRealSinkTest.kt#bufferedSinkEmitsTailWhenItIsComplete;core/common/test/CommonRealSinkTest.kt#bufferedSinkEmitMultipleSegments;core/common/test/CommonRealSinkTest.kt#bufferedSinkFlush;core/common/test/CommonRealSinkTest.kt#bytesEmittedToSinkWithFlush;core/common/test/CommonRealSinkTest.kt#bytesNotEmittedToSinkWithoutFlush;core/common/test/CommonRealSinkTest.kt#bytesEmittedToSinkWithEmit	Sources/CompilerCore/Stdlib/kotlinx/io/Sink.kt:13	none	unverified	KUU-1730	in-scope JVM ABI and Java interoperability	JVM entry class line 128; source line: public sealed interface Sink : RawSink {; generated kind: source
jvm-158cb8abe3fb65ef	core	JVM public ABI dump	JVM	function	yes	kotlinx/io/Buffer	clear	public final fun clear ()V	n/a	none	none	not-declared-in-source	core/common/src/Buffer.kt:282	klib-a0fc40513a876e95	core/common/test/CommonBufferTest.kt#suite-reference;core/jvm/test/BufferTest.kt#suite-reference	Sources/CompilerCore/Stdlib/kotlinx/io/Buffer.kt:290	none	unverified	KUU-1729	in-scope JVM ABI and Java interoperability	JVM entry class line 3; source line: public fun clear(): Unit = skip(size); generated kind: source
jvm-16b4d002cce372f4	core	JVM public ABI dump	JVM	default/synthetic bridge	no	kotlinx/io/BufferKt	seek	public static final synthetic fun seek (Lkotlinx/io/Buffer;JLkotlin/jvm/functions/Function2;)Ljava/lang/Object;	n/a	InternalIoApi,JvmSynthetic,OptIn,PublishedApi,Suppress	none	@throws IndexOutOfBoundsException when [startIndex] or [endIndex] is out of this buffer bounds; @throws IllegalArgumentException when `startIndex > endIndex`.; @throws IndexOutOfBoundsException when [position] is negative or greater or equal to [Buffer.size].; @throws IllegalArgumentException when [byteCount] is negative.	core/common/src/Buffer.kt:651		core/common/test/CommonBufferTest.kt#suite-reference;core/jvm/test/BufferTest.kt#suite-reference	Sources/CompilerCore/Stdlib/kotlinx/io/Buffer.kt:668	none	unverified	KUU-1729	in-scope JVM ABI and Java interoperability	JVM entry class line 47; source line: internal inline fun <T> Buffer.seek(; generated kind: default/synthetic bridge; generated JVM ABI presence cannot be established from Kotlin source-name matching alone
jvm-178a4ef8cf26e827	core	JVM public ABI dump	JVM	function	yes	kotlinx/io/SourcesKt	readHexadecimalUnsignedLong	public static final fun readHexadecimalUnsignedLong (Lkotlinx/io/Source;)J	n/a	OptIn	none	@throws NumberFormatException if the found hexadecimal does not fit into a `long` or; @throws EOFException if the source is exhausted before a call of this method.; @throws IllegalStateException when the source is closed.; @throws IOException when some I/O error occurs.	core/common/src/Sources.kt:146		core/common/test/AbstractSourceTest.kt#suite-reference;core/common/test/CommonRealSourceTest.kt#suite-reference	Sources/CompilerCore/Stdlib/kotlinx/io/Sources.kt:61	none	unverified	KUU-1731	in-scope JVM ABI and Java interoperability	JVM entry class line 206; source line: public fun Source.readHexadecimalUnsignedLong(): Long {; generated kind: source
jvm-179cd1d13ff16800	core	JVM public ABI dump	JVM	function	yes	kotlinx/io/Source	readAtMostTo	public abstract fun readAtMostTo ([BII)I	n/a	none	none	@throws IndexOutOfBoundsException when [startIndex] or [endIndex] is out of range of [sink] array indices.; @throws IllegalArgumentException when `startIndex > endIndex`.; @throws IllegalStateException when the source is closed.; @throws IOException when some I/O error occurs.	core/common/src/Source.kt:199	klib-6b0debf09de64260	core/common/test/AbstractSourceTest.kt#readAtMostToBufferFromSourceWithFilledBuffer;core/common/test/AbstractSourceTest.kt#readAtMostToNonEmptyBufferFromSourceWithFilledBuffer;core/common/test/AbstractSourceTest.kt#readAtMostToByteArrayFromSourceWithFilledBuffer;core/common/test/AbstractSourceTest.kt#readAtMostToByteArray;core/common/test/AbstractSourceTest.kt#readAtMostToByteArrayNotEnough;core/common/test/AbstractSourceTest.kt#readAtMostToByteArrayOffsetAndCount;core/common/test/AbstractSourceTest.kt#readAtMostToByteArrayFromOffset;core/common/test/AbstractSourceTest.kt#readAtMostToByteArrayWithInvalidArguments;core/common/test/CommonRealSourceTest.kt#suite-reference	Sources/CompilerCore/Stdlib/kotlinx/io/Buffer.kt:314;Sources/CompilerCore/Stdlib/kotlinx/io/Buffer.kt:329;Sources/CompilerCore/Stdlib/kotlinx/io/JvmCore.kt:54;Sources/CompilerCore/Stdlib/kotlinx/io/Sources.kt:140;Sources/CompilerCore/Stdlib/kotlinx/io/Source.kt:63;Sources/CompilerCore/Stdlib/kotlinx/io/RawSource.kt:17;Sources/CompilerCore/Stdlib/kotlinx/io/RealSource.kt:21;Sources/CompilerCore/Stdlib/kotlinx/io/RealSource.kt:57;Sources/CompilerCore/Stdlib/kotlinx/io/PeekSource.kt:30;Sources/CompilerCore/Stdlib/kotlinx/io/files/FileSystem.kt:78	none	unverified	KUU-1731	in-scope JVM ABI and Java interoperability	JVM entry class line 175; source line: public fun readAtMostTo(sink: ByteArray, startIndex: Int = 0, endIndex: Int = sink.size): Int; generated kind: source
jvm-184249263a53bd1c	core	JVM public ABI dump	JVM	function	yes	kotlinx/io/unsafe/SegmentWriteContext	setUnchecked	public abstract fun setUnchecked (Lkotlinx/io/Segment;IB)V	n/a	JvmSynthetic,OptIn,UnsafeIoApi	none	not-declared-in-source	core/common/src/unsafe/UnsafeBufferOperations.kt:456;core/common/src/unsafe/UnsafeBufferOperations.kt:473;core/common/src/unsafe/UnsafeBufferOperations.kt:491;core/common/src/unsafe/UnsafeBufferOperations.kt:512;core/common/src/unsafe/UnsafeBufferOperations.kt:542;core/common/src/unsafe/UnsafeBufferOperations.kt:546;core/common/src/unsafe/UnsafeBufferOperations.kt:550;core/common/src/unsafe/UnsafeBufferOperations.kt:554	klib-b8615ffaceb2162f;klib-fdb3da4587313f8c;klib-f570c311693d6703;klib-122a0905894ba00e	core/common/test/unsafe/UnsafeBufferOperationsForEachTest.kt#suite-reference;core/common/test/unsafe/UnsafeBufferOperationsIterationTest.kt#suite-reference;core/common/test/unsafe/UnsafeBufferOperationsMoveTest.kt#suite-reference;core/common/test/unsafe/UnsafeBufferOperationsReadTest.kt#suite-reference;core/common/test/unsafe/UnsafeBufferOperationsWriteTest.kt#suite-reference	Sources/CompilerCore/Stdlib/kotlinx/io/Segment.kt:370;Sources/CompilerCore/Stdlib/kotlinx/io/Segment.kt:374;Sources/CompilerCore/Stdlib/kotlinx/io/Segment.kt:381;Sources/CompilerCore/Stdlib/kotlinx/io/Segment.kt:389;Sources/CompilerCore/Stdlib/kotlinx/io/unsafe/UnsafeBufferOperations.kt:459;Sources/CompilerCore/Stdlib/kotlinx/io/unsafe/UnsafeBufferOperations.kt:476;Sources/CompilerCore/Stdlib/kotlinx/io/unsafe/UnsafeBufferOperations.kt:494;Sources/CompilerCore/Stdlib/kotlinx/io/unsafe/UnsafeBufferOperations.kt:515;Sources/CompilerCore/Stdlib/kotlinx/io/unsafe/UnsafeBufferOperations.kt:543;Sources/CompilerCore/Stdlib/kotlinx/io/unsafe/UnsafeBufferOperations.kt:547;Sources/CompilerCore/Stdlib/kotlinx/io/unsafe/UnsafeBufferOperations.kt:551;Sources/CompilerCore/Stdlib/kotlinx/io/unsafe/UnsafeBufferOperations.kt:555	none	unverified	KUU-1729	in-scope JVM ABI and Java interoperability	JVM entry class line 301; source line: public fun setUnchecked(segment: Segment, offset: Int, value: Byte); generated kind: source
jvm-18694923f3970c73	core	JVM public ABI dump	JVM	function	yes	kotlinx/io/SourcesKt	readULong	public static final fun readULong (Lkotlinx/io/Source;)J	n/a	none	none	@throws EOFException when there are not enough data to read an unsigned long value.; @throws IllegalStateException when the source is closed.; @throws IOException when some I/O error occurs.	core/common/src/Sources.kt:352		core/common/test/AbstractSourceTest.kt#suite-reference;core/common/test/CommonRealSourceTest.kt#suite-reference	Sources/CompilerCore/Stdlib/kotlinx/io/Sources.kt:149	none	unverified	KUU-1731	in-scope JVM ABI and Java interoperability	JVM entry class line 215; source line: public fun Source.readULong(): ULong = readLong().toULong(); generated kind: source
jvm-1ade859ef0485010	core	JVM public ABI dump	JVM	annotation class	yes	kotlinx/io/DelicateIoApi	DelicateIoApi	public abstract interface annotation class kotlinx/io/DelicateIoApi : java/lang/annotation/Annotation {	n/a	MustBeDocumented,RequiresOptIn,Retention	none	not-declared-in-source	core/common/src/Annotations.kt:21	klib-9f0ca3fb595dae3d;klib-ca6de80d87f0db05	core/common/test/AbstractSourceTest.kt#suite-reference;core/common/test/AbstractSinkTest.kt#suite-reference	Sources/CompilerCore/Stdlib/kotlinx/io/Annotations.kt:17	none	unverified	KUU-1725	in-scope JVM ABI and Java interoperability	JVM entry class line 85; source line: public annotation class DelicateIoApi; generated kind: source
jvm-1b7a073eca536faf	core	JVM public ABI dump	JVM	function	yes	kotlinx/io/Source	readInt	public abstract fun readInt ()I	n/a	none	none	@throws EOFException when there are not enough data to read an int value.; @throws IllegalStateException when the source is closed.; @throws IOException when some I/O error occurs.	core/common/src/Source.kt:157	klib-0d3d6a9bd110e684	core/common/test/AbstractSourceTest.kt#readInt;core/common/test/AbstractSourceTest.kt#readIntLe;core/common/test/AbstractSourceTest.kt#readIntSplitAcrossMultipleSegments;core/common/test/AbstractSourceTest.kt#readIntTooShortThrows;core/common/test/AbstractSourceTest.kt#readIntLeTooShortThrows;core/common/test/CommonRealSourceTest.kt#suite-reference	Sources/CompilerCore/Stdlib/kotlinx/io/Buffer.kt:109;Sources/CompilerCore/Stdlib/kotlinx/io/Sources.kt:11;Sources/CompilerCore/Stdlib/kotlinx/io/Sources.kt:148;Sources/CompilerCore/Stdlib/kotlinx/io/Sources.kt:153;Sources/CompilerCore/Stdlib/kotlinx/io/Source.kt:46;Sources/CompilerCore/Stdlib/kotlinx/io/Segment.kt:263;Sources/CompilerCore/Stdlib/kotlinx/io/RealSource.kt:100	none	unverified	KUU-1731	in-scope JVM ABI and Java interoperability	JVM entry class line 178; source line: public fun readInt(): Int; generated kind: source
jvm-1d119c4189854ca1	core	JVM public ABI dump	JVM	function	yes	kotlinx/io/files/Path	toString	public fun toString ()Ljava/lang/String;	n/a	none	none	not-declared-in-source	core/common/src/files/Paths.kt:49;core/jvm/src/files/PathsJvm.kt:20;core/native/src/files/PathsNative.kt:37;core/nodeFilesystemShared/src/files/PathsNodeJs.kt:55;core/wasmWasi/src/files/PathsWasm.kt:11	klib-362345f57ba26256	core/common/test/files/SmokeFileTest.kt#suite-reference;core/common/test/files/UtilsTest.kt#suite-reference	Sources/CompilerCore/Stdlib/kotlinx/io/Buffer.kt:577;Sources/CompilerCore/Stdlib/kotlinx/io/JvmCore.kt:41;Sources/CompilerCore/Stdlib/kotlinx/io/JvmCore.kt:72;Sources/CompilerCore/Stdlib/kotlinx/io/RealSink.kt:143;Sources/CompilerCore/Stdlib/kotlinx/io/RealSource.kt:139;Sources/CompilerCore/Stdlib/kotlinx/io/bytestring/ByteString.kt:66;Sources/CompilerCore/Stdlib/kotlinx/io/files/Paths.kt:44;Sources/CompilerCore/Stdlib/kotlinx/io/files/FileSystem.kt:31;Sources/CompilerCore/Stdlib/kotlinx/io/files/FileSystem.kt:45;Sources/CompilerCore/Stdlib/kotlinx/io/files/FileSystem.kt:55;Sources/CompilerCore/Stdlib/kotlinx/io/files/FileSystem.kt:98;Sources/CompilerCore/Stdlib/kotlinx/io/files/FileSystem.kt:134	Tests/CompilerCoreTests/Sema/KotlinxIOByteStringSurfaceTests.swift;Tests/CompilerBackendTests/Integration/BundledStdlibExecutionTests+ByteString.swift;Tests/CompilerBackendTests/Integration/BundledStdlibExecutionTests+ByteStringCodec.swift	unverified	KUU-1725	in-scope JVM ABI and Java interoperability	JVM entry class line 275; source line: override fun toString(): String; generated kind: source
jvm-1f3784b48d97ce4e	core	JVM public ABI dump	JVM	function	yes	kotlinx/io/files/PathsJvmKt	Path	public static final fun Path (Ljava/lang/String;)Lkotlinx/io/files/Path;	n/a	none	none	not-declared-in-source	core/jvm/src/files/PathsJvm.kt:42		core/common/test/files/SmokeFileTest.kt#pathParent;core/common/test/files/SmokeFileTest.kt#pathConcat;core/common/test/files/SmokeFileTest.kt#pathEquality	Sources/CompilerCore/Stdlib/kotlinx/io/files/Paths.kt:58;Sources/CompilerCore/Stdlib/kotlinx/io/files/Paths.kt:65;Sources/CompilerCore/Stdlib/kotlinx/io/files/Paths.kt:77;Sources/CompilerCore/Stdlib/kotlinx/io/files/FileSystem.kt:55	Tests/CompilerCoreTests/Sema/KotlinxIOPathSourceTests.swift;Tests/CompilerBackendTests/Integration/BundledStdlibExecutionTests+KtorIOCoverage.swift;Tests/RuntimeTests/RuntimeIoFileSystemTests.swift	unverified	KUU-1725	in-scope JVM ABI and Java interoperability	JVM entry class line 280; source line: public actual fun Path(path: String): Path = Path(File(path)); generated kind: source
jvm-214ce13551f65bd4	core	JVM public ABI dump	JVM	JVM file facade	no	kotlinx/io/JvmCoreKt	JvmCoreKt	public final class kotlinx/io/JvmCoreKt {	n/a	none	none	not-declared-in-source	source declaration not found by name		core/common/test/AbstractSourceTest.kt#suite-reference;core/common/test/AbstractSinkTest.kt#suite-reference	none	none	unverified	KUU-1725	in-scope JVM ABI and Java interoperability	JVM entry class line 91; source line: ; generated kind: JVM file facade; generated JVM ABI presence cannot be established from Kotlin source-name matching alone
jvm-22ec4bf003c0f7ef	core	JVM public ABI dump	JVM	JVM file facade	no	kotlinx/io/unsafe/UnsafeBufferOperationsKt	UnsafeBufferOperationsKt	public final class kotlinx/io/unsafe/UnsafeBufferOperationsKt {	n/a	none	none	not-declared-in-source	source declaration not found by name		core/common/test/AbstractSourceTest.kt#suite-reference;core/common/test/AbstractSinkTest.kt#suite-reference	none	none	unverified	KUU-1729	in-scope JVM ABI and Java interoperability	JVM entry class line 327; source line: ; generated kind: JVM file facade; generated JVM ABI presence cannot be established from Kotlin source-name matching alone
jvm-22f55505dcae0513	core	JVM public ABI dump	JVM	default/synthetic bridge	no	kotlinx/io/files/FileSystem	sink$default	public static synthetic fun sink$default (Lkotlinx/io/files/FileSystem;Lkotlinx/io/files/Path;ZILjava/lang/Object;)Lkotlinx/io/RawSink;	n/a	none	none	@throws kotlinx.io.IOException when it's not possible to open the file for writing.	core/common/src/files/FileSystem.kt:130	klib-2a3c8fc10ad9fe98	core/common/test/files/SmokeFileTest.kt#createAnEmptyFileUsingSink;core/common/test/files/SmokeFileTest.kt#closeFileSinkTwice	Sources/CompilerCore/Stdlib/kotlinx/io/files/FileSystem.kt:24;Sources/CompilerCore/Stdlib/kotlinx/io/files/FileSystem.kt:47	none	unverified	KUU-1730	in-scope JVM ABI and Java interoperability	JVM entry class line 260; source line: public fun sink(path: Path, append: Boolean = false): RawSink; generated kind: default/synthetic bridge; generated JVM ABI presence cannot be established from Kotlin source-name matching alone
jvm-23aa7a8f63c07fd5	core	JVM public ABI dump	JVM	function	yes	kotlinx/io/Buffer	hintEmit	public fun hintEmit ()V	n/a	InternalIoApi	none	not-declared-in-source	core/common/src/Buffer.kt:176	klib-6ec3d2252d99b756	core/common/test/CommonBufferTest.kt#suite-reference;core/jvm/test/BufferTest.kt#suite-reference	Sources/CompilerCore/Stdlib/kotlinx/io/Buffer.kt:157;Sources/CompilerCore/Stdlib/kotlinx/io/Sink.kt:81;Sources/CompilerCore/Stdlib/kotlinx/io/RealSink.kt:98	none	unverified	KUU-1729	in-scope JVM ABI and Java interoperability	JVM entry class line 17; source line: override fun hintEmit(): Unit = Unit; generated kind: source
jvm-23bdc46eecb769ad	core	JVM public ABI dump	JVM	Kotlin source function with @JvmName	yes	kotlinx/io/files/PathsKt	sinkDeprecated	public static final fun sinkDeprecated (Lkotlinx/io/files/Path;)Lkotlinx/io/Sink;	n/a	Deprecated,JvmName	ERROR: Use FileSystem.sink instead	not-declared-in-source	core/common/src/files/Paths.kt:133		core/common/test/files/SmokeFileTest.kt#createAnEmptyFileUsingSink;core/common/test/files/SmokeFileTest.kt#closeFileSinkTwice;core/common/test/files/UtilsTest.kt#suite-reference	Sources/CompilerCore/Stdlib/kotlinx/io/files/FileSystem.kt:24;Sources/CompilerCore/Stdlib/kotlinx/io/files/FileSystem.kt:47	none	unverified	KUU-1725	in-scope JVM ABI and Java interoperability	JVM entry class line 288; source line: public fun Path.sink(): Sink = SystemFileSystem.sink(this).buffered(); generated kind: Kotlin source function with @JvmName
jvm-2485ebcc0a781189	core	JVM public ABI dump	JVM	function	yes	kotlinx/io/Buffer	readInt	public fun readInt ()I	n/a	none	none	not-declared-in-source	core/common/src/Buffer.kt:128	klib-02a8d87ce59d3a09	core/common/test/CommonBufferTest.kt#suite-reference;core/jvm/test/BufferTest.kt#suite-reference	Sources/CompilerCore/Stdlib/kotlinx/io/Buffer.kt:109;Sources/CompilerCore/Stdlib/kotlinx/io/Sources.kt:11;Sources/CompilerCore/Stdlib/kotlinx/io/Sources.kt:148;Sources/CompilerCore/Stdlib/kotlinx/io/Sources.kt:153;Sources/CompilerCore/Stdlib/kotlinx/io/Source.kt:46;Sources/CompilerCore/Stdlib/kotlinx/io/Segment.kt:263;Sources/CompilerCore/Stdlib/kotlinx/io/RealSource.kt:100	none	unverified	KUU-1729	in-scope JVM ABI and Java interoperability	JVM entry class line 22; source line: override fun readInt(): Int {; generated kind: source
jvm-258efe69986cf1fb	core	JVM public ABI dump	JVM	default/synthetic bridge	no	kotlinx/io/files/FileSystem	delete$default	public static synthetic fun delete$default (Lkotlinx/io/files/FileSystem;Lkotlinx/io/files/Path;ZILjava/lang/Object;)V	n/a	none	none	@throws kotlinx.io.files.FileNotFoundException when [path] does not exist and [mustExist] is `true`.; @throws kotlinx.io.IOException if deletion failed.	core/common/src/files/FileSystem.kt:55	klib-19a692d1a743b95e	core/common/test/files/SmokeFileTest.kt#deleteFile;core/common/test/files/SmokeFileTest.kt#deleteNonEmptyDirectory	Sources/CompilerCore/Stdlib/kotlinx/io/files/FileSystem.kt:20;Sources/CompilerCore/Stdlib/kotlinx/io/files/FileSystem.kt:33	Tests/RuntimeTests/RuntimeIoFileSystemTests.swift	unverified	KUU-1725	in-scope JVM ABI and Java interoperability	JVM entry class line 254; source line: public fun delete(path: Path, mustExist: Boolean = true); generated kind: default/synthetic bridge; generated JVM ABI presence cannot be established from Kotlin source-name matching alone
jvm-277d3ad1dc45d155	core	JVM public ABI dump	JVM	Kotlin source function with @JvmName	yes	kotlinx/io/files/FileSystem	source	public abstract fun source (Lkotlinx/io/files/Path;)Lkotlinx/io/RawSource;	n/a	JvmName,PublishedApi,Suppress	none	not-declared-in-source	core/jvm/src/files/PathsJvm.kt:48		core/common/test/files/SmokeFileTest.kt#suite-reference	none	none	missing	KUU-1730	in-scope JVM ABI and Java interoperability	JVM entry class line 261; source line: internal fun Path.sourceHack(): Source = SystemFileSystem.source(this).buffered(); generated kind: Kotlin source function with @JvmName
jvm-281a58349eb012c0	core	JVM public ABI dump	JVM	default/synthetic bridge	no	kotlinx/io/Source	readAtMostTo$default	public static synthetic fun readAtMostTo$default (Lkotlinx/io/Source;[BIIILjava/lang/Object;)I	n/a	none	none	@throws IndexOutOfBoundsException when [startIndex] or [endIndex] is out of range of [sink] array indices.; @throws IllegalArgumentException when `startIndex > endIndex`.; @throws IllegalStateException when the source is closed.; @throws IOException when some I/O error occurs.	core/common/src/Source.kt:199	klib-6b0debf09de64260	core/common/test/AbstractSourceTest.kt#readAtMostToBufferFromSourceWithFilledBuffer;core/common/test/AbstractSourceTest.kt#readAtMostToNonEmptyBufferFromSourceWithFilledBuffer;core/common/test/AbstractSourceTest.kt#readAtMostToByteArrayFromSourceWithFilledBuffer;core/common/test/AbstractSourceTest.kt#readAtMostToByteArray;core/common/test/AbstractSourceTest.kt#readAtMostToByteArrayNotEnough;core/common/test/AbstractSourceTest.kt#readAtMostToByteArrayOffsetAndCount;core/common/test/AbstractSourceTest.kt#readAtMostToByteArrayFromOffset;core/common/test/AbstractSourceTest.kt#readAtMostToByteArrayWithInvalidArguments;core/common/test/CommonRealSourceTest.kt#suite-reference	Sources/CompilerCore/Stdlib/kotlinx/io/Buffer.kt:314;Sources/CompilerCore/Stdlib/kotlinx/io/Buffer.kt:329;Sources/CompilerCore/Stdlib/kotlinx/io/JvmCore.kt:54;Sources/CompilerCore/Stdlib/kotlinx/io/Sources.kt:140;Sources/CompilerCore/Stdlib/kotlinx/io/Source.kt:63;Sources/CompilerCore/Stdlib/kotlinx/io/RawSource.kt:17;Sources/CompilerCore/Stdlib/kotlinx/io/RealSource.kt:21;Sources/CompilerCore/Stdlib/kotlinx/io/RealSource.kt:57;Sources/CompilerCore/Stdlib/kotlinx/io/PeekSource.kt:30;Sources/CompilerCore/Stdlib/kotlinx/io/files/FileSystem.kt:78	none	unverified	KUU-1731	in-scope JVM ABI and Java interoperability	JVM entry class line 176; source line: public fun readAtMostTo(sink: ByteArray, startIndex: Int = 0, endIndex: Int = sink.size): Int; generated kind: default/synthetic bridge; generated JVM ABI presence cannot be established from Kotlin source-name matching alone
jvm-290052e137a32b72	core	JVM public ABI dump	JVM	function	yes	kotlinx/io/JvmCoreKt	asSink	public static final fun asSink (Ljava/io/OutputStream;)Lkotlinx/io/RawSink;	n/a	none	none	not-declared-in-source	core/jvm/src/JvmCore.kt:36		core/jvm/test/JvmPlatformTest.kt#suite-reference	Sources/CompilerCore/Stdlib/kotlinx/io/JvmCore.kt:20	none	unverified	KUU-1730	in-scope JVM ABI and Java interoperability	JVM entry class line 92; source line: public fun OutputStream.asSink(): RawSink = OutputStreamSink(this); generated kind: source
jvm-2963caac68a96f39	core	JVM public ABI dump	JVM	function	yes	kotlinx/io/SinksJvmKt	asOutputStream	public static final fun asOutputStream (Lkotlinx/io/Sink;)Ljava/io/OutputStream;	n/a	OptIn	none	not-declared-in-source	core/jvm/src/SinksJvm.kt:58;core/jvm/src/SinksJvm.kt:86		core/jvm/test/NioTest.kt#suite-reference;core/jvm/test/AbstractSinkTestJVM.kt#suite-reference	Sources/CompilerCore/Stdlib/kotlinx/io/SinksJvm.kt:40	none	unverified	KUU-1725	in-scope JVM ABI and Java interoperability	JVM entry class line 145; source line: public fun Sink.asOutputStream(): OutputStream {; generated kind: source
jvm-29a01d1deaf3b966	core	JVM public ABI dump	JVM	default/synthetic bridge	no	kotlinx/io/BuffersKt	indexOf$default	public static synthetic fun indexOf$default (Lkotlinx/io/Buffer;BJJILjava/lang/Object;)J	n/a	none	none	@throws IllegalStateException when the source is closed.; @throws IllegalArgumentException when `startIndex > endIndex` or either of indices is negative.	core/common/src/Buffers.kt:46		core/common/test/CommonBufferTest.kt#indexOfWithOffset;core/common/test/CommonBufferTest.kt#indexOfByteString;core/jvm/test/BufferTest.kt#suite-reference	Sources/CompilerCore/Stdlib/kotlinx/io/Buffer.kt:263;Sources/CompilerCore/Stdlib/kotlinx/io/ByteStrings.kt:59;Sources/CompilerCore/Stdlib/kotlinx/io/ByteStrings.kt:77;Sources/CompilerCore/Stdlib/kotlinx/io/Sources.kt:83;Sources/CompilerCore/Stdlib/kotlinx/io/Buffers.kt:44;Sources/CompilerCore/Stdlib/kotlinx/io/Segment.kt:417;Sources/CompilerCore/Stdlib/kotlinx/io/bytestring/ByteString.kt:126;Sources/CompilerCore/Stdlib/kotlinx/io/bytestring/ByteString.kt:135;Sources/CompilerCore/Stdlib/kotlinx/io/bytestring/ByteString.kt:138	Tests/CompilerBackendTests/Integration/BundledStdlibExecutionTests+ByteString.swift	unverified	KUU-1729	in-scope JVM ABI and Java interoperability	JVM entry class line 64; source line: public fun Buffer.indexOf(byte: Byte, startIndex: Long = 0, endIndex: Long = size): Long {; generated kind: default/synthetic bridge; generated JVM ABI presence cannot be established from Kotlin source-name matching alone
jvm-29afb60319c25dd1	core	JVM public ABI dump	JVM	function	yes	kotlinx/io/Buffer	readLong	public fun readLong ()J	n/a	none	none	not-declared-in-source	core/common/src/Buffer.kt:148	klib-42970e7fff753d0c	core/common/test/CommonBufferTest.kt#suite-reference;core/jvm/test/BufferTest.kt#suite-reference	Sources/CompilerCore/Stdlib/kotlinx/io/Buffer.kt:129;Sources/CompilerCore/Stdlib/kotlinx/io/Sources.kt:12;Sources/CompilerCore/Stdlib/kotlinx/io/Sources.kt:149;Sources/CompilerCore/Stdlib/kotlinx/io/Sources.kt:154;Sources/CompilerCore/Stdlib/kotlinx/io/Source.kt:51;Sources/CompilerCore/Stdlib/kotlinx/io/Segment.kt:278;Sources/CompilerCore/Stdlib/kotlinx/io/RealSource.kt:105	none	unverified	KUU-1729	in-scope JVM ABI and Java interoperability	JVM entry class line 23; source line: override fun readLong(): Long {; generated kind: source
jvm-29cc07701ed1028a	core	JVM public ABI dump	JVM	JVM-mangled source function	yes	kotlinx/io/SinksKt	writeUIntLe-Qn1smSk	public static final fun writeUIntLe-Qn1smSk (Lkotlinx/io/Sink;I)V	n/a	none	none	@throws IllegalStateException when the sink is closed.; @throws IOException when some I/O error occurs.	core/common/src/Sinks.kt:252		core/common/test/AbstractSinkTest.kt#writeUIntLe;core/common/test/CommonRealSinkTest.kt#suite-reference	Sources/CompilerCore/Stdlib/kotlinx/io/Sinks.kt:242	none	unverified	KUU-1731	in-scope JVM ABI and Java interoperability	JVM entry class line 164; source line: public fun Sink.writeUIntLe(int: UInt) {; generated kind: JVM-mangled source function
jvm-2a9509f530cdeada	core	JVM public ABI dump	JVM	JVM file facade	no	kotlinx/io/BufferKt	BufferKt	public final class kotlinx/io/BufferKt {	n/a	none	none	not-declared-in-source	source declaration not found by name		core/common/test/AbstractSourceTest.kt#suite-reference;core/common/test/AbstractSinkTest.kt#suite-reference	none	none	unverified	KUU-1729	in-scope JVM ABI and Java interoperability	JVM entry class line 46; source line: ; generated kind: JVM file facade; generated JVM ABI presence cannot be established from Kotlin source-name matching alone
jvm-2a9d7e102164fbd2	core	JVM public ABI dump	JVM	default/synthetic bridge	no	kotlinx/io/Utf8Kt	writeString$default	public static synthetic fun writeString$default (Lkotlinx/io/Sink;Ljava/lang/String;IIILjava/lang/Object;)V	n/a	OptIn	none	@throws IndexOutOfBoundsException when [startIndex] or [endIndex] is out of range of [string] indices.; @throws IllegalArgumentException when `startIndex > endIndex`.; @throws IllegalStateException when the sink is closed.; @throws IOException when some I/O error occurs.	core/common/src/Utf8.kt:170;core/common/src/Utf8.kt:191		core/common/test/Utf8Test.kt#suite-reference	Sources/CompilerCore/Stdlib/kotlinx/io/Utf8.kt:14;Sources/CompilerCore/Stdlib/kotlinx/io/Utf8.kt:19	Tests/CompilerBackendTests/Integration/BundledStdlibExecutionTests+KtorIOCoverage.swift	unverified	KUU-1733	in-scope JVM ABI and Java interoperability	JVM entry class line 237; source line: public fun Sink.writeString(string: String, startIndex: Int = 0, endIndex: Int = string.length) {; generated kind: default/synthetic bridge; generated JVM ABI presence cannot be established from Kotlin source-name matching alone
jvm-2b894f9b4aec8ca4	core	JVM public ABI dump	JVM	function	yes	kotlinx/io/Buffer	writeShort	public fun writeShort (S)V	n/a	none	none	not-declared-in-source	core/common/src/Buffer.kt:506	klib-db19efa34d4c840f	core/common/test/CommonBufferTest.kt#suite-reference;core/jvm/test/BufferTest.kt#suite-reference	Sources/CompilerCore/Stdlib/kotlinx/io/Buffer.kt:525;Sources/CompilerCore/Stdlib/kotlinx/io/Segment.kt:219;Sources/CompilerCore/Stdlib/kotlinx/io/Sink.kt:56;Sources/CompilerCore/Stdlib/kotlinx/io/RealSink.kt:79	none	unverified	KUU-1729	in-scope JVM ABI and Java interoperability	JVM entry class line 43; source line: override fun writeShort(short: Short) {; generated kind: source
jvm-2cd93875bc5aede4	core	JVM public ABI dump	JVM	function	yes	kotlinx/io/SourcesJvmKt	readAtMostTo	public static final fun readAtMostTo (Lkotlinx/io/Source;Ljava/nio/ByteBuffer;)I	n/a	OptIn	none	@throws IllegalStateException when the source is closed.; @throws IOException when some I/O error occurs.	core/jvm/src/SourcesJvm.kt:143;core/jvm/src/SourcesJvm.kt:170		core/jvm/test/NioTest.kt#suite-reference;core/jvm/test/AbstractSourceTestJVM.kt#suite-reference	Sources/CompilerCore/Stdlib/kotlinx/io/Buffer.kt:314;Sources/CompilerCore/Stdlib/kotlinx/io/Buffer.kt:329;Sources/CompilerCore/Stdlib/kotlinx/io/JvmCore.kt:54;Sources/CompilerCore/Stdlib/kotlinx/io/Sources.kt:140;Sources/CompilerCore/Stdlib/kotlinx/io/Source.kt:63;Sources/CompilerCore/Stdlib/kotlinx/io/RawSource.kt:17;Sources/CompilerCore/Stdlib/kotlinx/io/RealSource.kt:21;Sources/CompilerCore/Stdlib/kotlinx/io/RealSource.kt:57;Sources/CompilerCore/Stdlib/kotlinx/io/PeekSource.kt:30;Sources/CompilerCore/Stdlib/kotlinx/io/files/FileSystem.kt:78	none	unverified	KUU-1729	in-scope JVM ABI and Java interoperability	JVM entry class line 191; source line: public fun Source.readAtMostTo(sink: ByteBuffer): Int {; generated kind: source
jvm-2e47df9450ac4b28	core	JVM public ABI dump	JVM	function	yes	kotlinx/io/Buffer	readByte	public fun readByte ()B	n/a	none	none	not-declared-in-source	core/common/src/Buffer.kt:93	klib-f22691bc91e16f23	core/common/test/CommonBufferTest.kt#suite-reference;core/jvm/test/BufferTest.kt#suite-reference	Sources/CompilerCore/Stdlib/kotlinx/io/Buffer.kt:74;Sources/CompilerCore/Stdlib/kotlinx/io/Sources.kt:146;Sources/CompilerCore/Stdlib/kotlinx/io/Source.kt:36;Sources/CompilerCore/Stdlib/kotlinx/io/Segment.kt:251;Sources/CompilerCore/Stdlib/kotlinx/io/RealSource.kt:52	none	unverified	KUU-1729	in-scope JVM ABI and Java interoperability	JVM entry class line 21; source line: override fun readByte(): Byte {; generated kind: source
jvm-2ee912ef99c6a874	core	JVM public ABI dump	JVM	default/synthetic bridge	no	kotlinx/io/Buffer	writableSegment	public final synthetic fun writableSegment (I)Lkotlinx/io/Segment;	n/a	JvmSynthetic,PublishedApi	none	not-declared-in-source	core/common/src/Buffer.kt:354	klib-ab8cfb69f8e21afb	core/common/test/CommonBufferTest.kt#suite-reference;core/jvm/test/BufferTest.kt#suite-reference	Sources/CompilerCore/Stdlib/kotlinx/io/Buffer.kt:361	none	unverified	KUU-1729	in-scope JVM ABI and Java interoperability	JVM entry class line 36; source line: internal fun writableSegment(minimumCapacity: Int): Segment {; generated kind: default/synthetic bridge; generated JVM ABI presence cannot be established from Kotlin source-name matching alone
jvm-2fa8d0ca8ec5fb56	core	JVM public ABI dump	JVM	function	yes	kotlinx/io/SourcesKt	readTo	public static final fun readTo (Lkotlinx/io/Source;[BII)V	n/a	none	none	@throws EOFException when the requested number of bytes cannot be read.; @throws IllegalStateException when the source is closed.; @throws IndexOutOfBoundsException when [startIndex] or [endIndex] is out of range of [sink] array indices.; @throws IllegalArgumentException when `startIndex > endIndex`.; @throws IOException when some I/O error occurs.	core/common/src/Sources.kt:292		core/common/test/AbstractSourceTest.kt#readToSink;core/common/test/AbstractSourceTest.kt#readToSinkTooShortThrows;core/common/test/AbstractSourceTest.kt#readToSinkWithNegativeByteCount;core/common/test/AbstractSourceTest.kt#readToSinkZeroBytes;core/common/test/AbstractSourceTest.kt#readToByteArray;core/common/test/AbstractSourceTest.kt#readToByteArraySubrange;core/common/test/AbstractSourceTest.kt#readToByteArrayInvalidArguments;core/common/test/AbstractSourceTest.kt#readToByteArrayTooShortThrows;core/common/test/CommonRealSourceTest.kt#suite-reference	Sources/CompilerCore/Stdlib/kotlinx/io/Buffer.kt:337;Sources/CompilerCore/Stdlib/kotlinx/io/Sources.kt:126;Sources/CompilerCore/Stdlib/kotlinx/io/Source.kt:68;Sources/CompilerCore/Stdlib/kotlinx/io/Segment.kt:315;Sources/CompilerCore/Stdlib/kotlinx/io/RealSource.kt:68	none	unverified	KUU-1725	in-scope JVM ABI and Java interoperability	JVM entry class line 210; source line: public fun Source.readTo(sink: ByteArray, startIndex: Int = 0, endIndex: Int = sink.size) {; generated kind: source
jvm-311c13d65dc29b5a	core	JVM public ABI dump	JVM	JVM file facade	no	kotlinx/io/SinksJvmKt	SinksJvmKt	public final class kotlinx/io/SinksJvmKt {	n/a	none	none	not-declared-in-source	source declaration not found by name		core/common/test/AbstractSourceTest.kt#suite-reference;core/common/test/AbstractSinkTest.kt#suite-reference	none	none	unverified	KUU-1725	in-scope JVM ABI and Java interoperability	JVM entry class line 143; source line: ; generated kind: JVM file facade; generated JVM ABI presence cannot be established from Kotlin source-name matching alone
jvm-31b5c8ba447c95aa	core	JVM public ABI dump	JVM	function	yes	kotlinx/io/BuffersJvmKt	transferFrom	public static final fun transferFrom (Lkotlinx/io/Buffer;Ljava/nio/ByteBuffer;)Lkotlinx/io/Buffer;	n/a	IgnorableReturnValue	none	not-declared-in-source	core/jvm/src/BuffersJvm.kt:40;core/jvm/src/BuffersJvm.kt:178		core/jvm/test/NioTest.kt#suite-reference;core/jvm/test/BufferTest.kt#suite-reference	Sources/CompilerCore/Stdlib/kotlinx/io/Buffer.kt:510;Sources/CompilerCore/Stdlib/kotlinx/io/Sink.kt:41;Sources/CompilerCore/Stdlib/kotlinx/io/RealSink.kt:44	none	unverified	KUU-1729	in-scope JVM ABI and Java interoperability	JVM entry class line 58; source line: public fun Buffer.transferFrom(input: InputStream): Buffer {; generated kind: source
jvm-326bd66ccd57e3fb	core	JVM public ABI dump	JVM	function	yes	kotlinx/io/Buffer	peek	public fun peek ()Lkotlinx/io/Source;	n/a	none	none	not-declared-in-source	core/common/src/Buffer.kt:346	klib-da327fd9f523ef4d	core/common/test/CommonBufferTest.kt#suite-reference;core/jvm/test/BufferTest.kt#suite-reference	Sources/CompilerCore/Stdlib/kotlinx/io/Buffer.kt:354;Sources/CompilerCore/Stdlib/kotlinx/io/Source.kt:79;Sources/CompilerCore/Stdlib/kotlinx/io/RealSource.kt:127	none	unverified	KUU-1729	in-scope JVM ABI and Java interoperability	JVM entry class line 18; source line: override fun peek(): Source = PeekSource(this).buffered(); generated kind: source
jvm-32ddc189d171b174	core	JVM public ABI dump	JVM	default/synthetic bridge	no	kotlinx/io/ByteStringsKt	indexOf$default	public static synthetic fun indexOf$default (Lkotlinx/io/Buffer;Lkotlinx/io/bytestring/ByteString;JILjava/lang/Object;)J	n/a	OptIn	none	@throws IllegalStateException if the source is closed.; @throws IOException when some I/O error occurs.	core/common/src/ByteStrings.kt:102;core/common/src/ByteStrings.kt:138		core/common/test/AbstractSourceTest.kt#indexOf;core/common/test/AbstractSourceTest.kt#indexOfByteWithStartOffset;core/common/test/AbstractSourceTest.kt#indexOfByteWithIndices;core/common/test/AbstractSourceTest.kt#indexOfByteInvalidBoundsThrows;core/common/test/AbstractSourceTest.kt#indexOfByteWithFromIndex;core/common/test/AbstractSourceTest.kt#indexOfByteString;core/common/test/AbstractSourceTest.kt#indexOfByteStringAtSegmentBoundary;core/common/test/AbstractSourceTest.kt#indexOfDoesNotWrapAround;core/common/test/AbstractSinkTest.kt#suite-reference;core/common/test/CommonBufferTest.kt#indexOfWithOffset;core/common/test/CommonBufferTest.kt#indexOfByteString	Sources/CompilerCore/Stdlib/kotlinx/io/Buffer.kt:263;Sources/CompilerCore/Stdlib/kotlinx/io/ByteStrings.kt:59;Sources/CompilerCore/Stdlib/kotlinx/io/ByteStrings.kt:77;Sources/CompilerCore/Stdlib/kotlinx/io/Sources.kt:83;Sources/CompilerCore/Stdlib/kotlinx/io/Buffers.kt:44;Sources/CompilerCore/Stdlib/kotlinx/io/Segment.kt:417;Sources/CompilerCore/Stdlib/kotlinx/io/bytestring/ByteString.kt:126;Sources/CompilerCore/Stdlib/kotlinx/io/bytestring/ByteString.kt:135;Sources/CompilerCore/Stdlib/kotlinx/io/bytestring/ByteString.kt:138	Tests/CompilerBackendTests/Integration/BundledStdlibExecutionTests+ByteString.swift	unverified	KUU-1729	in-scope JVM ABI and Java interoperability	JVM entry class line 71; source line: public fun Source.indexOf(byteString: ByteString, startIndex: Long = 0): Long {; generated kind: default/synthetic bridge; generated JVM ABI presence cannot be established from Kotlin source-name matching alone
jvm-333505a6bd4cfc77	core	JVM public ABI dump	JVM	function	yes	kotlinx/io/ByteStringsKt	write	public static final fun write (Lkotlinx/io/Sink;Lkotlinx/io/bytestring/ByteString;II)V	n/a	OptIn	none	@throws IndexOutOfBoundsException when [startIndex] or [endIndex] is out of range of [byteString] indices.; @throws IllegalArgumentException when `startIndex > endIndex`.; @throws IllegalStateException if the sink is closed.; @throws IOException when some I/O error occurs.	core/common/src/ByteStrings.kt:31		core/common/test/AbstractSourceTest.kt#suite-reference;core/common/test/AbstractSinkTest.kt#writeByteArray;core/common/test/AbstractSinkTest.kt#writeNothing;core/common/test/AbstractSinkTest.kt#writeByte;core/common/test/AbstractSinkTest.kt#writeBytes;core/common/test/AbstractSinkTest.kt#writeLastByteInSegment;core/common/test/AbstractSinkTest.kt#writeShort;core/common/test/AbstractSinkTest.kt#writeShorts;core/common/test/AbstractSinkTest.kt#writeShortLe;core/common/test/CommonBufferTest.kt#readAndWriteUtf8;core/common/test/CommonBufferTest.kt#writeSplitSourceBufferLeft;core/common/test/CommonBufferTest.kt#writeSplitSourceBufferRight;core/common/test/CommonBufferTest.kt#writePrefixDoesntSplit;core/common/test/CommonBufferTest.kt#writePrefixDoesntSplitButRequiresCompact;core/common/test/CommonBufferTest.kt#writeSourceWithNegativeNumberOfBytes;core/common/test/CommonBufferTest.kt#writePrefixToEmptyBuffer;core/common/test/CommonBufferTest.kt#readAllWritesAllSegmentsAtOnce	Sources/CompilerCore/Stdlib/kotlinx/io/Buffer.kt:384;Sources/CompilerCore/Stdlib/kotlinx/io/Buffer.kt:388;Sources/CompilerCore/Stdlib/kotlinx/io/Buffer.kt:392;Sources/CompilerCore/Stdlib/kotlinx/io/Buffer.kt:404;Sources/CompilerCore/Stdlib/kotlinx/io/Buffer.kt:419;Sources/CompilerCore/Stdlib/kotlinx/io/JvmCore.kt:25;Sources/CompilerCore/Stdlib/kotlinx/io/ByteStrings.kt:16;Sources/CompilerCore/Stdlib/kotlinx/io/RawSink.kt:18;Sources/CompilerCore/Stdlib/kotlinx/io/Segment.kt:321;Sources/CompilerCore/Stdlib/kotlinx/io/Sink.kt:24;Sources/CompilerCore/Stdlib/kotlinx/io/Sink.kt:29;Sources/CompilerCore/Stdlib/kotlinx/io/Sink.kt:35;Sources/CompilerCore/Stdlib/kotlinx/io/Sink.kt:46;Sources/CompilerCore/Stdlib/kotlinx/io/RealSink.kt:22;Sources/CompilerCore/Stdlib/kotlinx/io/RealSink.kt:29;Sources/CompilerCore/Stdlib/kotlinx/io/RealSink.kt:33;Sources/CompilerCore/Stdlib/kotlinx/io/RealSink.kt:37;Sources/CompilerCore/Stdlib/kotlinx/io/RealSink.kt:56;Sources/CompilerCore/Stdlib/kotlinx/io/Core.kt:26;Sources/CompilerCore/Stdlib/kotlinx/io/files/FileSystem.kt:105	Tests/CompilerBackendTests/Integration/BundledStdlibExecutionTests+KtorIOCoverage.swift;Tests/RuntimeTests/RuntimeIoFileSystemTests.swift	unverified	KUU-1725	in-scope JVM ABI and Java interoperability	JVM entry class line 75; source line: public fun Sink.write(byteString: ByteString, startIndex: Int = 0, endIndex: Int = byteString.size) {; generated kind: source
jvm-334d56b57e8b5279	core	JVM public ABI dump	JVM	constructor	yes	kotlinx/io/files/FileMetadata	<init>	public fun <init> (ZZJ)V	n/a	none	none	not-declared-in-source	core/common/src/files/FileSystem.kt:195	klib-998e3a41ef776da3;klib-8ad508ac6d89d176	core/common/test/files/SmokeFileTest.kt#fileMetadata	Sources/CompilerCore/Stdlib/kotlinx/io/files/FileSystem.kt:66	none	unverified	KUU-1725	in-scope JVM ABI and Java interoperability	JVM entry class line 242; source line: public class FileMetadata(; generated kind: source
jvm-34d3eda5c5e365c8	core	JVM public ABI dump	JVM	function	yes	kotlinx/io/unsafe/UnsafeBufferOperations	writeToTail	public final fun writeToTail (Lkotlinx/io/Buffer;ILkotlin/jvm/functions/Function3;)I	n/a	none	none	@throws IllegalStateException when [minimumCapacity] is too large and could not be fulfilled.; @throws IllegalStateException when [writeAction] returns a negative value or a value exceeding	core/common/src/unsafe/UnsafeBufferOperations.kt:187;core/common/src/unsafe/UnsafeBufferOperations.kt:254	klib-a00bfbcc6ee356ae;klib-b2e78491a07af06a	core/common/test/unsafe/UnsafeBufferOperationsForEachTest.kt#suite-reference;core/common/test/unsafe/UnsafeBufferOperationsIterationTest.kt#suite-reference;core/common/test/unsafe/UnsafeBufferOperationsMoveTest.kt#suite-reference;core/common/test/unsafe/UnsafeBufferOperationsReadTest.kt#suite-reference;core/common/test/unsafe/UnsafeBufferOperationsWriteTest.kt#suite-reference	Sources/CompilerCore/Stdlib/kotlinx/io/unsafe/UnsafeBufferOperations.kt:191;Sources/CompilerCore/Stdlib/kotlinx/io/unsafe/UnsafeBufferOperations.kt:258	none	unverified	KUU-1729	in-scope JVM ABI and Java interoperability	JVM entry class line 318; source line: public inline fun writeToTail(; generated kind: source
jvm-3512e1f33bdd47ee	core	JVM public ABI dump	JVM	published internal accessor	no	kotlinx/io/Buffer	getHead	public final synthetic fun getHead ()Lkotlinx/io/Segment;	n/a	PublishedApi	none	not-declared-in-source	core/common/src/Buffer.kt:55;core/common/src/Buffer.kt:293;core/common/src/Buffer.kt:528	klib-14217ab26bcc2a6b;klib-211ce3f5b15e3518;klib-47368e9bfba43219	core/common/test/CommonBufferTest.kt#splitHead;core/jvm/test/BufferTest.kt#suite-reference	Sources/CompilerCore/Stdlib/kotlinx/io/Buffer.kt:40;Sources/CompilerCore/Stdlib/kotlinx/io/Buffer.kt:301;Sources/CompilerCore/Stdlib/kotlinx/io/Buffer.kt:547;Sources/CompilerCore/Stdlib/kotlinx/io/unsafe/UnsafeBufferOperations.kt:104;Sources/CompilerCore/Stdlib/kotlinx/io/unsafe/UnsafeBufferOperations.kt:148	none	unverified	KUU-1729	in-scope JVM ABI and Java interoperability	JVM entry class line 13; source line: internal var head: Segment? = null; generated kind: published internal accessor; generated JVM ABI presence cannot be established from Kotlin source-name matching alone
jvm-36053e58d7de3cb4	core	JVM public ABI dump	JVM	default/synthetic bridge	no	kotlinx/io/unsafe/UnsafeBufferOperationsKt	withData	public static final synthetic fun withData (Lkotlinx/io/unsafe/SegmentReadContext;Lkotlinx/io/Segment;Lkotlin/jvm/functions/Function3;)V	n/a	JvmSynthetic,OptIn,UnsafeIoApi	none	not-declared-in-source	core/common/src/unsafe/UnsafeBufferOperations.kt:427		core/common/test/unsafe/UnsafeBufferOperationsForEachTest.kt#suite-reference;core/common/test/unsafe/UnsafeBufferOperationsIterationTest.kt#suite-reference;core/common/test/unsafe/UnsafeBufferOperationsMoveTest.kt#suite-reference;core/common/test/unsafe/UnsafeBufferOperationsReadTest.kt#suite-reference;core/common/test/unsafe/UnsafeBufferOperationsWriteTest.kt#suite-reference	Sources/CompilerCore/Stdlib/kotlinx/io/unsafe/UnsafeBufferOperations.kt:430	none	unverified	KUU-1729	in-scope JVM ABI and Java interoperability	JVM entry class line 331; source line: public inline fun SegmentReadContext.withData(; generated kind: default/synthetic bridge; generated JVM ABI presence cannot be established from Kotlin source-name matching alone
jvm-3628a4749103ed23	core	JVM public ABI dump	JVM	function	yes	kotlinx/io/files/Path	equals	public fun equals (Ljava/lang/Object;)Z	n/a	none	none	not-declared-in-source	core/common/src/files/Paths.kt:60;core/jvm/src/files/PathsJvm.kt:22;core/native/src/files/PathsNative.kt:38;core/nodeFilesystemShared/src/files/PathsNodeJs.kt:57;core/wasmWasi/src/files/PathsWasm.kt:13	klib-8b2ad25426b57149	core/common/test/files/SmokeFileTest.kt#suite-reference;core/common/test/files/UtilsTest.kt#suite-reference	Sources/CompilerCore/Stdlib/kotlinx/io/bytestring/ByteString.kt:46;Sources/CompilerCore/Stdlib/kotlinx/io/files/Paths.kt:46	none	unverified	KUU-1725	in-scope JVM ABI and Java interoperability	JVM entry class line 270; source line: override fun equals(other: Any?): Boolean; generated kind: source
jvm-3792616a20c85e19	core	JVM public ABI dump	JVM	JVM-mangled source function	yes	kotlinx/io/SinksKt	writeUInt-Qn1smSk	public static final fun writeUInt-Qn1smSk (Lkotlinx/io/Sink;I)V	n/a	none	none	@throws IllegalStateException when the sink is closed.; @throws IOException when some I/O error occurs.	core/common/src/Sinks.kt:210		core/common/test/AbstractSinkTest.kt#writeUInt;core/common/test/AbstractSinkTest.kt#writeUIntLe;core/common/test/CommonRealSinkTest.kt#suite-reference	Sources/CompilerCore/Stdlib/kotlinx/io/Sinks.kt:206	none	unverified	KUU-1731	in-scope JVM ABI and Java interoperability	JVM entry class line 163; source line: public fun Sink.writeUInt(int: UInt) {; generated kind: JVM-mangled source function
jvm-38612e8e60928dd6	core	JVM public ABI dump	JVM	function	yes	kotlinx/io/Source	readTo	public abstract fun readTo (Lkotlinx/io/RawSink;J)V	n/a	none	none	@throws IllegalArgumentException when [byteCount] is negative.; @throws EOFException when the requested number of bytes cannot be read.; @throws IllegalStateException when the source or [sink] is closed.; @throws IOException when some I/O error occurs.	core/common/src/Source.kt:214	klib-8493cb924a1ec5ce	core/common/test/AbstractSourceTest.kt#readToSink;core/common/test/AbstractSourceTest.kt#readToSinkTooShortThrows;core/common/test/AbstractSourceTest.kt#readToSinkWithNegativeByteCount;core/common/test/AbstractSourceTest.kt#readToSinkZeroBytes;core/common/test/AbstractSourceTest.kt#readToByteArray;core/common/test/AbstractSourceTest.kt#readToByteArraySubrange;core/common/test/AbstractSourceTest.kt#readToByteArrayInvalidArguments;core/common/test/AbstractSourceTest.kt#readToByteArrayTooShortThrows;core/common/test/CommonRealSourceTest.kt#suite-reference	Sources/CompilerCore/Stdlib/kotlinx/io/Buffer.kt:337;Sources/CompilerCore/Stdlib/kotlinx/io/Sources.kt:126;Sources/CompilerCore/Stdlib/kotlinx/io/Source.kt:68;Sources/CompilerCore/Stdlib/kotlinx/io/Segment.kt:315;Sources/CompilerCore/Stdlib/kotlinx/io/RealSource.kt:68	none	unverified	KUU-1730	in-scope JVM ABI and Java interoperability	JVM entry class line 181; source line: public fun readTo(sink: RawSink, byteCount: Long); generated kind: source
jvm-39a47d6e7a8bc5c5	core	JVM public ABI dump	JVM	function	yes	kotlinx/io/Buffer	readTo	public fun readTo (Lkotlinx/io/RawSink;J)V	n/a	none	none	not-declared-in-source	core/common/src/Buffer.kt:329	klib-729acf48b031cbef	core/common/test/CommonBufferTest.kt#suite-reference;core/jvm/test/BufferTest.kt#readToOutputStream;core/jvm/test/BufferTest.kt#readToOutputStreamWithByteCount	Sources/CompilerCore/Stdlib/kotlinx/io/Buffer.kt:337;Sources/CompilerCore/Stdlib/kotlinx/io/Sources.kt:126;Sources/CompilerCore/Stdlib/kotlinx/io/Source.kt:68;Sources/CompilerCore/Stdlib/kotlinx/io/Segment.kt:315;Sources/CompilerCore/Stdlib/kotlinx/io/RealSource.kt:68	none	unverified	KUU-1729	in-scope JVM ABI and Java interoperability	JVM entry class line 25; source line: override fun readTo(sink: RawSink, byteCount: Long) {; generated kind: source
jvm-39cb321f548e7fe0	core	JVM public ABI dump	JVM	Kotlin property getter/setter	no	kotlinx/io/Sink	getBuffer	public abstract fun getBuffer ()Lkotlinx/io/Buffer;	n/a	InternalIoApi	none	not-declared-in-source	core/common/src/Sink.kt:72	klib-7fa788e47483b1b4;klib-c3277008519120a1	core/common/test/AbstractSinkTest.kt#writeBufferThrowsIAE;core/common/test/AbstractSinkTest.kt#writeBufferWithNegativeBytesCount;core/common/test/AbstractSinkTest.kt#closeEmitsBufferedBytes;core/common/test/CommonRealSinkTest.kt#bufferedSinkEmitsTailWhenItIsComplete;core/common/test/CommonRealSinkTest.kt#bufferedSinkEmitMultipleSegments;core/common/test/CommonRealSinkTest.kt#bufferedSinkFlush	Sources/CompilerCore/Stdlib/kotlinx/io/Buffer.kt:58;Sources/CompilerCore/Stdlib/kotlinx/io/Source.kt:14;Sources/CompilerCore/Stdlib/kotlinx/io/SourcesJvm.kt:45;Sources/CompilerCore/Stdlib/kotlinx/io/Sink.kt:14;Sources/CompilerCore/Stdlib/kotlinx/io/RealSink.kt:19;Sources/CompilerCore/Stdlib/kotlinx/io/RealSource.kt:18;Sources/CompilerCore/Stdlib/kotlinx/io/PeekSource.kt:23;Sources/CompilerCore/Stdlib/kotlinx/io/bytestring/ByteStringBuilder.kt:10	Tests/CompilerCoreTests/Sema/KotlinxIOByteStringSurfaceTests.swift;Tests/CompilerBackendTests/Integration/BundledStdlibExecutionTests+KtorIOCoverage.swift	unverified	KUU-1729	in-scope JVM ABI and Java interoperability	JVM entry class line 131; source line: public val buffer: Buffer; generated kind: Kotlin property getter/setter; generated JVM ABI presence cannot be established from Kotlin source-name matching alone
jvm-3ca45621ab7698c8	core	JVM public ABI dump	JVM	default/synthetic bridge	no	kotlinx/io/Buffer	copyTo$default	public static synthetic fun copyTo$default (Lkotlinx/io/Buffer;Lkotlinx/io/Buffer;JJILjava/lang/Object;)V	n/a	none	none	@throws IndexOutOfBoundsException when [startIndex] or [endIndex] is out of this buffer bounds; @throws IllegalArgumentException when `startIndex > endIndex`.	core/common/src/Buffer.kt:203	klib-ad970e42737004ba	core/common/test/CommonBufferTest.kt#copyTo;core/common/test/CommonBufferTest.kt#copyToAll;core/common/test/CommonBufferTest.kt#copyToWithOnlyStartIndex;core/common/test/CommonBufferTest.kt#copyToWithOnlyEndIndex;core/common/test/CommonBufferTest.kt#copyToOnSegmentBoundary;core/common/test/CommonBufferTest.kt#copyToOffSegmentBoundary;core/common/test/CommonBufferTest.kt#copyToSourceAndTargetCanBeTheSame;core/common/test/CommonBufferTest.kt#copyToEmptySource;core/jvm/test/BufferTest.kt#copyToSpanningSegments;core/jvm/test/BufferTest.kt#copyToSkippingSegments;core/jvm/test/BufferTest.kt#copyToStream;core/jvm/test/BufferTest.kt#copyToOutputStream;core/jvm/test/BufferTest.kt#copyToOutputStreamWithStartIndex;core/jvm/test/BufferTest.kt#copyToOutputStreamWithEndIndex;core/jvm/test/BufferTest.kt#copyToOutputStreamWithIndices;core/jvm/test/BufferTest.kt#copyToOutputStreamWithEmptyRange	Sources/CompilerCore/Stdlib/kotlinx/io/Buffer.kt:184	none	unverified	KUU-1729	in-scope JVM ABI and Java interoperability	JVM entry class line 7; source line: public fun copyTo(; generated kind: default/synthetic bridge; generated JVM ABI presence cannot be established from Kotlin source-name matching alone
jvm-3cd294dd8616b98c	core	JVM public ABI dump	JVM	interface	yes	kotlinx/io/RawSink	RawSink	public abstract interface class kotlinx/io/RawSink : java/io/Flushable, java/lang/AutoCloseable {	n/a	none	none	not-declared-in-source	core/common/src/RawSink.kt:42;core/jvm/src/RawSink.kt:27;core/js/src/RawSink.kt:8;core/native/src/RawSink.kt:23;core/wasm/src/RawSink.kt:8	klib-b8d3dfb575d2ea24	core/common/test/AbstractSinkTest.kt#suite-reference;core/common/test/CommonRealSinkTest.kt#suite-reference	Sources/CompilerCore/Stdlib/kotlinx/io/RawSink.kt:14	none	unverified	KUU-1730	in-scope JVM ABI and Java interoperability	JVM entry class line 97; source line: public expect interface RawSink : AutoCloseable {; generated kind: source
jvm-3d3e2c3894489dcf	core	JVM public ABI dump	JVM	Kotlin property getter/setter	no	kotlinx/io/files/Path	getParent	public final fun getParent ()Lkotlinx/io/files/Path;	n/a	none	none	not-declared-in-source	core/common/src/files/Paths.kt:24;core/jvm/src/files/PathsJvm.kt:14;core/native/src/files/PathsNative.kt:24;core/nodeFilesystemShared/src/files/PathsNodeJs.kt:20;core/wasmWasi/src/files/PathsWasm.kt:26	klib-af3495d0cd999087;klib-5583f286d28de419	core/common/test/files/SmokeFileTest.kt#pathParent;core/common/test/files/UtilsTest.kt#suite-reference	Sources/CompilerCore/Stdlib/kotlinx/io/files/Paths.kt:15	Tests/CompilerCoreTests/Sema/KotlinxIOPathSourceTests.swift	unverified	KUU-1725	in-scope JVM ABI and Java interoperability	JVM entry class line 272; source line: public val parent: Path?; generated kind: Kotlin property getter/setter; generated JVM ABI presence cannot be established from Kotlin source-name matching alone
jvm-3dca21e87c304e48	core	JVM public ABI dump	JVM	function	yes	kotlinx/io/BuffersJvmKt	write	public static final fun write (Lkotlinx/io/Buffer;Ljava/io/InputStream;J)Lkotlinx/io/Buffer;	n/a	IgnorableReturnValue	none	@throws IOException when [input] exhausted before reading [byteCount] bytes from it.; @throws IllegalArgumentException when [byteCount] is negative.	core/jvm/src/BuffersJvm.kt:58;core/jvm/src/BuffersJvm.kt:65;core/jvm/src/BuffersJvm.kt:199		core/jvm/test/NioTest.kt#suite-reference;core/jvm/test/BufferTest.kt#writeToSpanningSegments;core/jvm/test/BufferTest.kt#writeToStream	Sources/CompilerCore/Stdlib/kotlinx/io/Buffer.kt:384;Sources/CompilerCore/Stdlib/kotlinx/io/Buffer.kt:388;Sources/CompilerCore/Stdlib/kotlinx/io/Buffer.kt:392;Sources/CompilerCore/Stdlib/kotlinx/io/Buffer.kt:404;Sources/CompilerCore/Stdlib/kotlinx/io/Buffer.kt:419;Sources/CompilerCore/Stdlib/kotlinx/io/JvmCore.kt:25;Sources/CompilerCore/Stdlib/kotlinx/io/ByteStrings.kt:16;Sources/CompilerCore/Stdlib/kotlinx/io/RawSink.kt:18;Sources/CompilerCore/Stdlib/kotlinx/io/Segment.kt:321;Sources/CompilerCore/Stdlib/kotlinx/io/Sink.kt:24;Sources/CompilerCore/Stdlib/kotlinx/io/Sink.kt:29;Sources/CompilerCore/Stdlib/kotlinx/io/Sink.kt:35;Sources/CompilerCore/Stdlib/kotlinx/io/Sink.kt:46;Sources/CompilerCore/Stdlib/kotlinx/io/RealSink.kt:22;Sources/CompilerCore/Stdlib/kotlinx/io/RealSink.kt:29;Sources/CompilerCore/Stdlib/kotlinx/io/RealSink.kt:33;Sources/CompilerCore/Stdlib/kotlinx/io/RealSink.kt:37;Sources/CompilerCore/Stdlib/kotlinx/io/RealSink.kt:56;Sources/CompilerCore/Stdlib/kotlinx/io/Core.kt:26;Sources/CompilerCore/Stdlib/kotlinx/io/files/FileSystem.kt:105	Tests/CompilerBackendTests/Integration/BundledStdlibExecutionTests+KtorIOCoverage.swift;Tests/RuntimeTests/RuntimeIoFileSystemTests.swift	unverified	KUU-1729	in-scope JVM ABI and Java interoperability	JVM entry class line 59; source line: public fun Buffer.write(input: InputStream, byteCount: Long): Buffer {; generated kind: source
jvm-3e4062a8e15752f1	core	JVM public ABI dump	JVM	function	yes	kotlinx/io/files/PathsKt	Path	public static final fun Path (Lkotlinx/io/files/Path;[Ljava/lang/String;)Lkotlinx/io/files/Path;	n/a	none	none	not-declared-in-source	core/common/src/files/Paths.kt:75;core/common/src/files/Paths.kt:80;core/common/src/files/Paths.kt:96		core/common/test/files/SmokeFileTest.kt#pathParent;core/common/test/files/SmokeFileTest.kt#pathConcat;core/common/test/files/SmokeFileTest.kt#pathEquality;core/common/test/files/UtilsTest.kt#testPathTrimmingUnix;core/common/test/files/UtilsTest.kt#testPathTrimmingWindows	Sources/CompilerCore/Stdlib/kotlinx/io/files/Paths.kt:58;Sources/CompilerCore/Stdlib/kotlinx/io/files/Paths.kt:65;Sources/CompilerCore/Stdlib/kotlinx/io/files/Paths.kt:77;Sources/CompilerCore/Stdlib/kotlinx/io/files/FileSystem.kt:55	Tests/CompilerCoreTests/Sema/KotlinxIOPathSourceTests.swift;Tests/CompilerBackendTests/Integration/BundledStdlibExecutionTests+KtorIOCoverage.swift;Tests/RuntimeTests/RuntimeIoFileSystemTests.swift	unverified	KUU-1725	in-scope JVM ABI and Java interoperability	JVM entry class line 287; source line: public expect fun Path(path: String): Path; generated kind: source
jvm-3ecb129cb4283041	core	JVM public ABI dump	JVM	JVM field ABI	no	kotlinx/io/files/FileSystemJvmKt	SystemFileSystem	public static final field SystemFileSystem Lkotlinx/io/files/FileSystem;	n/a	JvmField	none	not-declared-in-source	core/jvm/src/files/FileSystemJvm.kt:52		core/common/test/files/SmokeFileTest.kt#suite-reference	none	none	unverified	KUU-1725	in-scope JVM ABI and Java interoperability	JVM entry class line 265; source line: public actual val SystemFileSystem: FileSystem = object : SystemFileSystemImpl() {; generated kind: JVM field ABI; generated JVM ABI presence cannot be established from Kotlin source-name matching alone
jvm-3f92c68ad1407581	core	JVM public ABI dump	JVM	function	yes	kotlinx/io/Sink	write	public abstract fun write (Lkotlinx/io/RawSource;J)V	n/a	none	none	@throws IndexOutOfBoundsException when [startIndex] or [endIndex] is out of range of [source] array indices.; @throws IllegalArgumentException when `startIndex > endIndex`.; @throws IllegalStateException when the sink is closed.; @throws IOException when some I/O error occurs.	core/common/src/Sink.kt:88;core/common/src/Sink.kt:119	klib-00fa8d5d9f11e43f;klib-745d0e6a927e88a7	core/common/test/AbstractSinkTest.kt#writeByteArray;core/common/test/AbstractSinkTest.kt#writeNothing;core/common/test/AbstractSinkTest.kt#writeByte;core/common/test/AbstractSinkTest.kt#writeBytes;core/common/test/AbstractSinkTest.kt#writeLastByteInSegment;core/common/test/AbstractSinkTest.kt#writeShort;core/common/test/AbstractSinkTest.kt#writeShorts;core/common/test/AbstractSinkTest.kt#writeShortLe;core/common/test/CommonRealSinkTest.kt#writeAll;core/common/test/CommonRealSinkTest.kt#writeAllExhausted;core/common/test/CommonRealSinkTest.kt#writeAllWritesOneSegmentAtATime	Sources/CompilerCore/Stdlib/kotlinx/io/Buffer.kt:384;Sources/CompilerCore/Stdlib/kotlinx/io/Buffer.kt:388;Sources/CompilerCore/Stdlib/kotlinx/io/Buffer.kt:392;Sources/CompilerCore/Stdlib/kotlinx/io/Buffer.kt:404;Sources/CompilerCore/Stdlib/kotlinx/io/Buffer.kt:419;Sources/CompilerCore/Stdlib/kotlinx/io/JvmCore.kt:25;Sources/CompilerCore/Stdlib/kotlinx/io/ByteStrings.kt:16;Sources/CompilerCore/Stdlib/kotlinx/io/RawSink.kt:18;Sources/CompilerCore/Stdlib/kotlinx/io/Segment.kt:321;Sources/CompilerCore/Stdlib/kotlinx/io/Sink.kt:24;Sources/CompilerCore/Stdlib/kotlinx/io/Sink.kt:29;Sources/CompilerCore/Stdlib/kotlinx/io/Sink.kt:35;Sources/CompilerCore/Stdlib/kotlinx/io/Sink.kt:46;Sources/CompilerCore/Stdlib/kotlinx/io/RealSink.kt:22;Sources/CompilerCore/Stdlib/kotlinx/io/RealSink.kt:29;Sources/CompilerCore/Stdlib/kotlinx/io/RealSink.kt:33;Sources/CompilerCore/Stdlib/kotlinx/io/RealSink.kt:37;Sources/CompilerCore/Stdlib/kotlinx/io/RealSink.kt:56;Sources/CompilerCore/Stdlib/kotlinx/io/Core.kt:26;Sources/CompilerCore/Stdlib/kotlinx/io/files/FileSystem.kt:105	Tests/CompilerBackendTests/Integration/BundledStdlibExecutionTests+KtorIOCoverage.swift;Tests/RuntimeTests/RuntimeIoFileSystemTests.swift	unverified	KUU-1730	in-scope JVM ABI and Java interoperability	JVM entry class line 134; source line: public fun write(source: ByteArray, startIndex: Int = 0, endIndex: Int = source.size); generated kind: source
jvm-4032561c3edc74f3	core	JVM public ABI dump	JVM	function	yes	kotlinx/io/Buffer	write	public fun write (Lkotlinx/io/RawSource;J)V	n/a	none	none	not-declared-in-source	core/common/src/Buffer.kt:375;core/common/src/Buffer.kt:387;core/common/src/Buffer.kt:402	klib-3445037415447ceb;klib-287cb83cbbb8abf0;klib-f7b67ed1f0fd800e	core/common/test/CommonBufferTest.kt#readAndWriteUtf8;core/common/test/CommonBufferTest.kt#writeSplitSourceBufferLeft;core/common/test/CommonBufferTest.kt#writeSplitSourceBufferRight;core/common/test/CommonBufferTest.kt#writePrefixDoesntSplit;core/common/test/CommonBufferTest.kt#writePrefixDoesntSplitButRequiresCompact;core/common/test/CommonBufferTest.kt#writeSourceWithNegativeNumberOfBytes;core/common/test/CommonBufferTest.kt#writePrefixToEmptyBuffer;core/common/test/CommonBufferTest.kt#readAllWritesAllSegmentsAtOnce;core/jvm/test/BufferTest.kt#writeToSpanningSegments;core/jvm/test/BufferTest.kt#writeToStream	Sources/CompilerCore/Stdlib/kotlinx/io/Buffer.kt:384;Sources/CompilerCore/Stdlib/kotlinx/io/Buffer.kt:388;Sources/CompilerCore/Stdlib/kotlinx/io/Buffer.kt:392;Sources/CompilerCore/Stdlib/kotlinx/io/Buffer.kt:404;Sources/CompilerCore/Stdlib/kotlinx/io/Buffer.kt:419;Sources/CompilerCore/Stdlib/kotlinx/io/JvmCore.kt:25;Sources/CompilerCore/Stdlib/kotlinx/io/ByteStrings.kt:16;Sources/CompilerCore/Stdlib/kotlinx/io/RawSink.kt:18;Sources/CompilerCore/Stdlib/kotlinx/io/Segment.kt:321;Sources/CompilerCore/Stdlib/kotlinx/io/Sink.kt:24;Sources/CompilerCore/Stdlib/kotlinx/io/Sink.kt:29;Sources/CompilerCore/Stdlib/kotlinx/io/Sink.kt:35;Sources/CompilerCore/Stdlib/kotlinx/io/Sink.kt:46;Sources/CompilerCore/Stdlib/kotlinx/io/RealSink.kt:22;Sources/CompilerCore/Stdlib/kotlinx/io/RealSink.kt:29;Sources/CompilerCore/Stdlib/kotlinx/io/RealSink.kt:33;Sources/CompilerCore/Stdlib/kotlinx/io/RealSink.kt:37;Sources/CompilerCore/Stdlib/kotlinx/io/RealSink.kt:56;Sources/CompilerCore/Stdlib/kotlinx/io/Core.kt:26;Sources/CompilerCore/Stdlib/kotlinx/io/files/FileSystem.kt:105	Tests/CompilerBackendTests/Integration/BundledStdlibExecutionTests+KtorIOCoverage.swift;Tests/RuntimeTests/RuntimeIoFileSystemTests.swift	unverified	KUU-1729	in-scope JVM ABI and Java interoperability	JVM entry class line 38; source line: override fun write(source: ByteArray, startIndex: Int, endIndex: Int) {; generated kind: source
jvm-40641508baa6fa7d	core	JVM public ABI dump	JVM	function	yes	kotlinx/io/BuffersJvmKt	transferFrom	public static final fun transferFrom (Lkotlinx/io/Buffer;Ljava/io/InputStream;)Lkotlinx/io/Buffer;	n/a	IgnorableReturnValue	none	not-declared-in-source	core/jvm/src/BuffersJvm.kt:40;core/jvm/src/BuffersJvm.kt:178		core/jvm/test/NioTest.kt#suite-reference;core/jvm/test/BufferTest.kt#suite-reference	Sources/CompilerCore/Stdlib/kotlinx/io/Buffer.kt:510;Sources/CompilerCore/Stdlib/kotlinx/io/Sink.kt:41;Sources/CompilerCore/Stdlib/kotlinx/io/RealSink.kt:44	none	unverified	KUU-1729	in-scope JVM ABI and Java interoperability	JVM entry class line 57; source line: public fun Buffer.transferFrom(input: InputStream): Buffer {; generated kind: source
jvm-40d5b12f05b60d0b	core	JVM public ABI dump	JVM	function	yes	kotlinx/io/unsafe/UnsafeBufferOperations	iterate	public final fun iterate (Lkotlinx/io/Buffer;Lkotlin/jvm/functions/Function2;)V	n/a	none	none	not-declared-in-source	core/common/src/unsafe/UnsafeBufferOperations.kt:307;core/common/src/unsafe/UnsafeBufferOperations.kt:339	klib-14fecc4710ddf96c;klib-caa6adf5c94ccba4	core/common/test/unsafe/UnsafeBufferOperationsForEachTest.kt#suite-reference;core/common/test/unsafe/UnsafeBufferOperationsIterationTest.kt#suite-reference;core/common/test/unsafe/UnsafeBufferOperationsMoveTest.kt#suite-reference;core/common/test/unsafe/UnsafeBufferOperationsReadTest.kt#suite-reference;core/common/test/unsafe/UnsafeBufferOperationsWriteTest.kt#suite-reference	Sources/CompilerCore/Stdlib/kotlinx/io/unsafe/UnsafeBufferOperations.kt:311;Sources/CompilerCore/Stdlib/kotlinx/io/unsafe/UnsafeBufferOperations.kt:343	none	unverified	KUU-1729	in-scope JVM ABI and Java interoperability	JVM entry class line 312; source line: public inline fun iterate(; generated kind: source
jvm-4126d0bf9cb3cb8a	core	JVM public ABI dump	JVM	function	yes	kotlinx/io/unsafe/UnsafeBufferOperations	readFromHead	public final fun readFromHead (Lkotlinx/io/Buffer;Lkotlin/jvm/functions/Function2;)I	n/a	none	none	@throws IllegalStateException when [readAction] returns negative value or a values exceeding; @throws IllegalArgumentException when the [buffer] is empty.	core/common/src/unsafe/UnsafeBufferOperations.kt:91;core/common/src/unsafe/UnsafeBufferOperations.kt:138	klib-1481c81e0f5a5cc4;klib-7b507920fd698e70	core/common/test/unsafe/UnsafeBufferOperationsForEachTest.kt#suite-reference;core/common/test/unsafe/UnsafeBufferOperationsIterationTest.kt#suite-reference;core/common/test/unsafe/UnsafeBufferOperationsMoveTest.kt#suite-reference;core/common/test/unsafe/UnsafeBufferOperationsReadTest.kt#suite-reference;core/common/test/unsafe/UnsafeBufferOperationsWriteTest.kt#suite-reference	Sources/CompilerCore/Stdlib/kotlinx/io/unsafe/UnsafeBufferOperations.kt:95;Sources/CompilerCore/Stdlib/kotlinx/io/unsafe/UnsafeBufferOperations.kt:142	none	unverified	KUU-1729	in-scope JVM ABI and Java interoperability	JVM entry class line 315; source line: public inline fun readFromHead(; generated kind: source
jvm-44a7c06e326b8c71	core	JVM public ABI dump	JVM	function	yes	kotlinx/io/Buffer	readAtMostTo	public fun readAtMostTo (Lkotlinx/io/Buffer;J)J	n/a	none	none	not-declared-in-source	core/common/src/Buffer.kt:306;core/common/src/Buffer.kt:321	klib-11be017879adb524;klib-f10f01d0ac1d5ee1	core/common/test/CommonBufferTest.kt#suite-reference;core/jvm/test/BufferTest.kt#suite-reference	Sources/CompilerCore/Stdlib/kotlinx/io/Buffer.kt:314;Sources/CompilerCore/Stdlib/kotlinx/io/Buffer.kt:329;Sources/CompilerCore/Stdlib/kotlinx/io/JvmCore.kt:54;Sources/CompilerCore/Stdlib/kotlinx/io/Sources.kt:140;Sources/CompilerCore/Stdlib/kotlinx/io/Source.kt:63;Sources/CompilerCore/Stdlib/kotlinx/io/RawSource.kt:17;Sources/CompilerCore/Stdlib/kotlinx/io/RealSource.kt:21;Sources/CompilerCore/Stdlib/kotlinx/io/RealSource.kt:57;Sources/CompilerCore/Stdlib/kotlinx/io/PeekSource.kt:30;Sources/CompilerCore/Stdlib/kotlinx/io/files/FileSystem.kt:78	none	unverified	KUU-1729	in-scope JVM ABI and Java interoperability	JVM entry class line 19; source line: override fun readAtMostTo(sink: ByteArray, startIndex: Int, endIndex: Int): Int {; generated kind: source
jvm-45067c0de5010493	core	JVM public ABI dump	JVM	Kotlin property getter/setter	no	kotlinx/io/files/FileMetadata	getSize	public final fun getSize ()J	n/a	none	none	not-declared-in-source	core/common/src/files/FileSystem.kt:207	klib-a547abadbdde0d10;klib-92b4e36ec81ec0e2	core/common/test/files/SmokeFileTest.kt#fileSize	Sources/CompilerCore/Stdlib/kotlinx/io/Buffer.kt:48;Sources/CompilerCore/Stdlib/kotlinx/io/SourcesJvm.kt:47;Sources/CompilerCore/Stdlib/kotlinx/io/Segment.kt:331;Sources/CompilerCore/Stdlib/kotlinx/io/bytestring/ByteString.kt:21;Sources/CompilerCore/Stdlib/kotlinx/io/bytestring/ByteStringBuilder.kt:13;Sources/CompilerCore/Stdlib/kotlinx/io/internal/-Utf8.kt:147;Sources/CompilerCore/Stdlib/kotlinx/io/files/FileSystem.kt:69	Tests/CompilerCoreTests/Sema/KotlinxIOByteStringSurfaceTests.swift;Tests/CompilerBackendTests/Integration/BundledStdlibExecutionTests+ByteString.swift;Tests/CompilerBackendTests/Integration/BundledStdlibExecutionTests+KtorIOCoverage.swift;Tests/RuntimeTests/RuntimeIoFileSystemTests.swift	unverified	KUU-1725	in-scope JVM ABI and Java interoperability	JVM entry class line 244; source line: public val size: Long = 0L; generated kind: Kotlin property getter/setter; generated JVM ABI presence cannot be established from Kotlin source-name matching alone
jvm-45b7590907ce46a4	core	JVM public ABI dump	JVM	function	yes	kotlinx/io/SinksKt	writeFloat	public static final fun writeFloat (Lkotlinx/io/Sink;F)V	n/a	none	none	@throws IllegalStateException when the sink is closed.; @throws IOException when some I/O error occurs.	core/common/src/Sinks.kt:289		core/common/test/AbstractSinkTest.kt#writeFloat;core/common/test/AbstractSinkTest.kt#writeFloatLe;core/common/test/CommonRealSinkTest.kt#suite-reference	Sources/CompilerCore/Stdlib/kotlinx/io/Sinks.kt:275	none	unverified	KUU-1731	in-scope JVM ABI and Java interoperability	JVM entry class line 155; source line: public fun Sink.writeFloat(float: Float) {; generated kind: source
jvm-45bb77b8179a1e2a	core	JVM public ABI dump	JVM	function	yes	kotlinx/io/Utf8Kt	readString	public static final fun readString (Lkotlinx/io/Buffer;)Ljava/lang/String;	n/a	OptIn	none	@throws IllegalStateException when the source is closed.; @throws IOException when some I/O error occurs.	core/common/src/Utf8.kt:208;core/common/src/Utf8.kt:220;core/common/src/Utf8.kt:237		core/common/test/Utf8Test.kt#readStringWithUnderflow;core/common/test/Utf8Test.kt#readStringWithoutContinuationByte	Sources/CompilerCore/Stdlib/kotlinx/io/SourcesJvm.kt:17;Sources/CompilerCore/Stdlib/kotlinx/io/SourcesJvm.kt:23;Sources/CompilerCore/Stdlib/kotlinx/io/Utf8.kt:40;Sources/CompilerCore/Stdlib/kotlinx/io/Utf8.kt:45;Sources/CompilerCore/Stdlib/kotlinx/io/Utf8.kt:47	Tests/CompilerBackendTests/Integration/BundledStdlibExecutionTests+KtorIOCoverage.swift	unverified	KUU-1733	in-scope JVM ABI and Java interoperability	JVM entry class line 230; source line: public fun Source.readString(): String {; generated kind: source
jvm-4a6ead57ff31eb51	core	JVM public ABI dump	JVM	Kotlin source function with @JvmName	yes	kotlinx/io/files/PathsKt	sourceDeprecated	public static final fun sourceDeprecated (Lkotlinx/io/files/Path;)Lkotlinx/io/Source;	n/a	Deprecated,JvmName	ERROR: Use FileSystem.source instead	not-declared-in-source	core/common/src/files/Paths.kt:115		core/common/test/files/SmokeFileTest.kt#closeFileSourceTwice;core/common/test/files/UtilsTest.kt#suite-reference	Sources/CompilerCore/Stdlib/kotlinx/io/files/FileSystem.kt:23;Sources/CompilerCore/Stdlib/kotlinx/io/files/FileSystem.kt:45	Tests/CompilerCoreTests/Sema/KotlinxIOPathSourceTests.swift;Tests/CompilerCoreTests/Sema/KotlinxIOByteStringSurfaceTests.swift;Tests/CompilerBackendTests/Integration/BundledStdlibExecutionTests+KtorIOCoverage.swift;Tests/RuntimeTests/RuntimeIoFileSystemTests.swift	unverified	KUU-1725	in-scope JVM ABI and Java interoperability	JVM entry class line 289; source line: public fun Path.source(): Source = SystemFileSystem.source(this).buffered(); generated kind: Kotlin source function with @JvmName
jvm-4ae42935a225a9af	core	JVM public ABI dump	JVM	JVM-mangled source function	yes	kotlinx/io/SinksKt	writeULongLe-2TYgG_w	public static final fun writeULongLe-2TYgG_w (Lkotlinx/io/Sink;J)V	n/a	none	none	@throws IllegalStateException when the sink is closed.; @throws IOException when some I/O error occurs.	core/common/src/Sinks.kt:266		core/common/test/AbstractSinkTest.kt#writeULongLe;core/common/test/CommonRealSinkTest.kt#suite-reference	Sources/CompilerCore/Stdlib/kotlinx/io/Sinks.kt:254	none	unverified	KUU-1731	in-scope JVM ABI and Java interoperability	JVM entry class line 166; source line: public fun Sink.writeULongLe(long: ULong) {; generated kind: JVM-mangled source function
jvm-4b2af1b58d12b294	core	JVM public ABI dump	JVM	JVM file facade	no	kotlinx/io/BuffersKt	BuffersKt	public final class kotlinx/io/BuffersKt {	n/a	none	none	not-declared-in-source	source declaration not found by name		core/common/test/AbstractSourceTest.kt#suite-reference;core/common/test/AbstractSinkTest.kt#suite-reference	none	none	unverified	KUU-1729	in-scope JVM ABI and Java interoperability	JVM entry class line 62; source line: ; generated kind: JVM file facade; generated JVM ABI presence cannot be established from Kotlin source-name matching alone
jvm-4b69844a79a4681d	core	JVM public ABI dump	JVM	function	yes	kotlinx/io/SinksKt	writeDouble	public static final fun writeDouble (Lkotlinx/io/Sink;D)V	n/a	none	none	@throws IllegalStateException when the sink is closed.; @throws IOException when some I/O error occurs.	core/common/src/Sinks.kt:308		core/common/test/AbstractSinkTest.kt#writeDouble;core/common/test/AbstractSinkTest.kt#writeDoubleLe;core/common/test/CommonRealSinkTest.kt#suite-reference	Sources/CompilerCore/Stdlib/kotlinx/io/Sinks.kt:296	none	unverified	KUU-1731	in-scope JVM ABI and Java interoperability	JVM entry class line 153; source line: public fun Sink.writeDouble(double: Double) {; generated kind: source
jvm-4bc6eebea674f433	core	JVM public ABI dump	JVM	Kotlin property getter/setter	no	kotlinx/io/files/Path	isAbsolute	public final fun isAbsolute ()Z	n/a	none	none	not-declared-in-source	core/common/src/files/Paths.kt:41;core/jvm/src/files/PathsJvm.kt:33;core/native/src/files/PathsNative.kt:49;core/nodeFilesystemShared/src/files/PathsNodeJs.kt:38;core/wasmWasi/src/files/PathsWasm.kt:50	klib-4321c6311cdce9b7;klib-17845e8b1446ea46	core/common/test/files/SmokeFileTest.kt#isAbsolute;core/common/test/files/UtilsTest.kt#suite-reference	Sources/CompilerCore/Stdlib/kotlinx/io/files/Paths.kt:27	Tests/CompilerCoreTests/Sema/KotlinxIOPathSourceTests.swift	unverified	KUU-1725	in-scope JVM ABI and Java interoperability	JVM entry class line 274; source line: public val isAbsolute: Boolean; generated kind: Kotlin property getter/setter; generated JVM ABI presence cannot be established from Kotlin source-name matching alone
jvm-4c29c2002d81cb53	core	JVM public ABI dump	JVM	function	yes	kotlinx/io/files/FileSystem	metadataOrNull	public abstract fun metadataOrNull (Lkotlinx/io/files/Path;)Lkotlinx/io/files/FileMetadata;	n/a	none	none	not-declared-in-source	core/common/src/files/FileSystem.kt:139	klib-fcdd0c8f02bff324	core/common/test/files/SmokeFileTest.kt#suite-reference	Sources/CompilerCore/Stdlib/kotlinx/io/files/FileSystem.kt:25;Sources/CompilerCore/Stdlib/kotlinx/io/files/FileSystem.kt:50	none	unverified	KUU-1725	in-scope JVM ABI and Java interoperability	JVM entry class line 257; source line: public fun metadataOrNull(path: Path): FileMetadata?; generated kind: source
jvm-4c7d8cabace27adf	core	JVM public ABI dump	JVM	function	yes	kotlinx/io/unsafe/SegmentWriteContext	setUnchecked	public abstract fun setUnchecked (Lkotlinx/io/Segment;IBB)V	n/a	JvmSynthetic,OptIn,UnsafeIoApi	none	not-declared-in-source	core/common/src/unsafe/UnsafeBufferOperations.kt:456;core/common/src/unsafe/UnsafeBufferOperations.kt:473;core/common/src/unsafe/UnsafeBufferOperations.kt:491;core/common/src/unsafe/UnsafeBufferOperations.kt:512;core/common/src/unsafe/UnsafeBufferOperations.kt:542;core/common/src/unsafe/UnsafeBufferOperations.kt:546;core/common/src/unsafe/UnsafeBufferOperations.kt:550;core/common/src/unsafe/UnsafeBufferOperations.kt:554	klib-b8615ffaceb2162f;klib-fdb3da4587313f8c;klib-f570c311693d6703;klib-122a0905894ba00e	core/common/test/unsafe/UnsafeBufferOperationsForEachTest.kt#suite-reference;core/common/test/unsafe/UnsafeBufferOperationsIterationTest.kt#suite-reference;core/common/test/unsafe/UnsafeBufferOperationsMoveTest.kt#suite-reference;core/common/test/unsafe/UnsafeBufferOperationsReadTest.kt#suite-reference;core/common/test/unsafe/UnsafeBufferOperationsWriteTest.kt#suite-reference	Sources/CompilerCore/Stdlib/kotlinx/io/Segment.kt:370;Sources/CompilerCore/Stdlib/kotlinx/io/Segment.kt:374;Sources/CompilerCore/Stdlib/kotlinx/io/Segment.kt:381;Sources/CompilerCore/Stdlib/kotlinx/io/Segment.kt:389;Sources/CompilerCore/Stdlib/kotlinx/io/unsafe/UnsafeBufferOperations.kt:459;Sources/CompilerCore/Stdlib/kotlinx/io/unsafe/UnsafeBufferOperations.kt:476;Sources/CompilerCore/Stdlib/kotlinx/io/unsafe/UnsafeBufferOperations.kt:494;Sources/CompilerCore/Stdlib/kotlinx/io/unsafe/UnsafeBufferOperations.kt:515;Sources/CompilerCore/Stdlib/kotlinx/io/unsafe/UnsafeBufferOperations.kt:543;Sources/CompilerCore/Stdlib/kotlinx/io/unsafe/UnsafeBufferOperations.kt:547;Sources/CompilerCore/Stdlib/kotlinx/io/unsafe/UnsafeBufferOperations.kt:551;Sources/CompilerCore/Stdlib/kotlinx/io/unsafe/UnsafeBufferOperations.kt:555	none	unverified	KUU-1729	in-scope JVM ABI and Java interoperability	JVM entry class line 302; source line: public fun setUnchecked(segment: Segment, offset: Int, value: Byte); generated kind: source
jvm-4d36316be6a084e7	core	JVM public ABI dump	JVM	function	yes	kotlinx/io/Utf8Kt	readString	public static final fun readString (Lkotlinx/io/Source;J)Ljava/lang/String;	n/a	OptIn	none	@throws IllegalStateException when the source is closed.; @throws IOException when some I/O error occurs.	core/common/src/Utf8.kt:208;core/common/src/Utf8.kt:220;core/common/src/Utf8.kt:237		core/common/test/Utf8Test.kt#readStringWithUnderflow;core/common/test/Utf8Test.kt#readStringWithoutContinuationByte	Sources/CompilerCore/Stdlib/kotlinx/io/SourcesJvm.kt:17;Sources/CompilerCore/Stdlib/kotlinx/io/SourcesJvm.kt:23;Sources/CompilerCore/Stdlib/kotlinx/io/Utf8.kt:40;Sources/CompilerCore/Stdlib/kotlinx/io/Utf8.kt:45;Sources/CompilerCore/Stdlib/kotlinx/io/Utf8.kt:47	Tests/CompilerBackendTests/Integration/BundledStdlibExecutionTests+KtorIOCoverage.swift	unverified	KUU-1733	in-scope JVM ABI and Java interoperability	JVM entry class line 232; source line: public fun Source.readString(): String {; generated kind: source
jvm-50da1040de068c3d	core	JVM public ABI dump	JVM	function	yes	kotlinx/io/Buffer	write	public fun write ([BII)V	n/a	none	none	not-declared-in-source	core/common/src/Buffer.kt:375;core/common/src/Buffer.kt:387;core/common/src/Buffer.kt:402	klib-3445037415447ceb;klib-287cb83cbbb8abf0;klib-f7b67ed1f0fd800e	core/common/test/CommonBufferTest.kt#readAndWriteUtf8;core/common/test/CommonBufferTest.kt#writeSplitSourceBufferLeft;core/common/test/CommonBufferTest.kt#writeSplitSourceBufferRight;core/common/test/CommonBufferTest.kt#writePrefixDoesntSplit;core/common/test/CommonBufferTest.kt#writePrefixDoesntSplitButRequiresCompact;core/common/test/CommonBufferTest.kt#writeSourceWithNegativeNumberOfBytes;core/common/test/CommonBufferTest.kt#writePrefixToEmptyBuffer;core/common/test/CommonBufferTest.kt#readAllWritesAllSegmentsAtOnce;core/jvm/test/BufferTest.kt#writeToSpanningSegments;core/jvm/test/BufferTest.kt#writeToStream	Sources/CompilerCore/Stdlib/kotlinx/io/Buffer.kt:384;Sources/CompilerCore/Stdlib/kotlinx/io/Buffer.kt:388;Sources/CompilerCore/Stdlib/kotlinx/io/Buffer.kt:392;Sources/CompilerCore/Stdlib/kotlinx/io/Buffer.kt:404;Sources/CompilerCore/Stdlib/kotlinx/io/Buffer.kt:419;Sources/CompilerCore/Stdlib/kotlinx/io/JvmCore.kt:25;Sources/CompilerCore/Stdlib/kotlinx/io/ByteStrings.kt:16;Sources/CompilerCore/Stdlib/kotlinx/io/RawSink.kt:18;Sources/CompilerCore/Stdlib/kotlinx/io/Segment.kt:321;Sources/CompilerCore/Stdlib/kotlinx/io/Sink.kt:24;Sources/CompilerCore/Stdlib/kotlinx/io/Sink.kt:29;Sources/CompilerCore/Stdlib/kotlinx/io/Sink.kt:35;Sources/CompilerCore/Stdlib/kotlinx/io/Sink.kt:46;Sources/CompilerCore/Stdlib/kotlinx/io/RealSink.kt:22;Sources/CompilerCore/Stdlib/kotlinx/io/RealSink.kt:29;Sources/CompilerCore/Stdlib/kotlinx/io/RealSink.kt:33;Sources/CompilerCore/Stdlib/kotlinx/io/RealSink.kt:37;Sources/CompilerCore/Stdlib/kotlinx/io/RealSink.kt:56;Sources/CompilerCore/Stdlib/kotlinx/io/Core.kt:26;Sources/CompilerCore/Stdlib/kotlinx/io/files/FileSystem.kt:105	Tests/CompilerBackendTests/Integration/BundledStdlibExecutionTests+KtorIOCoverage.swift;Tests/RuntimeTests/RuntimeIoFileSystemTests.swift	unverified	KUU-1729	in-scope JVM ABI and Java interoperability	JVM entry class line 39; source line: override fun write(source: ByteArray, startIndex: Int, endIndex: Int) {; generated kind: source
jvm-5243b897c6d50959	core	JVM public ABI dump	JVM	function	yes	kotlinx/io/RawSource	readAtMostTo	public abstract fun readAtMostTo (Lkotlinx/io/Buffer;J)J	n/a	none	none	@throws IllegalArgumentException when [byteCount] is negative.; @throws IllegalStateException when the source is closed.; @throws IOException when some I/O error occurs.	core/common/src/RawSource.kt:56	klib-fcb3ae8472b429f2	core/common/test/AbstractSourceTest.kt#readAtMostToBufferFromSourceWithFilledBuffer;core/common/test/AbstractSourceTest.kt#readAtMostToNonEmptyBufferFromSourceWithFilledBuffer;core/common/test/AbstractSourceTest.kt#readAtMostToByteArrayFromSourceWithFilledBuffer;core/common/test/AbstractSourceTest.kt#readAtMostToByteArray;core/common/test/AbstractSourceTest.kt#readAtMostToByteArrayNotEnough;core/common/test/AbstractSourceTest.kt#readAtMostToByteArrayOffsetAndCount;core/common/test/AbstractSourceTest.kt#readAtMostToByteArrayFromOffset;core/common/test/AbstractSourceTest.kt#readAtMostToByteArrayWithInvalidArguments;core/common/test/CommonRealSourceTest.kt#suite-reference	Sources/CompilerCore/Stdlib/kotlinx/io/Buffer.kt:314;Sources/CompilerCore/Stdlib/kotlinx/io/Buffer.kt:329;Sources/CompilerCore/Stdlib/kotlinx/io/JvmCore.kt:54;Sources/CompilerCore/Stdlib/kotlinx/io/Sources.kt:140;Sources/CompilerCore/Stdlib/kotlinx/io/Source.kt:63;Sources/CompilerCore/Stdlib/kotlinx/io/RawSource.kt:17;Sources/CompilerCore/Stdlib/kotlinx/io/RealSource.kt:21;Sources/CompilerCore/Stdlib/kotlinx/io/RealSource.kt:57;Sources/CompilerCore/Stdlib/kotlinx/io/PeekSource.kt:30;Sources/CompilerCore/Stdlib/kotlinx/io/files/FileSystem.kt:78	none	unverified	KUU-1729	in-scope JVM ABI and Java interoperability	JVM entry class line 105; source line: public fun readAtMostTo(sink: Buffer, byteCount: Long): Long; generated kind: source
jvm-5367f43bc784e81c	core	JVM public ABI dump	JVM	function	yes	kotlinx/io/SourcesKt	readFloat	public static final fun readFloat (Lkotlinx/io/Source;)F	n/a	none	none	@throws EOFException when there are not enough data to read an unsigned int value.; @throws IllegalStateException when the source is closed.; @throws IOException when some I/O error occurs.	core/common/src/Sources.kt:406		core/common/test/AbstractSourceTest.kt#readFloat;core/common/test/AbstractSourceTest.kt#readFloatLe;core/common/test/CommonRealSourceTest.kt#suite-reference	Sources/CompilerCore/Stdlib/kotlinx/io/Sources.kt:153	none	unverified	KUU-1731	in-scope JVM ABI and Java interoperability	JVM entry class line 204; source line: public fun Source.readFloat(): Float = Float.fromBits(readInt()); generated kind: source
jvm-586a8185b5a9d20b	core	JVM public ABI dump	JVM	class	yes	kotlinx/io/Buffer	Buffer	public final class kotlinx/io/Buffer : kotlinx/io/Sink, kotlinx/io/Source {	n/a	none	none	not-declared-in-source	core/common/src/Buffer.kt:51;core/nodeFilesystemShared/src/node/buffer.kt:19	klib-3d19f06be0624572;klib-02fc8b652c26a1a7	core/common/test/CommonBufferTest.kt#bufferToString;core/common/test/CommonBufferTest.kt#multipleSegmentBuffers;core/common/test/CommonBufferTest.kt#moveBytesBetweenBuffersShareSegment;core/common/test/CommonBufferTest.kt#moveBytesBetweenBuffersReassignSegment;core/common/test/CommonBufferTest.kt#moveBytesBetweenBuffersMultipleSegments;core/common/test/CommonBufferTest.kt#writeSplitSourceBufferLeft;core/common/test/CommonBufferTest.kt#writeSplitSourceBufferRight;core/common/test/CommonBufferTest.kt#getByteOfEmptyBuffer;core/jvm/test/BufferTest.kt#bufferInputStreamByteByByte;core/jvm/test/BufferTest.kt#bufferInputStreamBulkReads;core/jvm/test/BufferTest.kt#readEmptyBufferToByteBuffer	Sources/CompilerCore/Stdlib/kotlinx/io/Buffer.kt:38	Tests/CompilerCoreTests/Sema/KotlinxIOByteStringSurfaceTests.swift;Tests/CompilerBackendTests/Integration/BundledStdlibExecutionTests+KtorIOCoverage.swift	unverified	KUU-1729	in-scope JVM ABI and Java interoperability	JVM entry class line 1; source line: public class Buffer : Source, Sink {; generated kind: source
jvm-58d5be44d59f73a4	core	JVM public ABI dump	JVM	function	yes	kotlinx/io/SourcesKt	readUShortLe	public static final fun readUShortLe (Lkotlinx/io/Source;)S	n/a	none	none	@throws EOFException when there are not enough data to read an unsigned short value.; @throws IllegalStateException when the source is closed.; @throws IOException when some I/O error occurs.	core/common/src/Sources.kt:364		core/common/test/AbstractSourceTest.kt#suite-reference;core/common/test/CommonRealSourceTest.kt#suite-reference	Sources/CompilerCore/Stdlib/kotlinx/io/Sources.kt:150	none	unverified	KUU-1731	in-scope JVM ABI and Java interoperability	JVM entry class line 218; source line: public fun Source.readUShortLe(): UShort = readShortLe().toUShort(); generated kind: source
jvm-5c3bef896dc26e90	core	JVM public ABI dump	JVM	function	yes	kotlinx/io/Source	readByte	public abstract fun readByte ()B	n/a	none	none	@throws EOFException when there are no more bytes to read.; @throws IllegalStateException when the source is closed.; @throws IOException when some I/O error occurs.	core/common/src/Source.kt:135	klib-8a4d65b40a0bf57d	core/common/test/AbstractSourceTest.kt#readBytes;core/common/test/AbstractSourceTest.kt#readByteTooShortThrows;core/common/test/AbstractSourceTest.kt#readByteArray;core/common/test/AbstractSourceTest.kt#readByteArrayPartial;core/common/test/AbstractSourceTest.kt#readByteArrayTooShortThrows;core/common/test/AbstractSourceTest.kt#readByteArrayWithNegativeSizeThrows;core/common/test/AbstractSourceTest.kt#readByteString;core/common/test/AbstractSourceTest.kt#readByteStringPartial;core/common/test/CommonRealSourceTest.kt#suite-reference	Sources/CompilerCore/Stdlib/kotlinx/io/Buffer.kt:74;Sources/CompilerCore/Stdlib/kotlinx/io/Sources.kt:146;Sources/CompilerCore/Stdlib/kotlinx/io/Source.kt:36;Sources/CompilerCore/Stdlib/kotlinx/io/Segment.kt:251;Sources/CompilerCore/Stdlib/kotlinx/io/RealSource.kt:52	none	unverified	KUU-1731	in-scope JVM ABI and Java interoperability	JVM entry class line 177; source line: public fun readByte(): Byte; generated kind: source
jvm-5c5fb6c81ee3a3b9	core	JVM public ABI dump	JVM	default/synthetic bridge	no	kotlinx/io/SourcesKt	indexOf$default	public static synthetic fun indexOf$default (Lkotlinx/io/Source;BJJILjava/lang/Object;)J	n/a	OptIn	none	@throws IllegalStateException when the source is closed.; @throws IllegalArgumentException when `startIndex > endIndex` or either of indices is negative.; @throws IOException when some I/O error occurs.	core/common/src/Sources.kt:207		core/common/test/AbstractSourceTest.kt#indexOf;core/common/test/AbstractSourceTest.kt#indexOfByteWithStartOffset;core/common/test/AbstractSourceTest.kt#indexOfByteWithIndices;core/common/test/AbstractSourceTest.kt#indexOfByteInvalidBoundsThrows;core/common/test/AbstractSourceTest.kt#indexOfByteWithFromIndex;core/common/test/AbstractSourceTest.kt#indexOfByteString;core/common/test/AbstractSourceTest.kt#indexOfByteStringAtSegmentBoundary;core/common/test/AbstractSourceTest.kt#indexOfDoesNotWrapAround;core/common/test/CommonRealSourceTest.kt#indexOfStopsReadingAtLimit	Sources/CompilerCore/Stdlib/kotlinx/io/Buffer.kt:263;Sources/CompilerCore/Stdlib/kotlinx/io/ByteStrings.kt:59;Sources/CompilerCore/Stdlib/kotlinx/io/ByteStrings.kt:77;Sources/CompilerCore/Stdlib/kotlinx/io/Sources.kt:83;Sources/CompilerCore/Stdlib/kotlinx/io/Buffers.kt:44;Sources/CompilerCore/Stdlib/kotlinx/io/Segment.kt:417;Sources/CompilerCore/Stdlib/kotlinx/io/bytestring/ByteString.kt:126;Sources/CompilerCore/Stdlib/kotlinx/io/bytestring/ByteString.kt:135;Sources/CompilerCore/Stdlib/kotlinx/io/bytestring/ByteString.kt:138	Tests/CompilerBackendTests/Integration/BundledStdlibExecutionTests+ByteString.swift	unverified	KUU-1729	in-scope JVM ABI and Java interoperability	JVM entry class line 198; source line: public fun Source.indexOf(byte: Byte, startIndex: Long = 0L, endIndex: Long = Long.MAX_VALUE): Long {; generated kind: default/synthetic bridge; generated JVM ABI presence cannot be established from Kotlin source-name matching alone
jvm-5c8f62b61ce2a00a	core	JVM public ABI dump	JVM	function	yes	kotlinx/io/SourcesJvmKt	asInputStream	public static final fun asInputStream (Lkotlinx/io/Source;)Ljava/io/InputStream;	n/a	OptIn	none	not-declared-in-source	core/jvm/src/SourcesJvm.kt:97;core/jvm/src/SourcesJvm.kt:128		core/jvm/test/NioTest.kt#suite-reference;core/jvm/test/AbstractSourceTestJVM.kt#suite-reference	Sources/CompilerCore/Stdlib/kotlinx/io/SourcesJvm.kt:44	none	unverified	KUU-1725	in-scope JVM ABI and Java interoperability	JVM entry class line 190; source line: public fun Source.asInputStream(): InputStream {; generated kind: source
jvm-5d384cf91a15d6e5	core	JVM public ABI dump	JVM	function	yes	kotlinx/io/unsafe/UnsafeBufferOperations	writeToTail	public final fun writeToTail (Lkotlinx/io/Buffer;ILkotlin/jvm/functions/Function2;)I	n/a	none	none	@throws IllegalStateException when [minimumCapacity] is too large and could not be fulfilled.; @throws IllegalStateException when [writeAction] returns a negative value or a value exceeding	core/common/src/unsafe/UnsafeBufferOperations.kt:187;core/common/src/unsafe/UnsafeBufferOperations.kt:254	klib-a00bfbcc6ee356ae;klib-b2e78491a07af06a	core/common/test/unsafe/UnsafeBufferOperationsForEachTest.kt#suite-reference;core/common/test/unsafe/UnsafeBufferOperationsIterationTest.kt#suite-reference;core/common/test/unsafe/UnsafeBufferOperationsMoveTest.kt#suite-reference;core/common/test/unsafe/UnsafeBufferOperationsReadTest.kt#suite-reference;core/common/test/unsafe/UnsafeBufferOperationsWriteTest.kt#suite-reference	Sources/CompilerCore/Stdlib/kotlinx/io/unsafe/UnsafeBufferOperations.kt:191;Sources/CompilerCore/Stdlib/kotlinx/io/unsafe/UnsafeBufferOperations.kt:258	none	unverified	KUU-1729	in-scope JVM ABI and Java interoperability	JVM entry class line 317; source line: public inline fun writeToTail(; generated kind: source
jvm-5f92c233bc706dc6	core	JVM public ABI dump	JVM	function	yes	kotlinx/io/unsafe/UnsafeBufferOperations	moveToTail	public final fun moveToTail (Lkotlinx/io/Buffer;[BII)V	n/a	none	none	@throws IndexOutOfBoundsException when [startIndex] or [endIndex] are not within [bytes] bounds; @throws IllegalArgumentException when `startIndex > endIndex`	core/common/src/unsafe/UnsafeBufferOperations.kt:42	klib-cedf0ff273d5d352	core/common/test/unsafe/UnsafeBufferOperationsForEachTest.kt#suite-reference;core/common/test/unsafe/UnsafeBufferOperationsIterationTest.kt#suite-reference;core/common/test/unsafe/UnsafeBufferOperationsMoveTest.kt#suite-reference;core/common/test/unsafe/UnsafeBufferOperationsReadTest.kt#suite-reference;core/common/test/unsafe/UnsafeBufferOperationsWriteTest.kt#suite-reference	Sources/CompilerCore/Stdlib/kotlinx/io/unsafe/UnsafeBufferOperations.kt:46	none	unverified	KUU-1729	in-scope JVM ABI and Java interoperability	JVM entry class line 313; source line: public fun moveToTail(buffer: Buffer, bytes: ByteArray, startIndex: Int = 0, endIndex: Int = bytes.size) {; generated kind: source
jvm-608413ae3cc45466	core	JVM public ABI dump	JVM	annotation class	yes	kotlinx/io/InternalIoApi	InternalIoApi	public abstract interface annotation class kotlinx/io/InternalIoApi : java/lang/annotation/Annotation {	n/a	MustBeDocumented,RequiresOptIn,Retention	none	not-declared-in-source	core/common/src/Annotations.kt:41	klib-09c8df007d615f43;klib-724db815089ce6a0	core/common/test/AbstractSourceTest.kt#suite-reference;core/common/test/AbstractSinkTest.kt#suite-reference	Sources/CompilerCore/Stdlib/kotlinx/io/Annotations.kt:29	none	unverified	KUU-1725	in-scope JVM ABI and Java interoperability	JVM entry class line 88; source line: public annotation class InternalIoApi; generated kind: source
jvm-629859a56151abf0	core	JVM public ABI dump	JVM	interface	yes	kotlinx/io/Source	Source	public abstract interface class kotlinx/io/Source : kotlinx/io/RawSource {	n/a	none	none	not-declared-in-source	core/common/src/Source.kt:67	klib-795e5c923ef63bf3	core/common/test/AbstractSourceTest.kt#readExhaustedSource;core/common/test/AbstractSourceTest.kt#readZeroBytesFromSource;core/common/test/AbstractSourceTest.kt#readNegativeBytesFromSource;core/common/test/AbstractSourceTest.kt#readFromClosedSource;core/common/test/AbstractSourceTest.kt#readAtMostToBufferFromSourceWithFilledBuffer;core/common/test/AbstractSourceTest.kt#readAtMostToNonEmptyBufferFromSourceWithFilledBuffer;core/common/test/AbstractSourceTest.kt#readAtMostToByteArrayFromSourceWithFilledBuffer;core/common/test/AbstractSourceTest.kt#longHexEmptySourceThrows;core/common/test/CommonRealSourceTest.kt#readAtMostFromEmptySource	Sources/CompilerCore/Stdlib/kotlinx/io/Source.kt:13	Tests/CompilerCoreTests/Sema/KotlinxIOPathSourceTests.swift;Tests/CompilerCoreTests/Sema/KotlinxIOByteStringSurfaceTests.swift;Tests/CompilerBackendTests/Integration/BundledStdlibExecutionTests+KtorIOCoverage.swift;Tests/RuntimeTests/RuntimeIoFileSystemTests.swift	unverified	KUU-1730	in-scope JVM ABI and Java interoperability	JVM entry class line 171; source line: public sealed interface Source : RawSource {; generated kind: source
jvm-62cd0659e179dee5	core	JVM public ABI dump	JVM	JVM-mangled source function	yes	kotlinx/io/SinksKt	writeUShortLe-i8woANY	public static final fun writeUShortLe-i8woANY (Lkotlinx/io/Sink;S)V	n/a	none	none	@throws IllegalStateException when the sink is closed.; @throws IOException when some I/O error occurs.	core/common/src/Sinks.kt:238		core/common/test/AbstractSinkTest.kt#writeUShortLe;core/common/test/CommonRealSinkTest.kt#suite-reference	Sources/CompilerCore/Stdlib/kotlinx/io/Sinks.kt:230	none	unverified	KUU-1731	in-scope JVM ABI and Java interoperability	JVM entry class line 168; source line: public fun Sink.writeUShortLe(short: UShort) {; generated kind: JVM-mangled source function
jvm-6474dd39fbc52ecd	core	JVM public ABI dump	JVM	default/synthetic bridge	no	kotlinx/io/BuffersJvmKt	copyTo$default	public static synthetic fun copyTo$default (Lkotlinx/io/Buffer;Ljava/io/OutputStream;JJILjava/lang/Object;)V	n/a	OptIn	none	@throws IndexOutOfBoundsException when [startIndex] or [endIndex] is out of this buffer bounds (`[0..buffer.size)`).; @throws IllegalArgumentException when `startIndex > endIndex`.	core/jvm/src/BuffersJvm.kt:124		core/jvm/test/NioTest.kt#suite-reference;core/jvm/test/BufferTest.kt#copyToSpanningSegments;core/jvm/test/BufferTest.kt#copyToSkippingSegments;core/jvm/test/BufferTest.kt#copyToStream;core/jvm/test/BufferTest.kt#copyToOutputStream;core/jvm/test/BufferTest.kt#copyToOutputStreamWithStartIndex;core/jvm/test/BufferTest.kt#copyToOutputStreamWithEndIndex;core/jvm/test/BufferTest.kt#copyToOutputStreamWithIndices;core/jvm/test/BufferTest.kt#copyToOutputStreamWithEmptyRange	Sources/CompilerCore/Stdlib/kotlinx/io/Buffer.kt:184	none	unverified	KUU-1729	in-scope JVM ABI and Java interoperability	JVM entry class line 53; source line: public fun Buffer.copyTo(; generated kind: default/synthetic bridge; generated JVM ABI presence cannot be established from Kotlin source-name matching alone
jvm-651563d007dea3d7	core	JVM public ABI dump	JVM	Kotlin source function with @JvmName	yes	kotlinx/io/files/PathsJvmKt	sink	public static final fun sink (Lkotlinx/io/files/Path;)Lkotlinx/io/Sink;	n/a	JvmName,PublishedApi,Suppress	none	not-declared-in-source	core/jvm/src/files/PathsJvm.kt:54		core/common/test/files/SmokeFileTest.kt#suite-reference	none	none	missing	KUU-1725	in-scope JVM ABI and Java interoperability	JVM entry class line 281; source line: internal fun Path.sinkHack(): Sink = SystemFileSystem.sink(this).buffered(); generated kind: Kotlin source function with @JvmName
jvm-678c2e7f3e2207c4	core	JVM public ABI dump	JVM	published internal accessor	no	kotlinx/io/Buffer	getTail	public final synthetic fun getTail ()Lkotlinx/io/Segment;	n/a	PublishedApi	none	not-declared-in-source	core/common/src/Buffer.kt:60;core/common/src/Buffer.kt:245;core/common/src/Buffer.kt:379;core/common/src/Buffer.kt:461	klib-f821ab2efe292bc7;klib-0e1c3954ef2d643e;klib-7c1cee29bfe0017e	core/common/test/CommonBufferTest.kt#completeSegmentByteCountOnBufferWithIncompleteTailSegment;core/jvm/test/BufferTest.kt#readFromDoesNotLeaveEmptyTailSegment	Sources/CompilerCore/Stdlib/kotlinx/io/Buffer.kt:43;Sources/CompilerCore/Stdlib/kotlinx/io/Buffer.kt:226;Sources/CompilerCore/Stdlib/kotlinx/io/Buffer.kt:396;Sources/CompilerCore/Stdlib/kotlinx/io/Buffer.kt:480;Sources/CompilerCore/Stdlib/kotlinx/io/unsafe/UnsafeBufferOperations.kt:53;Sources/CompilerCore/Stdlib/kotlinx/io/unsafe/UnsafeBufferOperations.kt:199;Sources/CompilerCore/Stdlib/kotlinx/io/unsafe/UnsafeBufferOperations.kt:266	Tests/CompilerBackendTests/Integration/BundledStdlibExecutionTests+KtorIOCoverage.swift	unverified	KUU-1729	in-scope JVM ABI and Java interoperability	JVM entry class line 16; source line: internal var tail: Segment? = null; generated kind: published internal accessor; generated JVM ABI presence cannot be established from Kotlin source-name matching alone
jvm-67bcb11a0a87d872	core	JVM public ABI dump	JVM	JVM-mangled source function	yes	kotlinx/io/SinksKt	writeUByte-EK-6454	public static final fun writeUByte-EK-6454 (Lkotlinx/io/Sink;B)V	n/a	none	none	@throws IllegalStateException when the sink is closed.; @throws IOException when some I/O error occurs.	core/common/src/Sinks.kt:182		core/common/test/AbstractSinkTest.kt#writeUByte;core/common/test/CommonRealSinkTest.kt#suite-reference	Sources/CompilerCore/Stdlib/kotlinx/io/Sinks.kt:182	none	unverified	KUU-1731	in-scope JVM ABI and Java interoperability	JVM entry class line 162; source line: public fun Sink.writeUByte(byte: UByte) {; generated kind: JVM-mangled source function
jvm-6a932c6426b8f974	core	JVM public ABI dump	JVM	function	yes	kotlinx/io/files/FileSystem	exists	public abstract fun exists (Lkotlinx/io/files/Path;)Z	n/a	none	none	@throws kotlinx.io.IOException when the attempt to check the existence of the [path] failed.	core/common/src/files/FileSystem.kt:39	klib-b99e5e474e73e737	core/common/test/files/SmokeFileTest.kt#suite-reference	Sources/CompilerCore/Stdlib/kotlinx/io/files/FileSystem.kt:19;Sources/CompilerCore/Stdlib/kotlinx/io/files/FileSystem.kt:31	Tests/RuntimeTests/RuntimeIoFileSystemTests.swift	unverified	KUU-1725	in-scope JVM ABI and Java interoperability	JVM entry class line 255; source line: public fun exists(path: Path): Boolean; generated kind: source
jvm-6dcae71c67e2278f	core	JVM public ABI dump	JVM	JVM field ABI	no	kotlinx/io/files/FileSystemJvmKt	SystemTemporaryDirectory	public static final field SystemTemporaryDirectory Lkotlinx/io/files/Path;	n/a	JvmField	none	not-declared-in-source	core/jvm/src/files/FileSystemJvm.kt:113		core/common/test/files/SmokeFileTest.kt#suite-reference	Sources/CompilerCore/Stdlib/kotlinx/io/files/Paths.kt:55	Tests/CompilerCoreTests/Sema/KotlinxIOPathSourceTests.swift	unverified	KUU-1725	in-scope JVM ABI and Java interoperability	"JVM entry class line 266; source line: public actual val SystemTemporaryDirectory: Path = Path(System.getProperty(""java.io.tmpdir"")); generated kind: JVM field ABI; generated JVM ABI presence cannot be established from Kotlin source-name matching alone"
jvm-6e0d6c8ec6bd019d	core	JVM public ABI dump	JVM	published internal accessor	no	kotlinx/io/Segment	getPrev	public final synthetic fun getPrev ()Lkotlinx/io/Segment;	n/a	PublishedApi	none	not-declared-in-source	core/common/src/Segment.kt:128	klib-a8714b18bc10029f;klib-103b5bb1afb58e94;klib-b0bea4e1717fa6e0	core/common/test/AbstractSourceTest.kt#suite-reference;core/common/test/AbstractSinkTest.kt#suite-reference	Sources/CompilerCore/Stdlib/kotlinx/io/Segment.kt:104	none	unverified	KUU-1729	in-scope JVM ABI and Java interoperability	JVM entry class line 114; source line: internal var prev: Segment? = null; generated kind: published internal accessor; generated JVM ABI presence cannot be established from Kotlin source-name matching alone
jvm-7075c9a9ce37ee08	core	JVM public ABI dump	JVM	function	yes	kotlinx/io/SinksKt	writeDoubleLe	public static final fun writeDoubleLe (Lkotlinx/io/Sink;D)V	n/a	none	none	@throws IllegalStateException when the sink is closed.; @throws IOException when some I/O error occurs.	core/common/src/Sinks.kt:350		core/common/test/AbstractSinkTest.kt#writeDoubleLe;core/common/test/CommonRealSinkTest.kt#suite-reference	Sources/CompilerCore/Stdlib/kotlinx/io/Sinks.kt:338	none	unverified	KUU-1731	in-scope JVM ABI and Java interoperability	JVM entry class line 154; source line: public fun Sink.writeDoubleLe(double: Double) {; generated kind: source
jvm-709483a19513e860	core	JVM public ABI dump	JVM	function	yes	kotlinx/io/unsafe/UnsafeBufferOperations	forEachSegment	public final fun forEachSegment (Lkotlinx/io/Buffer;Lkotlin/jvm/functions/Function2;)V	n/a	none	none	not-declared-in-source	core/common/src/unsafe/UnsafeBufferOperations.kt:374	klib-9f044f29c7d0c7f7	core/common/test/unsafe/UnsafeBufferOperationsForEachTest.kt#suite-reference;core/common/test/unsafe/UnsafeBufferOperationsIterationTest.kt#suite-reference;core/common/test/unsafe/UnsafeBufferOperationsMoveTest.kt#suite-reference;core/common/test/unsafe/UnsafeBufferOperationsReadTest.kt#suite-reference;core/common/test/unsafe/UnsafeBufferOperationsWriteTest.kt#suite-reference	Sources/CompilerCore/Stdlib/kotlinx/io/unsafe/UnsafeBufferOperations.kt:378	none	unverified	KUU-1729	in-scope JVM ABI and Java interoperability	JVM entry class line 309; source line: public inline fun forEachSegment(; generated kind: source
jvm-70cee5f1aa0aa5f3	core	JVM public ABI dump	JVM	function	yes	kotlinx/io/files/FileSystem	resolve	public abstract fun resolve (Lkotlinx/io/files/Path;)Lkotlinx/io/files/Path;	n/a	none	none	@throws FileNotFoundException if there is no file or directory corresponding to the specified path.	core/common/src/files/FileSystem.kt:152	klib-326c123a5833a082	core/common/test/files/SmokeFileTest.kt#resolve	Sources/CompilerCore/Stdlib/kotlinx/io/files/FileSystem.kt:26;Sources/CompilerCore/Stdlib/kotlinx/io/files/FileSystem.kt:55	Tests/CompilerCoreTests/Sema/KotlinxIOPathSourceTests.swift;Tests/CompilerCoreTests/Sema/KotlinxIOByteStringSurfaceTests.swift;Tests/RuntimeTests/RuntimeIoFileSystemTests.swift	unverified	KUU-1725	in-scope JVM ABI and Java interoperability	JVM entry class line 258; source line: public fun resolve(path: Path): Path; generated kind: source
jvm-72a75cc5e96b4e66	core	JVM public ABI dump	JVM	function	yes	kotlinx/io/SourcesKt	readDecimalLong	public static final fun readDecimalLong (Lkotlinx/io/Source;)J	n/a	OptIn	none	@throws NumberFormatException if the found digits do not fit into a `long` or a decimal; @throws EOFException if the source is exhausted before a call of this method.; @throws IllegalStateException when the source is closed.; @throws IOException when some I/O error occurs.	core/common/src/Sources.kt:66		core/common/test/AbstractSourceTest.kt#suite-reference;core/common/test/CommonRealSourceTest.kt#suite-reference	Sources/CompilerCore/Stdlib/kotlinx/io/Sources.kt:17	none	unverified	KUU-1731	in-scope JVM ABI and Java interoperability	JVM entry class line 201; source line: public fun Source.readDecimalLong(): Long {; generated kind: source
jvm-73b626df96dff787	core	JVM public ABI dump	JVM	function	yes	kotlinx/io/Source	readLong	public abstract fun readLong ()J	n/a	none	none	@throws EOFException when there are not enough data to read a long value.; @throws IllegalStateException when the source is closed.; @throws IOException when some I/O error occurs.	core/common/src/Source.kt:168	klib-88bbb664f38f686c	core/common/test/AbstractSourceTest.kt#readLong;core/common/test/AbstractSourceTest.kt#readLongLe;core/common/test/AbstractSourceTest.kt#readLongSplitAcrossMultipleSegments;core/common/test/AbstractSourceTest.kt#readLongTooShortThrows;core/common/test/AbstractSourceTest.kt#readLongLeTooShortThrows;core/common/test/CommonRealSourceTest.kt#suite-reference	Sources/CompilerCore/Stdlib/kotlinx/io/Buffer.kt:129;Sources/CompilerCore/Stdlib/kotlinx/io/Sources.kt:12;Sources/CompilerCore/Stdlib/kotlinx/io/Sources.kt:149;Sources/CompilerCore/Stdlib/kotlinx/io/Sources.kt:154;Sources/CompilerCore/Stdlib/kotlinx/io/Source.kt:51;Sources/CompilerCore/Stdlib/kotlinx/io/Segment.kt:278;Sources/CompilerCore/Stdlib/kotlinx/io/RealSource.kt:105	none	unverified	KUU-1731	in-scope JVM ABI and Java interoperability	JVM entry class line 179; source line: public fun readLong(): Long; generated kind: source
jvm-75650a1f38bf90bd	core	JVM public ABI dump	JVM	function	yes	kotlinx/io/SourcesKt	readUIntLe	public static final fun readUIntLe (Lkotlinx/io/Source;)I	n/a	none	none	@throws EOFException when there are not enough data to read an unsigned int value.; @throws IllegalStateException when the source is closed.; @throws IOException when some I/O error occurs.	core/common/src/Sources.kt:376		core/common/test/AbstractSourceTest.kt#suite-reference;core/common/test/CommonRealSourceTest.kt#suite-reference	Sources/CompilerCore/Stdlib/kotlinx/io/Sources.kt:151	none	unverified	KUU-1731	in-scope JVM ABI and Java interoperability	JVM entry class line 214; source line: public fun Source.readUIntLe(): UInt = readIntLe().toUInt(); generated kind: source
jvm-75ca446cf19a0e77	core	JVM public ABI dump	JVM	published internal accessor	no	kotlinx/io/Segment	getNext	public final synthetic fun getNext ()Lkotlinx/io/Segment;	n/a	PublishedApi	none	not-declared-in-source	core/common/src/Segment.kt:122;core/common/src/Segment.kt:514	klib-24bd7c6ad4634b77;klib-19925a48464b1d65;klib-52085b69c8c0292e	core/common/test/AbstractSourceTest.kt#suite-reference;core/common/test/AbstractSinkTest.kt#suite-reference	Sources/CompilerCore/Stdlib/kotlinx/io/Segment.kt:100;Sources/CompilerCore/Stdlib/kotlinx/io/Segment.kt:488	none	unverified	KUU-1729	in-scope JVM ABI and Java interoperability	JVM entry class line 112; source line: internal var next: Segment? = null; generated kind: published internal accessor; generated JVM ABI presence cannot be established from Kotlin source-name matching alone
jvm-77e36e4af86a3950	core	JVM public ABI dump	JVM	function	yes	kotlinx/io/SourcesKt	readDoubleLe	public static final fun readDoubleLe (Lkotlinx/io/Source;)D	n/a	none	none	@throws EOFException when there are not enough data to read an unsigned int value.; @throws IllegalStateException when the source is closed.; @throws IOException when some I/O error occurs.	core/common/src/Sources.kt:452		core/common/test/AbstractSourceTest.kt#readDoubleLe;core/common/test/CommonRealSourceTest.kt#suite-reference	Sources/CompilerCore/Stdlib/kotlinx/io/Sources.kt:156	none	unverified	KUU-1731	in-scope JVM ABI and Java interoperability	JVM entry class line 203; source line: public fun Source.readDoubleLe(): Double = Double.fromBits(readLongLe()); generated kind: source
jvm-79e246ccb1187bfa	core	JVM public ABI dump	JVM	function	yes	kotlinx/io/Sink	writeLong	public abstract fun writeLong (J)V	n/a	none	none	@throws IllegalStateException when the sink is closed.; @throws IOException when some I/O error occurs.	core/common/src/Sink.kt:167	klib-7f75d8253eaeafaf	core/common/test/AbstractSinkTest.kt#writeLong;core/common/test/AbstractSinkTest.kt#writeLongs;core/common/test/AbstractSinkTest.kt#writeLongLe;core/common/test/CommonRealSinkTest.kt#suite-reference	Sources/CompilerCore/Stdlib/kotlinx/io/Buffer.kt:535;Sources/CompilerCore/Stdlib/kotlinx/io/Segment.kt:237;Sources/CompilerCore/Stdlib/kotlinx/io/Sink.kt:66;Sources/CompilerCore/Stdlib/kotlinx/io/RealSink.kt:91	none	unverified	KUU-1731	in-scope JVM ABI and Java interoperability	JVM entry class line 139; source line: public fun writeLong(long: Long); generated kind: source
jvm-7bc6180f6f43bafe	core	JVM public ABI dump	JVM	function	yes	kotlinx/io/BuffersJvmKt	readAtMostTo	public static final fun readAtMostTo (Lkotlinx/io/Buffer;Ljava/nio/ByteBuffer;)I	n/a	OptIn	none	not-declared-in-source	core/jvm/src/BuffersJvm.kt:158;core/jvm/src/BuffersJvm.kt:197		core/jvm/test/NioTest.kt#suite-reference;core/jvm/test/BufferTest.kt#suite-reference	Sources/CompilerCore/Stdlib/kotlinx/io/Buffer.kt:314;Sources/CompilerCore/Stdlib/kotlinx/io/Buffer.kt:329;Sources/CompilerCore/Stdlib/kotlinx/io/JvmCore.kt:54;Sources/CompilerCore/Stdlib/kotlinx/io/Sources.kt:140;Sources/CompilerCore/Stdlib/kotlinx/io/Source.kt:63;Sources/CompilerCore/Stdlib/kotlinx/io/RawSource.kt:17;Sources/CompilerCore/Stdlib/kotlinx/io/RealSource.kt:21;Sources/CompilerCore/Stdlib/kotlinx/io/RealSource.kt:57;Sources/CompilerCore/Stdlib/kotlinx/io/PeekSource.kt:30;Sources/CompilerCore/Stdlib/kotlinx/io/files/FileSystem.kt:78	none	unverified	KUU-1729	in-scope JVM ABI and Java interoperability	JVM entry class line 54; source line: public fun Buffer.readAtMostTo(sink: ByteBuffer): Int {; generated kind: source
jvm-7c06065c07f38677	core	JVM public ABI dump	JVM	function	yes	kotlinx/io/SourcesKt	readByteArray	public static final fun readByteArray (Lkotlinx/io/Source;)[B	n/a	none	none	@throws IllegalStateException when the source is closed.; @throws IOException when some I/O error occurs.	core/common/src/Sources.kt:236;core/common/src/Sources.kt:252		core/common/test/AbstractSourceTest.kt#readByteArray;core/common/test/AbstractSourceTest.kt#readByteArrayPartial;core/common/test/AbstractSourceTest.kt#readByteArrayTooShortThrows;core/common/test/AbstractSourceTest.kt#readByteArrayWithNegativeSizeThrows;core/common/test/CommonRealSourceTest.kt#suite-reference	Sources/CompilerCore/Stdlib/kotlinx/io/Sources.kt:102;Sources/CompilerCore/Stdlib/kotlinx/io/Sources.kt:104	none	unverified	KUU-1731	in-scope JVM ABI and Java interoperability	JVM entry class line 199; source line: public fun Source.readByteArray(): ByteArray {; generated kind: source
jvm-7c34b65de478db79	core	JVM public ABI dump	JVM	function	yes	kotlinx/io/SourcesJvmKt	readString	public static final fun readString (Lkotlinx/io/Source;JLjava/nio/charset/Charset;)Ljava/lang/String;	n/a	OptIn	none	@throws IllegalStateException when the source is closed.; @throws IOException when some I/O error occurs.	core/jvm/src/SourcesJvm.kt:64;core/jvm/src/SourcesJvm.kt:86		core/jvm/test/NioTest.kt#suite-reference;core/jvm/test/AbstractSourceTestJVM.kt#readStringTooShortThrows	Sources/CompilerCore/Stdlib/kotlinx/io/SourcesJvm.kt:17;Sources/CompilerCore/Stdlib/kotlinx/io/SourcesJvm.kt:23;Sources/CompilerCore/Stdlib/kotlinx/io/Utf8.kt:40;Sources/CompilerCore/Stdlib/kotlinx/io/Utf8.kt:45;Sources/CompilerCore/Stdlib/kotlinx/io/Utf8.kt:47	Tests/CompilerBackendTests/Integration/BundledStdlibExecutionTests+KtorIOCoverage.swift	unverified	KUU-1725	in-scope JVM ABI and Java interoperability	JVM entry class line 192; source line: public fun Source.readString(charset: Charset): String {; generated kind: source
jvm-7ea1f3d4aa2ff9ba	core	JVM public ABI dump	JVM	default/synthetic bridge	no	kotlinx/io/BuffersJvmKt	readTo$default	public static synthetic fun readTo$default (Lkotlinx/io/Buffer;Ljava/io/OutputStream;JILjava/lang/Object;)V	n/a	OptIn	none	@throws IllegalArgumentException when [byteCount] is negative or exceeds the buffer size.	core/jvm/src/BuffersJvm.kt:97		core/jvm/test/NioTest.kt#suite-reference;core/jvm/test/BufferTest.kt#readToOutputStream;core/jvm/test/BufferTest.kt#readToOutputStreamWithByteCount	Sources/CompilerCore/Stdlib/kotlinx/io/Buffer.kt:337;Sources/CompilerCore/Stdlib/kotlinx/io/Sources.kt:126;Sources/CompilerCore/Stdlib/kotlinx/io/Source.kt:68;Sources/CompilerCore/Stdlib/kotlinx/io/Segment.kt:315;Sources/CompilerCore/Stdlib/kotlinx/io/RealSource.kt:68	none	unverified	KUU-1729	in-scope JVM ABI and Java interoperability	JVM entry class line 56; source line: public fun Buffer.readTo(out: OutputStream, byteCount: Long = size) {; generated kind: default/synthetic bridge; generated JVM ABI presence cannot be established from Kotlin source-name matching alone
jvm-7f25e02165e30b43	core	JVM public ABI dump	JVM	default/synthetic bridge	no	kotlinx/io/Segment	writeBackData	public final synthetic fun writeBackData ([BI)V	n/a	JvmSynthetic,PublishedApi,Suppress	none	not-declared-in-source	core/common/src/Segment.kt:388	klib-d5ac857d4e96b1ad	core/common/test/AbstractSourceTest.kt#suite-reference;core/common/test/AbstractSinkTest.kt#suite-reference	Sources/CompilerCore/Stdlib/kotlinx/io/Segment.kt:364	none	unverified	KUU-1729	in-scope JVM ABI and Java interoperability	JVM entry class line 121; source line: internal fun writeBackData(data: ByteArray, bytesToCommit: Int): Unit = Unit; generated kind: default/synthetic bridge; generated JVM ABI presence cannot be established from Kotlin source-name matching alone
jvm-7fa32c3de0d53395	core	JVM public ABI dump	JVM	function	yes	kotlinx/io/SinksKt	writeIntLe	public static final fun writeIntLe (Lkotlinx/io/Sink;I)V	n/a	none	none	@throws IllegalStateException when the sink is closed.; @throws IOException when some I/O error occurs.	core/common/src/Sinks.kt:41		core/common/test/AbstractSinkTest.kt#writeIntLe;core/common/test/CommonRealSinkTest.kt#suite-reference	Sources/CompilerCore/Stdlib/kotlinx/io/Sinks.kt:51	none	unverified	KUU-1731	in-scope JVM ABI and Java interoperability	JVM entry class line 158; source line: public fun Sink.writeIntLe(int: Int) {; generated kind: source
jvm-7fcbba2f1b0c2e73	core	JVM public ABI dump	JVM	function	yes	kotlinx/io/SinksKt	writeToInternalBuffer	public static final fun writeToInternalBuffer (Lkotlinx/io/Sink;Lkotlin/jvm/functions/Function1;)V	n/a	DelicateIoApi,OptIn	none	@throws IllegalStateException when the sink is closed.; @throws IOException when some I/O error occurs.	core/common/src/Sinks.kt:370		core/common/test/AbstractSinkTest.kt#suite-reference;core/common/test/CommonRealSinkTest.kt#suite-reference	Sources/CompilerCore/Stdlib/kotlinx/io/Sinks.kt:357	none	unverified	KUU-1729	in-scope JVM ABI and Java interoperability	JVM entry class line 161; source line: public inline fun Sink.writeToInternalBuffer(lambda: (Buffer) -> Unit) {; generated kind: source
jvm-80140cb68030c0ac	core	JVM public ABI dump	JVM	function	yes	kotlinx/io/Sink	writeByte	public abstract fun writeByte (B)V	n/a	none	none	@throws IllegalStateException when the sink is closed.; @throws IOException when some I/O error occurs.	core/common/src/Sink.kt:131	klib-51d6c72a1f365869	core/common/test/AbstractSinkTest.kt#writeByteArray;core/common/test/AbstractSinkTest.kt#writeByte;core/common/test/AbstractSinkTest.kt#writeBytes;core/common/test/AbstractSinkTest.kt#writeByteString;core/common/test/AbstractSinkTest.kt#writeByteStringOffset;core/common/test/CommonRealSinkTest.kt#suite-reference	Sources/CompilerCore/Stdlib/kotlinx/io/Buffer.kt:520;Sources/CompilerCore/Stdlib/kotlinx/io/Segment.kt:215;Sources/CompilerCore/Stdlib/kotlinx/io/Sink.kt:51;Sources/CompilerCore/Stdlib/kotlinx/io/RealSink.kt:73	none	unverified	KUU-1731	in-scope JVM ABI and Java interoperability	JVM entry class line 137; source line: public fun writeByte(byte: Byte); generated kind: source
jvm-804266071f0ab846	core	JVM public ABI dump	JVM	default/synthetic bridge	no	kotlinx/io/Utf8Kt	writeString$default	public static synthetic fun writeString$default (Lkotlinx/io/Sink;Ljava/lang/CharSequence;IIILjava/lang/Object;)V	n/a	OptIn	none	@throws IndexOutOfBoundsException when [startIndex] or [endIndex] is out of range of [string] indices.; @throws IllegalArgumentException when `startIndex > endIndex`.; @throws IllegalStateException when the sink is closed.; @throws IOException when some I/O error occurs.	core/common/src/Utf8.kt:170;core/common/src/Utf8.kt:191		core/common/test/Utf8Test.kt#suite-reference	Sources/CompilerCore/Stdlib/kotlinx/io/Utf8.kt:14;Sources/CompilerCore/Stdlib/kotlinx/io/Utf8.kt:19	Tests/CompilerBackendTests/Integration/BundledStdlibExecutionTests+KtorIOCoverage.swift	unverified	KUU-1733	in-scope JVM ABI and Java interoperability	JVM entry class line 236; source line: public fun Sink.writeString(string: String, startIndex: Int = 0, endIndex: Int = string.length) {; generated kind: default/synthetic bridge; generated JVM ABI presence cannot be established from Kotlin source-name matching alone
jvm-80721eae2eec84ea	core	JVM public ABI dump	JVM	function	yes	kotlinx/io/Sink	write	public abstract fun write ([BII)V	n/a	none	none	@throws IndexOutOfBoundsException when [startIndex] or [endIndex] is out of range of [source] array indices.; @throws IllegalArgumentException when `startIndex > endIndex`.; @throws IllegalStateException when the sink is closed.; @throws IOException when some I/O error occurs.	core/common/src/Sink.kt:88;core/common/src/Sink.kt:119	klib-00fa8d5d9f11e43f;klib-745d0e6a927e88a7	core/common/test/AbstractSinkTest.kt#writeByteArray;core/common/test/AbstractSinkTest.kt#writeNothing;core/common/test/AbstractSinkTest.kt#writeByte;core/common/test/AbstractSinkTest.kt#writeBytes;core/common/test/AbstractSinkTest.kt#writeLastByteInSegment;core/common/test/AbstractSinkTest.kt#writeShort;core/common/test/AbstractSinkTest.kt#writeShorts;core/common/test/AbstractSinkTest.kt#writeShortLe;core/common/test/CommonRealSinkTest.kt#writeAll;core/common/test/CommonRealSinkTest.kt#writeAllExhausted;core/common/test/CommonRealSinkTest.kt#writeAllWritesOneSegmentAtATime	Sources/CompilerCore/Stdlib/kotlinx/io/Buffer.kt:384;Sources/CompilerCore/Stdlib/kotlinx/io/Buffer.kt:388;Sources/CompilerCore/Stdlib/kotlinx/io/Buffer.kt:392;Sources/CompilerCore/Stdlib/kotlinx/io/Buffer.kt:404;Sources/CompilerCore/Stdlib/kotlinx/io/Buffer.kt:419;Sources/CompilerCore/Stdlib/kotlinx/io/JvmCore.kt:25;Sources/CompilerCore/Stdlib/kotlinx/io/ByteStrings.kt:16;Sources/CompilerCore/Stdlib/kotlinx/io/RawSink.kt:18;Sources/CompilerCore/Stdlib/kotlinx/io/Segment.kt:321;Sources/CompilerCore/Stdlib/kotlinx/io/Sink.kt:24;Sources/CompilerCore/Stdlib/kotlinx/io/Sink.kt:29;Sources/CompilerCore/Stdlib/kotlinx/io/Sink.kt:35;Sources/CompilerCore/Stdlib/kotlinx/io/Sink.kt:46;Sources/CompilerCore/Stdlib/kotlinx/io/RealSink.kt:22;Sources/CompilerCore/Stdlib/kotlinx/io/RealSink.kt:29;Sources/CompilerCore/Stdlib/kotlinx/io/RealSink.kt:33;Sources/CompilerCore/Stdlib/kotlinx/io/RealSink.kt:37;Sources/CompilerCore/Stdlib/kotlinx/io/RealSink.kt:56;Sources/CompilerCore/Stdlib/kotlinx/io/Core.kt:26;Sources/CompilerCore/Stdlib/kotlinx/io/files/FileSystem.kt:105	Tests/CompilerBackendTests/Integration/BundledStdlibExecutionTests+KtorIOCoverage.swift;Tests/RuntimeTests/RuntimeIoFileSystemTests.swift	unverified	KUU-1725	in-scope JVM ABI and Java interoperability	JVM entry class line 135; source line: public fun write(source: ByteArray, startIndex: Int = 0, endIndex: Int = source.size); generated kind: source
jvm-8178a8b4ccb3fdd8	core	JVM public ABI dump	JVM	default/synthetic bridge	no	kotlinx/io/unsafe/UnsafeBufferOperations	moveToTail$default	public static synthetic fun moveToTail$default (Lkotlinx/io/unsafe/UnsafeBufferOperations;Lkotlinx/io/Buffer;[BIIILjava/lang/Object;)V	n/a	none	none	@throws IndexOutOfBoundsException when [startIndex] or [endIndex] are not within [bytes] bounds; @throws IllegalArgumentException when `startIndex > endIndex`	core/common/src/unsafe/UnsafeBufferOperations.kt:42	klib-cedf0ff273d5d352	core/common/test/unsafe/UnsafeBufferOperationsForEachTest.kt#suite-reference;core/common/test/unsafe/UnsafeBufferOperationsIterationTest.kt#suite-reference;core/common/test/unsafe/UnsafeBufferOperationsMoveTest.kt#suite-reference;core/common/test/unsafe/UnsafeBufferOperationsReadTest.kt#suite-reference;core/common/test/unsafe/UnsafeBufferOperationsWriteTest.kt#suite-reference	Sources/CompilerCore/Stdlib/kotlinx/io/unsafe/UnsafeBufferOperations.kt:46	none	unverified	KUU-1729	in-scope JVM ABI and Java interoperability	JVM entry class line 314; source line: public fun moveToTail(buffer: Buffer, bytes: ByteArray, startIndex: Int = 0, endIndex: Int = bytes.size) {; generated kind: default/synthetic bridge; generated JVM ABI presence cannot be established from Kotlin source-name matching alone
jvm-847dbe1e73357850	core	JVM public ABI dump	JVM	function	yes	kotlinx/io/Buffer	writeLong	public fun writeLong (J)V	n/a	none	none	not-declared-in-source	core/common/src/Buffer.kt:516	klib-4dad9fe908d53ceb	core/common/test/CommonBufferTest.kt#suite-reference;core/jvm/test/BufferTest.kt#suite-reference	Sources/CompilerCore/Stdlib/kotlinx/io/Buffer.kt:535;Sources/CompilerCore/Stdlib/kotlinx/io/Segment.kt:237;Sources/CompilerCore/Stdlib/kotlinx/io/Sink.kt:66;Sources/CompilerCore/Stdlib/kotlinx/io/RealSink.kt:91	none	unverified	KUU-1729	in-scope JVM ABI and Java interoperability	JVM entry class line 42; source line: override fun writeLong(long: Long) {; generated kind: source
jvm-8592e640ea83a724	core	JVM public ABI dump	JVM	function	yes	kotlinx/io/SinksJvmKt	write	public static final fun write (Lkotlinx/io/Sink;Ljava/nio/ByteBuffer;)I	n/a	OptIn	none	@throws IndexOutOfBoundsException when [startIndex] or [endIndex] is out of range of [string] indices.; @throws IllegalArgumentException when `startIndex > endIndex`.; @throws IllegalStateException when the sink is closed.; @throws IOException when some I/O error occurs.	core/jvm/src/SinksJvm.kt:67;core/jvm/src/SinksJvm.kt:72;core/jvm/src/SinksJvm.kt:101;core/jvm/src/SinksJvm.kt:127		core/jvm/test/NioTest.kt#suite-reference;core/jvm/test/AbstractSinkTestJVM.kt#writeToClosedOutputStream;core/jvm/test/AbstractSinkTestJVM.kt#writeNioBuffer;core/jvm/test/AbstractSinkTestJVM.kt#writeLargeNioBufferWritesAllData;core/jvm/test/AbstractSinkTestJVM.kt#writeNioBufferToClosedSink;core/jvm/test/AbstractSinkTestJVM.kt#writeStringWithCharset;core/jvm/test/AbstractSinkTestJVM.kt#writeSubstringWithCharset;core/jvm/test/AbstractSinkTestJVM.kt#writeUtf8SubstringWithCharset	Sources/CompilerCore/Stdlib/kotlinx/io/Buffer.kt:384;Sources/CompilerCore/Stdlib/kotlinx/io/Buffer.kt:388;Sources/CompilerCore/Stdlib/kotlinx/io/Buffer.kt:392;Sources/CompilerCore/Stdlib/kotlinx/io/Buffer.kt:404;Sources/CompilerCore/Stdlib/kotlinx/io/Buffer.kt:419;Sources/CompilerCore/Stdlib/kotlinx/io/JvmCore.kt:25;Sources/CompilerCore/Stdlib/kotlinx/io/ByteStrings.kt:16;Sources/CompilerCore/Stdlib/kotlinx/io/RawSink.kt:18;Sources/CompilerCore/Stdlib/kotlinx/io/Segment.kt:321;Sources/CompilerCore/Stdlib/kotlinx/io/Sink.kt:24;Sources/CompilerCore/Stdlib/kotlinx/io/Sink.kt:29;Sources/CompilerCore/Stdlib/kotlinx/io/Sink.kt:35;Sources/CompilerCore/Stdlib/kotlinx/io/Sink.kt:46;Sources/CompilerCore/Stdlib/kotlinx/io/RealSink.kt:22;Sources/CompilerCore/Stdlib/kotlinx/io/RealSink.kt:29;Sources/CompilerCore/Stdlib/kotlinx/io/RealSink.kt:33;Sources/CompilerCore/Stdlib/kotlinx/io/RealSink.kt:37;Sources/CompilerCore/Stdlib/kotlinx/io/RealSink.kt:56;Sources/CompilerCore/Stdlib/kotlinx/io/Core.kt:26;Sources/CompilerCore/Stdlib/kotlinx/io/files/FileSystem.kt:105	Tests/CompilerBackendTests/Integration/BundledStdlibExecutionTests+KtorIOCoverage.swift;Tests/RuntimeTests/RuntimeIoFileSystemTests.swift	unverified	KUU-1729	in-scope JVM ABI and Java interoperability	JVM entry class line 146; source line: override fun write(byte: Int) {; generated kind: source
jvm-87760a69523465a0	core	JVM public ABI dump	JVM	Kotlin property getter/setter	no	kotlinx/io/files/FileMetadata	isRegularFile	public final fun isRegularFile ()Z	n/a	none	none	not-declared-in-source	core/common/src/files/FileSystem.kt:199	klib-9c9c8d555bae0054;klib-78efa1937a5c8388	core/common/test/files/SmokeFileTest.kt#suite-reference	Sources/CompilerCore/Stdlib/kotlinx/io/files/FileSystem.kt:67	none	unverified	KUU-1725	in-scope JVM ABI and Java interoperability	JVM entry class line 246; source line: public val isRegularFile: Boolean = false,; generated kind: Kotlin property getter/setter; generated JVM ABI presence cannot be established from Kotlin source-name matching alone
jvm-87944bacdbf3ca79	core	JVM public ABI dump	JVM	function	yes	kotlinx/io/Utf8Kt	writeString	public static final fun writeString (Lkotlinx/io/Sink;Ljava/lang/String;II)V	n/a	OptIn	none	@throws IndexOutOfBoundsException when [startIndex] or [endIndex] is out of range of [string] indices.; @throws IllegalArgumentException when `startIndex > endIndex`.; @throws IllegalStateException when the sink is closed.; @throws IOException when some I/O error occurs.	core/common/src/Utf8.kt:170;core/common/src/Utf8.kt:191		core/common/test/Utf8Test.kt#suite-reference	Sources/CompilerCore/Stdlib/kotlinx/io/Utf8.kt:14;Sources/CompilerCore/Stdlib/kotlinx/io/Utf8.kt:19	Tests/CompilerBackendTests/Integration/BundledStdlibExecutionTests+KtorIOCoverage.swift	unverified	KUU-1733	in-scope JVM ABI and Java interoperability	JVM entry class line 235; source line: public fun Sink.writeString(string: String, startIndex: Int = 0, endIndex: Int = string.length) {; generated kind: source
jvm-88483d361191dcca	core	JVM public ABI dump	JVM	function	yes	kotlinx/io/Sink	flush	public abstract fun flush ()V	n/a	none	none	@throws IllegalStateException when the sink is closed.; @throws IOException when some I/O error occurs.	core/common/src/Sink.kt:178	klib-3fa0f868cc4fbb72	core/common/test/AbstractSinkTest.kt#suite-reference;core/common/test/CommonRealSinkTest.kt#bufferedSinkFlush;core/common/test/CommonRealSinkTest.kt#bytesEmittedToSinkWithFlush;core/common/test/CommonRealSinkTest.kt#bytesNotEmittedToSinkWithoutFlush	Sources/CompilerCore/Stdlib/kotlinx/io/Buffer.kt:167;Sources/CompilerCore/Stdlib/kotlinx/io/JvmCore.kt:37;Sources/CompilerCore/Stdlib/kotlinx/io/RawSink.kt:23;Sources/CompilerCore/Stdlib/kotlinx/io/Sink.kt:71;Sources/CompilerCore/Stdlib/kotlinx/io/RealSink.kt:110;Sources/CompilerCore/Stdlib/kotlinx/io/Core.kt:30;Sources/CompilerCore/Stdlib/kotlinx/io/files/FileSystem.kt:124	none	unverified	KUU-1730	in-scope JVM ABI and Java interoperability	JVM entry class line 130; source line: override fun flush(); generated kind: source
jvm-893b52117cdc6202	core	JVM public ABI dump	JVM	JVM field ABI	no	kotlinx/io/unsafe/UnsafeBufferOperations	INSTANCE	public static final field INSTANCE Lkotlinx/io/unsafe/UnsafeBufferOperations;	n/a	OptIn,UnsafeIoApi	none	not-declared-in-source	core/common/src/unsafe/UnsafeBufferOperations.kt:16	klib-0f0ae6b0e4f74922	core/common/test/unsafe/UnsafeBufferOperationsForEachTest.kt#suite-reference;core/common/test/unsafe/UnsafeBufferOperationsIterationTest.kt#suite-reference;core/common/test/unsafe/UnsafeBufferOperationsMoveTest.kt#suite-reference;core/common/test/unsafe/UnsafeBufferOperationsReadTest.kt#suite-reference;core/common/test/unsafe/UnsafeBufferOperationsWriteTest.kt#suite-reference	Sources/CompilerCore/Stdlib/kotlinx/io/unsafe/UnsafeBufferOperations.kt:20	none	unverified	KUU-1729	in-scope JVM ABI and Java interoperability	JVM entry class line 308; source line: public object UnsafeBufferOperations {; generated kind: JVM field ABI; generated JVM ABI presence cannot be established from Kotlin source-name matching alone
jvm-89801695cd85ddbf	core	JVM public ABI dump	JVM	Kotlin property getter/setter	no	kotlinx/io/Buffer	getSize	public final fun getSize ()J	n/a	none	none	not-declared-in-source	core/common/src/Buffer.kt:65	klib-d02d17dc3ff2b0ff;klib-bde5eb900e619836	core/common/test/CommonBufferTest.kt#suite-reference;core/jvm/test/BufferTest.kt#suite-reference	Sources/CompilerCore/Stdlib/kotlinx/io/Buffer.kt:48;Sources/CompilerCore/Stdlib/kotlinx/io/SourcesJvm.kt:47;Sources/CompilerCore/Stdlib/kotlinx/io/Segment.kt:331;Sources/CompilerCore/Stdlib/kotlinx/io/bytestring/ByteString.kt:21;Sources/CompilerCore/Stdlib/kotlinx/io/bytestring/ByteStringBuilder.kt:13;Sources/CompilerCore/Stdlib/kotlinx/io/internal/-Utf8.kt:147;Sources/CompilerCore/Stdlib/kotlinx/io/files/FileSystem.kt:69	Tests/CompilerCoreTests/Sema/KotlinxIOByteStringSurfaceTests.swift;Tests/CompilerBackendTests/Integration/BundledStdlibExecutionTests+ByteString.swift;Tests/CompilerBackendTests/Integration/BundledStdlibExecutionTests+KtorIOCoverage.swift;Tests/RuntimeTests/RuntimeIoFileSystemTests.swift	unverified	KUU-1729	in-scope JVM ABI and Java interoperability	JVM entry class line 14; source line: public val size: Long; generated kind: Kotlin property getter/setter; generated JVM ABI presence cannot be established from Kotlin source-name matching alone
jvm-89957002b0391f9d	core	JVM public ABI dump	JVM	Kotlin property getter/setter	no	kotlinx/io/unsafe/UnsafeBufferOperationsKt	getSegmentWriteContextImpl	public static final synthetic fun getSegmentWriteContextImpl ()Lkotlinx/io/unsafe/SegmentWriteContext;	n/a	PublishedApi,UnsafeIoApi	none	not-declared-in-source	core/common/src/unsafe/UnsafeBufferOperations.kt:541		core/common/test/unsafe/UnsafeBufferOperationsForEachTest.kt#suite-reference;core/common/test/unsafe/UnsafeBufferOperationsIterationTest.kt#suite-reference;core/common/test/unsafe/UnsafeBufferOperationsMoveTest.kt#suite-reference;core/common/test/unsafe/UnsafeBufferOperationsReadTest.kt#suite-reference;core/common/test/unsafe/UnsafeBufferOperationsWriteTest.kt#suite-reference	none	none	unverified	KUU-1729	in-scope JVM ABI and Java interoperability	JVM entry class line 330; source line: internal val SegmentWriteContextImpl: SegmentWriteContext = object : SegmentWriteContext {; generated kind: Kotlin property getter/setter; generated JVM ABI presence cannot be established from Kotlin source-name matching alone
jvm-89b18d68aac12a55	core	JVM public ABI dump	JVM	function	yes	kotlinx/io/SourcesJvmKt	asByteChannel	public static final fun asByteChannel (Lkotlinx/io/Source;)Ljava/nio/channels/ReadableByteChannel;	n/a	none	none	not-declared-in-source	core/jvm/src/SourcesJvm.kt:155		core/jvm/test/NioTest.kt#suite-reference;core/jvm/test/AbstractSourceTestJVM.kt#suite-reference	none	none	missing	KUU-1725	in-scope JVM ABI and Java interoperability	JVM entry class line 189; source line: public fun Source.asByteChannel(): ReadableByteChannel {; generated kind: source
jvm-89c4197097b4b6d3	core	JVM public ABI dump	JVM	default/synthetic constructor	no	kotlinx/io/files/FileMetadata	<init>	public synthetic fun <init> (ZZJILkotlin/jvm/internal/DefaultConstructorMarker;)V	n/a	none	none	not-declared-in-source	core/common/src/files/FileSystem.kt:195	klib-998e3a41ef776da3;klib-8ad508ac6d89d176	core/common/test/files/SmokeFileTest.kt#fileMetadata	Sources/CompilerCore/Stdlib/kotlinx/io/files/FileSystem.kt:66	none	unverified	KUU-1725	in-scope JVM ABI and Java interoperability	JVM entry class line 243; source line: public class FileMetadata(; generated kind: default/synthetic constructor; generated JVM ABI presence cannot be established from Kotlin source-name matching alone
jvm-8a063857538059dd	core	JVM public ABI dump	JVM	JVM file facade	no	kotlinx/io/ByteStringsKt	ByteStringsKt	public final class kotlinx/io/ByteStringsKt {	n/a	none	none	not-declared-in-source	source declaration not found by name		core/common/test/AbstractSourceTest.kt#suite-reference;core/common/test/AbstractSinkTest.kt#suite-reference	none	none	unverified	KUU-1725	in-scope JVM ABI and Java interoperability	JVM entry class line 68; source line: ; generated kind: JVM file facade; generated JVM ABI presence cannot be established from Kotlin source-name matching alone
jvm-8acfcceaf995d5fa	core	JVM public ABI dump	JVM	constructor	yes	kotlinx/io/files/FileMetadata	<init>	public fun <init> ()V	n/a	none	none	not-declared-in-source	core/common/src/files/FileSystem.kt:195	klib-998e3a41ef776da3;klib-8ad508ac6d89d176	core/common/test/files/SmokeFileTest.kt#fileMetadata	Sources/CompilerCore/Stdlib/kotlinx/io/files/FileSystem.kt:66	none	unverified	KUU-1725	in-scope JVM ABI and Java interoperability	JVM entry class line 241; source line: public class FileMetadata(; generated kind: source
jvm-8b0603e3054adb04	core	JVM public ABI dump	JVM	function	yes	kotlinx/io/RawSink	flush	public abstract fun flush ()V	n/a	none	none	@throws IllegalStateException when the sink is closed.; @throws IOException when some I/O error occurs.	core/common/src/RawSink.kt:61;core/jvm/src/RawSink.kt:30;core/js/src/RawSink.kt:11;core/native/src/RawSink.kt:26;core/wasm/src/RawSink.kt:11	klib-9d0cebae9efff846	core/common/test/AbstractSinkTest.kt#suite-reference;core/common/test/CommonRealSinkTest.kt#bufferedSinkFlush;core/common/test/CommonRealSinkTest.kt#bytesEmittedToSinkWithFlush;core/common/test/CommonRealSinkTest.kt#bytesNotEmittedToSinkWithoutFlush	Sources/CompilerCore/Stdlib/kotlinx/io/Buffer.kt:167;Sources/CompilerCore/Stdlib/kotlinx/io/JvmCore.kt:37;Sources/CompilerCore/Stdlib/kotlinx/io/RawSink.kt:23;Sources/CompilerCore/Stdlib/kotlinx/io/Sink.kt:71;Sources/CompilerCore/Stdlib/kotlinx/io/RealSink.kt:110;Sources/CompilerCore/Stdlib/kotlinx/io/Core.kt:30;Sources/CompilerCore/Stdlib/kotlinx/io/files/FileSystem.kt:124	none	unverified	KUU-1730	in-scope JVM ABI and Java interoperability	JVM entry class line 99; source line: public fun flush(); generated kind: source
jvm-8dc418db14f6ea4b	core	JVM public ABI dump	JVM	function	yes	kotlinx/io/SourcesKt	readShortLe	public static final fun readShortLe (Lkotlinx/io/Source;)S	n/a	none	none	@throws EOFException when there are not enough data to read a short value.; @throws IllegalStateException when the source is closed.; @throws IOException when some I/O error occurs.	core/common/src/Sources.kt:17;core/common/src/Sources.kt:364		core/common/test/AbstractSourceTest.kt#readShortLe;core/common/test/AbstractSourceTest.kt#readShortLeTooShortThrows;core/common/test/CommonRealSourceTest.kt#suite-reference	Sources/CompilerCore/Stdlib/kotlinx/io/Sources.kt:10;Sources/CompilerCore/Stdlib/kotlinx/io/Sources.kt:150	none	unverified	KUU-1731	in-scope JVM ABI and Java interoperability	JVM entry class line 209; source line: public fun Source.readShortLe(): Short {; generated kind: source
jvm-8fd013491d7628b0	core	JVM public ABI dump	JVM	JVM file facade	no	kotlinx/io/files/FileSystemJvmKt	FileSystemJvmKt	public final class kotlinx/io/files/FileSystemJvmKt {	n/a	none	none	not-declared-in-source	source declaration not found by name		core/common/test/files/SmokeFileTest.kt#suite-reference	none	none	unverified	KUU-1725	in-scope JVM ABI and Java interoperability	JVM entry class line 264; source line: ; generated kind: JVM file facade; generated JVM ABI presence cannot be established from Kotlin source-name matching alone
jvm-906fe479ddffb96f	core	JVM public ABI dump	JVM	function	yes	kotlinx/io/CoreKt	buffered	public static final fun buffered (Lkotlinx/io/RawSource;)Lkotlinx/io/Source;	n/a	none	none	not-declared-in-source	core/common/src/Core.kt:28;core/common/src/Core.kt:34		core/common/test/AbstractSourceTest.kt#suite-reference;core/common/test/AbstractSinkTest.kt#closeEmitsBufferedBytes	Sources/CompilerCore/Stdlib/kotlinx/io/Buffer.kt:354;Sources/CompilerCore/Stdlib/kotlinx/io/Core.kt:13;Sources/CompilerCore/Stdlib/kotlinx/io/Core.kt:18	Tests/CompilerBackendTests/Integration/BundledStdlibExecutionTests+KtorIOCoverage.swift	unverified	KUU-1729	in-scope JVM ABI and Java interoperability	JVM entry class line 81; source line: public fun RawSource.buffered(): Source = RealSource(this); generated kind: source
jvm-92721bc63200d18d	core	JVM public ABI dump	JVM	published internal accessor	no	kotlinx/io/Segment	getLimit	public final synthetic fun getLimit ()I	n/a	PublishedApi	none	not-declared-in-source	core/common/src/Segment.kt:99;core/common/src/Segment.kt:245;core/common/src/Segment.kt:253;core/common/src/Segment.kt:263;core/common/src/Segment.kt:466	klib-c08a0991fed339e4;klib-2d963e0c76f5e362;klib-b170c0f57a48a601	core/common/test/AbstractSourceTest.kt#suite-reference;core/common/test/AbstractSinkTest.kt#suite-reference	Sources/CompilerCore/Stdlib/kotlinx/io/Buffer.kt:275;Sources/CompilerCore/Stdlib/kotlinx/io/Sources.kt:94;Sources/CompilerCore/Stdlib/kotlinx/io/Segment.kt:80;Sources/CompilerCore/Stdlib/kotlinx/io/Segment.kt:221;Sources/CompilerCore/Stdlib/kotlinx/io/Segment.kt:229;Sources/CompilerCore/Stdlib/kotlinx/io/Segment.kt:239;Sources/CompilerCore/Stdlib/kotlinx/io/Segment.kt:440	none	unverified	KUU-1729	in-scope JVM ABI and Java interoperability	JVM entry class line 111; source line: internal var limit: Int = 0; generated kind: published internal accessor; generated JVM ABI presence cannot be established from Kotlin source-name matching alone
jvm-936a3bc36f43f6bf	core	JVM public ABI dump	JVM	function	yes	kotlinx/io/files/FileSystem	delete	public abstract fun delete (Lkotlinx/io/files/Path;Z)V	n/a	none	none	@throws kotlinx.io.files.FileNotFoundException when [path] does not exist and [mustExist] is `true`.; @throws kotlinx.io.IOException if deletion failed.	core/common/src/files/FileSystem.kt:55	klib-19a692d1a743b95e	core/common/test/files/SmokeFileTest.kt#deleteFile;core/common/test/files/SmokeFileTest.kt#deleteNonEmptyDirectory	Sources/CompilerCore/Stdlib/kotlinx/io/files/FileSystem.kt:20;Sources/CompilerCore/Stdlib/kotlinx/io/files/FileSystem.kt:33	Tests/RuntimeTests/RuntimeIoFileSystemTests.swift	unverified	KUU-1725	in-scope JVM ABI and Java interoperability	JVM entry class line 253; source line: public fun delete(path: Path, mustExist: Boolean = true); generated kind: source
jvm-949a129a60a296cc	core	JVM public ABI dump	JVM	JVM file facade	no	kotlinx/io/CoreKt	CoreKt	public final class kotlinx/io/CoreKt {	n/a	none	none	not-declared-in-source	source declaration not found by name		core/common/test/AbstractSourceTest.kt#suite-reference;core/common/test/AbstractSinkTest.kt#suite-reference	none	none	unverified	KUU-1725	in-scope JVM ABI and Java interoperability	JVM entry class line 79; source line: ; generated kind: JVM file facade; generated JVM ABI presence cannot be established from Kotlin source-name matching alone
jvm-95408c3fbd2ac210	core	JVM public ABI dump	JVM	function	yes	kotlinx/io/Buffer	emit	public fun emit ()V	n/a	none	none	not-declared-in-source	core/common/src/Buffer.kt:181	klib-63d334f6656afcd4	core/common/test/CommonBufferTest.kt#suite-reference;core/jvm/test/BufferTest.kt#suite-reference	Sources/CompilerCore/Stdlib/kotlinx/io/Buffer.kt:162;Sources/CompilerCore/Stdlib/kotlinx/io/Sink.kt:76;Sources/CompilerCore/Stdlib/kotlinx/io/RealSink.kt:104	none	unverified	KUU-1729	in-scope JVM ABI and Java interoperability	JVM entry class line 8; source line: override fun emit(): Unit = Unit; generated kind: source
jvm-959e3de0168c91f8	core	JVM public ABI dump	JVM	default/synthetic bridge	no	kotlinx/io/files/FileSystem	createDirectories$default	public static synthetic fun createDirectories$default (Lkotlinx/io/files/FileSystem;Lkotlinx/io/files/Path;ZILjava/lang/Object;)V	n/a	none	none	@throws kotlinx.io.IOException when [path] already exists and [mustCreate] is `true`.; @throws kotlinx.io.IOException when the creation of one of the directories fails.; @throws kotlinx.io.IOException when [path] is an existing file and [mustCreate] is `false`.	core/common/src/files/FileSystem.kt:73	klib-f721a4a5df2ae655	core/common/test/files/SmokeFileTest.kt#createDirectories	Sources/CompilerCore/Stdlib/kotlinx/io/files/FileSystem.kt:21;Sources/CompilerCore/Stdlib/kotlinx/io/files/FileSystem.kt:37	Tests/RuntimeTests/RuntimeIoFileSystemTests.swift	unverified	KUU-1725	in-scope JVM ABI and Java interoperability	JVM entry class line 252; source line: public fun createDirectories(path: Path, mustCreate: Boolean = false); generated kind: default/synthetic bridge; generated JVM ABI presence cannot be established from Kotlin source-name matching alone
jvm-95f4af19fe07bf87	core	JVM public ABI dump	JVM	JVM file facade	no	kotlinx/io/SegmentKt	SegmentKt	public final class kotlinx/io/SegmentKt {	n/a	none	none	not-declared-in-source	source declaration not found by name		core/common/test/AbstractSourceTest.kt#suite-reference;core/common/test/AbstractSinkTest.kt#suite-reference	none	none	unverified	KUU-1729	in-scope JVM ABI and Java interoperability	JVM entry class line 124; source line: ; generated kind: JVM file facade; generated JVM ABI presence cannot be established from Kotlin source-name matching alone
jvm-979e2d8a161de48a	core	JVM public ABI dump	JVM	Kotlin property getter/setter	no	kotlinx/io/files/FileMetadata	isDirectory	public final fun isDirectory ()Z	n/a	none	none	not-declared-in-source	core/common/src/files/FileSystem.kt:203	klib-3c9070b2e4f85e53;klib-0d947e43467ad714	core/common/test/files/SmokeFileTest.kt#suite-reference	Sources/CompilerCore/Stdlib/kotlinx/io/files/FileSystem.kt:68	none	unverified	KUU-1725	in-scope JVM ABI and Java interoperability	JVM entry class line 245; source line: public val isDirectory: Boolean = false,; generated kind: Kotlin property getter/setter; generated JVM ABI presence cannot be established from Kotlin source-name matching alone
jvm-97b82426ab3fe218	core	JVM public ABI dump	JVM	function	yes	kotlinx/io/unsafe/UnsafeBufferOperations	iterate	public final fun iterate (Lkotlinx/io/Buffer;JLkotlin/jvm/functions/Function3;)V	n/a	none	none	not-declared-in-source	core/common/src/unsafe/UnsafeBufferOperations.kt:307;core/common/src/unsafe/UnsafeBufferOperations.kt:339	klib-14fecc4710ddf96c;klib-caa6adf5c94ccba4	core/common/test/unsafe/UnsafeBufferOperationsForEachTest.kt#suite-reference;core/common/test/unsafe/UnsafeBufferOperationsIterationTest.kt#suite-reference;core/common/test/unsafe/UnsafeBufferOperationsMoveTest.kt#suite-reference;core/common/test/unsafe/UnsafeBufferOperationsReadTest.kt#suite-reference;core/common/test/unsafe/UnsafeBufferOperationsWriteTest.kt#suite-reference	Sources/CompilerCore/Stdlib/kotlinx/io/unsafe/UnsafeBufferOperations.kt:311;Sources/CompilerCore/Stdlib/kotlinx/io/unsafe/UnsafeBufferOperations.kt:343	none	unverified	KUU-1729	in-scope JVM ABI and Java interoperability	JVM entry class line 311; source line: public inline fun iterate(; generated kind: source
jvm-981db78a8157a797	core	JVM public ABI dump	JVM	published internal accessor	no	kotlinx/io/Buffer	setHead	public final synthetic fun setHead (Lkotlinx/io/Segment;)V	n/a	PublishedApi	none	not-declared-in-source	core/common/src/Buffer.kt:55;core/common/src/Buffer.kt:293;core/common/src/Buffer.kt:528	klib-14217ab26bcc2a6b;klib-211ce3f5b15e3518;klib-47368e9bfba43219	core/common/test/CommonBufferTest.kt#splitHead;core/jvm/test/BufferTest.kt#suite-reference	Sources/CompilerCore/Stdlib/kotlinx/io/Buffer.kt:40;Sources/CompilerCore/Stdlib/kotlinx/io/Buffer.kt:301;Sources/CompilerCore/Stdlib/kotlinx/io/Buffer.kt:547;Sources/CompilerCore/Stdlib/kotlinx/io/unsafe/UnsafeBufferOperations.kt:104;Sources/CompilerCore/Stdlib/kotlinx/io/unsafe/UnsafeBufferOperations.kt:148	none	unverified	KUU-1729	in-scope JVM ABI and Java interoperability	JVM entry class line 29; source line: internal var head: Segment? = null; generated kind: published internal accessor; generated JVM ABI presence cannot be established from Kotlin source-name matching alone
jvm-98c655eb11d86c76	core	JVM public ABI dump	JVM	published internal accessor	no	kotlinx/io/Buffer	setTail	public final synthetic fun setTail (Lkotlinx/io/Segment;)V	n/a	PublishedApi	none	not-declared-in-source	core/common/src/Buffer.kt:60;core/common/src/Buffer.kt:245;core/common/src/Buffer.kt:379;core/common/src/Buffer.kt:461	klib-f821ab2efe292bc7;klib-0e1c3954ef2d643e;klib-7c1cee29bfe0017e	core/common/test/CommonBufferTest.kt#completeSegmentByteCountOnBufferWithIncompleteTailSegment;core/jvm/test/BufferTest.kt#readFromDoesNotLeaveEmptyTailSegment	Sources/CompilerCore/Stdlib/kotlinx/io/Buffer.kt:43;Sources/CompilerCore/Stdlib/kotlinx/io/Buffer.kt:226;Sources/CompilerCore/Stdlib/kotlinx/io/Buffer.kt:396;Sources/CompilerCore/Stdlib/kotlinx/io/Buffer.kt:480;Sources/CompilerCore/Stdlib/kotlinx/io/unsafe/UnsafeBufferOperations.kt:53;Sources/CompilerCore/Stdlib/kotlinx/io/unsafe/UnsafeBufferOperations.kt:199;Sources/CompilerCore/Stdlib/kotlinx/io/unsafe/UnsafeBufferOperations.kt:266	Tests/CompilerBackendTests/Integration/BundledStdlibExecutionTests+KtorIOCoverage.swift	unverified	KUU-1729	in-scope JVM ABI and Java interoperability	JVM entry class line 31; source line: internal var tail: Segment? = null; generated kind: published internal accessor; generated JVM ABI presence cannot be established from Kotlin source-name matching alone
jvm-98dc8444d3a4ea0f	core	JVM public ABI dump	JVM	published internal accessor	no	kotlinx/io/Segment	setLimit	public final synthetic fun setLimit (I)V	n/a	PublishedApi	none	not-declared-in-source	core/common/src/Segment.kt:99;core/common/src/Segment.kt:245;core/common/src/Segment.kt:253;core/common/src/Segment.kt:263;core/common/src/Segment.kt:466	klib-c08a0991fed339e4;klib-2d963e0c76f5e362;klib-b170c0f57a48a601	core/common/test/AbstractSourceTest.kt#suite-reference;core/common/test/AbstractSinkTest.kt#suite-reference	Sources/CompilerCore/Stdlib/kotlinx/io/Buffer.kt:275;Sources/CompilerCore/Stdlib/kotlinx/io/Sources.kt:94;Sources/CompilerCore/Stdlib/kotlinx/io/Segment.kt:80;Sources/CompilerCore/Stdlib/kotlinx/io/Segment.kt:221;Sources/CompilerCore/Stdlib/kotlinx/io/Segment.kt:229;Sources/CompilerCore/Stdlib/kotlinx/io/Segment.kt:239;Sources/CompilerCore/Stdlib/kotlinx/io/Segment.kt:440	none	unverified	KUU-1729	in-scope JVM ABI and Java interoperability	JVM entry class line 117; source line: internal var limit: Int = 0; generated kind: published internal accessor; generated JVM ABI presence cannot be established from Kotlin source-name matching alone
jvm-9996895f35860b5d	core	JVM public ABI dump	JVM	default/synthetic bridge	no	kotlinx/io/SinksJvmKt	writeString$default	public static synthetic fun writeString$default (Lkotlinx/io/Sink;Ljava/lang/String;Ljava/nio/charset/Charset;IIILjava/lang/Object;)V	n/a	none	none	@throws IndexOutOfBoundsException when [startIndex] or [endIndex] is out of range of [string] indices.; @throws IllegalArgumentException when `startIndex > endIndex`.; @throws IllegalStateException when the sink is closed.; @throws IOException when some I/O error occurs.	core/jvm/src/SinksJvm.kt:45		core/jvm/test/NioTest.kt#suite-reference;core/jvm/test/AbstractSinkTestJVM.kt#writeStringWithCharset	Sources/CompilerCore/Stdlib/kotlinx/io/Utf8.kt:14;Sources/CompilerCore/Stdlib/kotlinx/io/Utf8.kt:19	Tests/CompilerBackendTests/Integration/BundledStdlibExecutionTests+KtorIOCoverage.swift	unverified	KUU-1725	in-scope JVM ABI and Java interoperability	JVM entry class line 148; source line: public fun Sink.writeString(string: String, charset: Charset, startIndex: Int = 0, endIndex: Int = string.length) {; generated kind: default/synthetic bridge; generated JVM ABI presence cannot be established from Kotlin source-name matching alone
jvm-99ea86c5414931f4	core	JVM public ABI dump	JVM	function	yes	kotlinx/io/SinksJvmKt	asByteChannel	public static final fun asByteChannel (Lkotlinx/io/Sink;)Ljava/nio/channels/WritableByteChannel;	n/a	none	none	not-declared-in-source	core/jvm/src/SinksJvm.kt:112		core/jvm/test/NioTest.kt#suite-reference;core/jvm/test/AbstractSinkTestJVM.kt#suite-reference	none	none	missing	KUU-1725	in-scope JVM ABI and Java interoperability	JVM entry class line 144; source line: public fun Sink.asByteChannel(): WritableByteChannel {; generated kind: source
jvm-9bc3705a81c99755	core	JVM public ABI dump	JVM	function	yes	kotlinx/io/Buffer	writeByte	public fun writeByte (B)V	n/a	none	none	not-declared-in-source	core/common/src/Buffer.kt:501	klib-f2a10f7f196b05da	core/common/test/CommonBufferTest.kt#suite-reference;core/jvm/test/BufferTest.kt#suite-reference	Sources/CompilerCore/Stdlib/kotlinx/io/Buffer.kt:520;Sources/CompilerCore/Stdlib/kotlinx/io/Segment.kt:215;Sources/CompilerCore/Stdlib/kotlinx/io/Sink.kt:51;Sources/CompilerCore/Stdlib/kotlinx/io/RealSink.kt:73	none	unverified	KUU-1729	in-scope JVM ABI and Java interoperability	JVM entry class line 40; source line: override fun writeByte(byte: Byte) {; generated kind: source
jvm-9c9df6d3cdf953ae	core	JVM public ABI dump	JVM	annotation class	yes	kotlinx/io/UnsafeIoApi	UnsafeIoApi	public abstract interface annotation class kotlinx/io/UnsafeIoApi : java/lang/annotation/Annotation {	n/a	RequiresOptIn,Retention	none	not-declared-in-source	core/common/src/Annotations.kt:55	klib-c16a9382b66a0d92;klib-7685406bc65d9cbc	core/common/test/AbstractSourceTest.kt#suite-reference;core/common/test/AbstractSinkTest.kt#suite-reference	Sources/CompilerCore/Stdlib/kotlinx/io/Annotations.kt:38	none	unverified	KUU-1725	in-scope JVM ABI and Java interoperability	JVM entry class line 222; source line: public annotation class UnsafeIoApi; generated kind: source
jvm-9d569550974b6a68	core	JVM public ABI dump	JVM	function	yes	kotlinx/io/unsafe/UnsafeBufferOperationsJvmKt	readBulk	public static final fun readBulk (Lkotlinx/io/unsafe/UnsafeBufferOperations;Lkotlinx/io/Buffer;[Ljava/nio/ByteBuffer;Lkotlin/jvm/functions/Function2;)J	n/a	OptIn,UnsafeIoApi	none	@throws IllegalArgumentException when the [buffer] is empty.; @throws IllegalArgumentException when the [iovec] is empty.	core/jvm/src/unsafe/UnsafeBufferOperationsJvm.kt:149		core/jvm/test/unsafe/UnsafeBufferOperationsJvmReadBulkTest.kt#suite-reference;core/jvm/test/unsafe/UnsafeBufferOperationsJvmReadFromHeadTest.kt#suite-reference;core/jvm/test/unsafe/UnsafeBufferOperationsJvmWriteToTailTest.kt#suite-reference	none	none	missing	KUU-1729	in-scope JVM ABI and Java interoperability	JVM entry class line 322; source line: public inline fun UnsafeBufferOperations.readBulk(; generated kind: source
jvm-9dff839c0379e551	core	JVM public ABI dump	JVM	function	yes	kotlinx/io/Utf8Kt	readString	public static final fun readString (Lkotlinx/io/Source;)Ljava/lang/String;	n/a	OptIn	none	@throws IllegalStateException when the source is closed.; @throws IOException when some I/O error occurs.	core/common/src/Utf8.kt:208;core/common/src/Utf8.kt:220;core/common/src/Utf8.kt:237		core/common/test/Utf8Test.kt#readStringWithUnderflow;core/common/test/Utf8Test.kt#readStringWithoutContinuationByte	Sources/CompilerCore/Stdlib/kotlinx/io/SourcesJvm.kt:17;Sources/CompilerCore/Stdlib/kotlinx/io/SourcesJvm.kt:23;Sources/CompilerCore/Stdlib/kotlinx/io/Utf8.kt:40;Sources/CompilerCore/Stdlib/kotlinx/io/Utf8.kt:45;Sources/CompilerCore/Stdlib/kotlinx/io/Utf8.kt:47	Tests/CompilerBackendTests/Integration/BundledStdlibExecutionTests+KtorIOCoverage.swift	unverified	KUU-1733	in-scope JVM ABI and Java interoperability	JVM entry class line 231; source line: public fun Source.readString(): String {; generated kind: source
jvm-9e229e67e2df65ed	core	JVM public ABI dump	JVM	function	yes	kotlinx/io/SinksKt	writeHexadecimalUnsignedLong	public static final fun writeHexadecimalUnsignedLong (Lkotlinx/io/Sink;J)V	n/a	OptIn	none	@throws IllegalStateException when the sink is closed.; @throws IOException when some I/O error occurs.	core/common/src/Sinks.kt:151		core/common/test/AbstractSinkTest.kt#suite-reference;core/common/test/CommonRealSinkTest.kt#suite-reference	Sources/CompilerCore/Stdlib/kotlinx/io/Sinks.kt:156	none	unverified	KUU-1731	in-scope JVM ABI and Java interoperability	JVM entry class line 157; source line: public fun Sink.writeHexadecimalUnsignedLong(long: Long) {; generated kind: source
jvm-9ea7377f9ea4a308	core	JVM public ABI dump	JVM	constructor	yes	kotlinx/io/Buffer	<init>	public fun <init> ()V	n/a	none	none	not-declared-in-source	core/common/src/Buffer.kt:51;core/nodeFilesystemShared/src/node/buffer.kt:19	klib-3d19f06be0624572;klib-02fc8b652c26a1a7	core/common/test/CommonBufferTest.kt#bufferToString;core/common/test/CommonBufferTest.kt#multipleSegmentBuffers;core/common/test/CommonBufferTest.kt#moveBytesBetweenBuffersShareSegment;core/common/test/CommonBufferTest.kt#moveBytesBetweenBuffersReassignSegment;core/common/test/CommonBufferTest.kt#moveBytesBetweenBuffersMultipleSegments;core/common/test/CommonBufferTest.kt#writeSplitSourceBufferLeft;core/common/test/CommonBufferTest.kt#writeSplitSourceBufferRight;core/common/test/CommonBufferTest.kt#getByteOfEmptyBuffer;core/jvm/test/BufferTest.kt#bufferInputStreamByteByByte;core/jvm/test/BufferTest.kt#bufferInputStreamBulkReads;core/jvm/test/BufferTest.kt#readEmptyBufferToByteBuffer	Sources/CompilerCore/Stdlib/kotlinx/io/Buffer.kt:38	Tests/CompilerCoreTests/Sema/KotlinxIOByteStringSurfaceTests.swift;Tests/CompilerBackendTests/Integration/BundledStdlibExecutionTests+KtorIOCoverage.swift	unverified	KUU-1729	in-scope JVM ABI and Java interoperability	JVM entry class line 2; source line: public class Buffer : Source, Sink {; generated kind: source
jvm-9f71042ada3989c9	core	JVM public ABI dump	JVM	function	yes	kotlinx/io/BuffersKt	snapshot	public static final fun snapshot (Lkotlinx/io/Buffer;)Lkotlinx/io/bytestring/ByteString;	n/a	OptIn	none	not-declared-in-source	core/common/src/Buffers.kt:19		core/common/test/CommonBufferTest.kt#snapshot;core/jvm/test/BufferTest.kt#suite-reference	Sources/CompilerCore/Stdlib/kotlinx/io/Buffers.kt:17	Tests/CompilerCoreTests/Sema/KotlinxIOByteStringSurfaceTests.swift	unverified	KUU-1729	in-scope JVM ABI and Java interoperability	JVM entry class line 65; source line: public fun Buffer.snapshot(): ByteString {; generated kind: source
jvm-9f951b05605342ba	core	JVM public ABI dump	JVM	function	yes	kotlinx/io/Sink	emit	public abstract fun emit ()V	n/a	none	none	@throws IllegalStateException when the sink is closed.; @throws IOException when some I/O error occurs.	core/common/src/Sink.kt:192	klib-0232231390a7139a	core/common/test/AbstractSinkTest.kt#closeEmitsBufferedBytes;core/common/test/CommonRealSinkTest.kt#bufferedSinkEmitsTailWhenItIsComplete;core/common/test/CommonRealSinkTest.kt#bufferedSinkEmitMultipleSegments;core/common/test/CommonRealSinkTest.kt#bytesEmittedToSinkWithFlush;core/common/test/CommonRealSinkTest.kt#bytesNotEmittedToSinkWithoutFlush;core/common/test/CommonRealSinkTest.kt#bytesEmittedToSinkWithEmit;core/common/test/CommonRealSinkTest.kt#completeSegmentsEmitted;core/common/test/CommonRealSinkTest.kt#incompleteSegmentsNotEmitted	Sources/CompilerCore/Stdlib/kotlinx/io/Buffer.kt:162;Sources/CompilerCore/Stdlib/kotlinx/io/Sink.kt:76;Sources/CompilerCore/Stdlib/kotlinx/io/RealSink.kt:104	none	unverified	KUU-1730	in-scope JVM ABI and Java interoperability	JVM entry class line 129; source line: public fun emit(); generated kind: source
jvm-a00905ccd34f6ff7	core	JVM public ABI dump	JVM	function	yes	kotlinx/io/unsafe/UnsafeBufferOperationsJvmKt	writeToTail	public static final fun writeToTail (Lkotlinx/io/unsafe/UnsafeBufferOperations;Lkotlinx/io/Buffer;ILkotlin/jvm/functions/Function1;)I	n/a	OptIn,UnsafeIoApi	none	@throws IllegalStateException when [minimumCapacity] is too large and could not be fulfilled.	core/jvm/src/unsafe/UnsafeBufferOperationsJvm.kt:92		core/jvm/test/unsafe/UnsafeBufferOperationsJvmReadBulkTest.kt#suite-reference;core/jvm/test/unsafe/UnsafeBufferOperationsJvmReadFromHeadTest.kt#suite-reference;core/jvm/test/unsafe/UnsafeBufferOperationsJvmWriteToTailTest.kt#suite-reference	Sources/CompilerCore/Stdlib/kotlinx/io/unsafe/UnsafeBufferOperations.kt:191;Sources/CompilerCore/Stdlib/kotlinx/io/unsafe/UnsafeBufferOperations.kt:258	none	unverified	KUU-1729	in-scope JVM ABI and Java interoperability	JVM entry class line 324; source line: public inline fun UnsafeBufferOperations.writeToTail(; generated kind: source
jvm-a0744a6e86d2bdcb	core	JVM public ABI dump	JVM	function	yes	kotlinx/io/Buffer	copy	public final fun copy ()Lkotlinx/io/Buffer;	n/a	none	none	not-declared-in-source	core/common/src/Buffer.kt:524	klib-5930fa79e883d19e	core/common/test/CommonBufferTest.kt#copyTo;core/common/test/CommonBufferTest.kt#copyToAll;core/common/test/CommonBufferTest.kt#copyToWithOnlyStartIndex;core/common/test/CommonBufferTest.kt#copyToWithOnlyEndIndex;core/common/test/CommonBufferTest.kt#copyToOnSegmentBoundary;core/common/test/CommonBufferTest.kt#copyToOffSegmentBoundary;core/common/test/CommonBufferTest.kt#copyToSourceAndTargetCanBeTheSame;core/common/test/CommonBufferTest.kt#copyToEmptySource;core/jvm/test/BufferTest.kt#copyToSpanningSegments;core/jvm/test/BufferTest.kt#copyToSkippingSegments;core/jvm/test/BufferTest.kt#copyToStream;core/jvm/test/BufferTest.kt#copyToOutputStream;core/jvm/test/BufferTest.kt#copyToOutputStreamWithStartIndex;core/jvm/test/BufferTest.kt#copyToOutputStreamWithEndIndex;core/jvm/test/BufferTest.kt#copyToOutputStreamWithIndices;core/jvm/test/BufferTest.kt#copyToOutputStreamWithEmptyRange	Sources/CompilerCore/Stdlib/kotlinx/io/Buffer.kt:543	Tests/CompilerBackendTests/Integration/BundledStdlibExecutionTests+KtorIOCoverage.swift	unverified	KUU-1729	in-scope JVM ABI and Java interoperability	JVM entry class line 5; source line: public fun copy(): Buffer {; generated kind: source
jvm-a1a5e882e433fb36	core	JVM public ABI dump	JVM	Kotlin property getter/setter	no	kotlinx/io/Segment	getRemainingCapacity	public final fun getRemainingCapacity ()I	n/a	none	none	not-declared-in-source	core/common/src/Segment.kt:361	klib-4aa81c5400af93fe;klib-a2b1cbfac0177a93	core/common/test/AbstractSourceTest.kt#suite-reference;core/common/test/AbstractSinkTest.kt#suite-reference	Sources/CompilerCore/Stdlib/kotlinx/io/Segment.kt:339	none	unverified	KUU-1729	in-scope JVM ABI and Java interoperability	JVM entry class line 115; source line: public val remainingCapacity: Int; generated kind: Kotlin property getter/setter; generated JVM ABI presence cannot be established from Kotlin source-name matching alone
jvm-a1d46eb1f6c5e933	core	JVM public ABI dump	JVM	JVM field ABI	no	kotlinx/io/files/PathsJvmKt	SystemPathSeparator	public static final field SystemPathSeparator C	n/a	JvmField	none	not-declared-in-source	core/jvm/src/files/PathsJvm.kt:40		core/common/test/files/SmokeFileTest.kt#suite-reference	Sources/CompilerCore/Stdlib/kotlinx/io/files/Paths.kt:52	Tests/CompilerCoreTests/Sema/KotlinxIOPathSourceTests.swift	unverified	KUU-1725	in-scope JVM ABI and Java interoperability	JVM entry class line 279; source line: public actual val SystemPathSeparator: Char = File.separatorChar; generated kind: JVM field ABI; generated JVM ABI presence cannot be established from Kotlin source-name matching alone
jvm-a1e63446abcf06ff	core	JVM public ABI dump	JVM	JVM-mangled source function	yes	kotlinx/io/SinksKt	writeULong-2TYgG_w	public static final fun writeULong-2TYgG_w (Lkotlinx/io/Sink;J)V	n/a	none	none	@throws IllegalStateException when the sink is closed.; @throws IOException when some I/O error occurs.	core/common/src/Sinks.kt:224		core/common/test/AbstractSinkTest.kt#writeULong;core/common/test/AbstractSinkTest.kt#writeULongLe;core/common/test/CommonRealSinkTest.kt#suite-reference	Sources/CompilerCore/Stdlib/kotlinx/io/Sinks.kt:218	none	unverified	KUU-1731	in-scope JVM ABI and Java interoperability	JVM entry class line 165; source line: public fun Sink.writeULong(long: ULong) {; generated kind: JVM-mangled source function
jvm-a2c8e64839c787ad	core	JVM public ABI dump	JVM	function	yes	kotlinx/io/unsafe/UnsafeBufferOperationsJvmKt	readFromHead	public static final fun readFromHead (Lkotlinx/io/unsafe/UnsafeBufferOperations;Lkotlinx/io/Buffer;Lkotlin/jvm/functions/Function1;)I	n/a	OptIn,UnsafeIoApi	none	@throws IllegalArgumentException when the [buffer] is empty.	core/jvm/src/unsafe/UnsafeBufferOperationsJvm.kt:46		core/jvm/test/unsafe/UnsafeBufferOperationsJvmReadBulkTest.kt#suite-reference;core/jvm/test/unsafe/UnsafeBufferOperationsJvmReadFromHeadTest.kt#suite-reference;core/jvm/test/unsafe/UnsafeBufferOperationsJvmWriteToTailTest.kt#suite-reference	Sources/CompilerCore/Stdlib/kotlinx/io/unsafe/UnsafeBufferOperations.kt:95;Sources/CompilerCore/Stdlib/kotlinx/io/unsafe/UnsafeBufferOperations.kt:142	none	unverified	KUU-1729	in-scope JVM ABI and Java interoperability	JVM entry class line 323; source line: public inline fun UnsafeBufferOperations.readFromHead(buffer: Buffer, readAction: (ByteBuffer) -> Unit): Int {; generated kind: source
jvm-a4980e7a35cefade	core	JVM public ABI dump	JVM	function	yes	kotlinx/io/ByteStringsKt	readByteString	public static final fun readByteString (Lkotlinx/io/Source;)Lkotlinx/io/bytestring/ByteString;	n/a	OptIn	none	@throws IllegalStateException if the source is closed.; @throws IOException when some I/O error occurs.	core/common/src/ByteStrings.kt:62;core/common/src/ByteStrings.kt:79		core/common/test/AbstractSourceTest.kt#readByteString;core/common/test/AbstractSourceTest.kt#readByteStringPartial;core/common/test/AbstractSourceTest.kt#readByteStringTooShortThrows;core/common/test/AbstractSinkTest.kt#suite-reference;core/common/test/CommonBufferTest.kt#suite-reference	Sources/CompilerCore/Stdlib/kotlinx/io/ByteStrings.kt:36;Sources/CompilerCore/Stdlib/kotlinx/io/ByteStrings.kt:47	none	unverified	KUU-1731	in-scope JVM ABI and Java interoperability	JVM entry class line 73; source line: public fun Source.readByteString(): ByteString {; generated kind: source
jvm-a6e20178732ee016	core	JVM public ABI dump	JVM	interface	yes	kotlinx/io/files/FileSystem	FileSystem	public abstract interface class kotlinx/io/files/FileSystem {	n/a	none	none	not-declared-in-source	core/common/src/files/FileSystem.kt:30	klib-539fc5d95ef77842	core/common/test/files/SmokeFileTest.kt#basicFileSystemOps	Sources/CompilerCore/Stdlib/kotlinx/io/files/FileSystem.kt:18	Tests/RuntimeTests/RuntimeIoFileSystemTests.swift	unverified	KUU-1725	in-scope JVM ABI and Java interoperability	JVM entry class line 249; source line: public sealed interface FileSystem {; generated kind: source
jvm-a71ab8891416ac7d	core	JVM public ABI dump	JVM	function	yes	kotlinx/io/Buffer	readAtMostTo	public fun readAtMostTo ([BII)I	n/a	none	none	not-declared-in-source	core/common/src/Buffer.kt:306;core/common/src/Buffer.kt:321	klib-11be017879adb524;klib-f10f01d0ac1d5ee1	core/common/test/CommonBufferTest.kt#suite-reference;core/jvm/test/BufferTest.kt#suite-reference	Sources/CompilerCore/Stdlib/kotlinx/io/Buffer.kt:314;Sources/CompilerCore/Stdlib/kotlinx/io/Buffer.kt:329;Sources/CompilerCore/Stdlib/kotlinx/io/JvmCore.kt:54;Sources/CompilerCore/Stdlib/kotlinx/io/Sources.kt:140;Sources/CompilerCore/Stdlib/kotlinx/io/Source.kt:63;Sources/CompilerCore/Stdlib/kotlinx/io/RawSource.kt:17;Sources/CompilerCore/Stdlib/kotlinx/io/RealSource.kt:21;Sources/CompilerCore/Stdlib/kotlinx/io/RealSource.kt:57;Sources/CompilerCore/Stdlib/kotlinx/io/PeekSource.kt:30;Sources/CompilerCore/Stdlib/kotlinx/io/files/FileSystem.kt:78	none	unverified	KUU-1729	in-scope JVM ABI and Java interoperability	JVM entry class line 20; source line: override fun readAtMostTo(sink: ByteArray, startIndex: Int, endIndex: Int): Int {; generated kind: source
jvm-a74eb4b69e08f6ce	core	JVM public ABI dump	JVM	function	yes	kotlinx/io/Buffer	writeInt	public fun writeInt (I)V	n/a	none	none	not-declared-in-source	core/common/src/Buffer.kt:511	klib-49fed0452a7d05c0	core/common/test/CommonBufferTest.kt#suite-reference;core/jvm/test/BufferTest.kt#suite-reference	Sources/CompilerCore/Stdlib/kotlinx/io/Buffer.kt:530;Sources/CompilerCore/Stdlib/kotlinx/io/Segment.kt:227;Sources/CompilerCore/Stdlib/kotlinx/io/Sink.kt:61;Sources/CompilerCore/Stdlib/kotlinx/io/RealSink.kt:85	none	unverified	KUU-1729	in-scope JVM ABI and Java interoperability	JVM entry class line 41; source line: override fun writeInt(int: Int) {; generated kind: source
jvm-a79656c35014f069	core	JVM public ABI dump	JVM	function	yes	kotlinx/io/Buffer	close	public fun close ()V	n/a	none	none	not-declared-in-source	core/common/src/Buffer.kt:547	klib-cd211a43d894fda6	core/common/test/CommonBufferTest.kt#suite-reference;core/jvm/test/BufferTest.kt#suite-reference	Sources/CompilerCore/Stdlib/kotlinx/io/Buffer.kt:566;Sources/CompilerCore/Stdlib/kotlinx/io/JvmCore.kt:39;Sources/CompilerCore/Stdlib/kotlinx/io/JvmCore.kt:70;Sources/CompilerCore/Stdlib/kotlinx/io/RawSink.kt:25;Sources/CompilerCore/Stdlib/kotlinx/io/RealSink.kt:118;Sources/CompilerCore/Stdlib/kotlinx/io/Core.kt:33;Sources/CompilerCore/Stdlib/kotlinx/io/RawSource.kt:19;Sources/CompilerCore/Stdlib/kotlinx/io/RealSource.kt:132;Sources/CompilerCore/Stdlib/kotlinx/io/PeekSource.kt:58;Sources/CompilerCore/Stdlib/kotlinx/io/files/FileSystem.kt:90;Sources/CompilerCore/Stdlib/kotlinx/io/files/FileSystem.kt:126	Tests/RuntimeTests/RuntimeIoFileSystemTests.swift	unverified	KUU-1729	in-scope JVM ABI and Java interoperability	JVM entry class line 4; source line: override fun close(): Unit = Unit; generated kind: source
jvm-a8cbdcc4d712e68f	core	JVM public ABI dump	JVM	function	yes	kotlinx/io/Buffer	transferFrom	public fun transferFrom (Lkotlinx/io/RawSource;)J	n/a	none	none	not-declared-in-source	core/common/src/Buffer.kt:491	klib-ea2a6bf9a5d93882	core/common/test/CommonBufferTest.kt#suite-reference;core/jvm/test/BufferTest.kt#suite-reference	Sources/CompilerCore/Stdlib/kotlinx/io/Buffer.kt:510;Sources/CompilerCore/Stdlib/kotlinx/io/Sink.kt:41;Sources/CompilerCore/Stdlib/kotlinx/io/RealSink.kt:44	none	unverified	KUU-1729	in-scope JVM ABI and Java interoperability	JVM entry class line 34; source line: override fun transferFrom(source: RawSource): Long {; generated kind: source
jvm-a909d96b4e6edf31	core	JVM public ABI dump	JVM	default/synthetic bridge	no	kotlinx/io/Utf8Kt	readLineStrict$default	public static synthetic fun readLineStrict$default (Lkotlinx/io/Source;JILjava/lang/Object;)Ljava/lang/String;	n/a	OptIn	none	@throws EOFException when the source does not contain a string consisting with at most [limit] bytes followed by; @throws IllegalStateException when the source is closed.; @throws IllegalArgumentException when [limit] is negative.; @throws IOException when some I/O error occurs.	core/common/src/Utf8.kt:343		core/common/test/Utf8Test.kt#suite-reference	Sources/CompilerCore/Stdlib/kotlinx/io/Utf8.kt:118	none	unverified	KUU-1733	in-scope JVM ABI and Java interoperability	JVM entry class line 229; source line: public fun Source.readLineStrict(limit: Long = Long.MAX_VALUE): String {; generated kind: default/synthetic bridge; generated JVM ABI presence cannot be established from Kotlin source-name matching alone
jvm-a90b436f2669054c	core	JVM public ABI dump	JVM	function	yes	kotlinx/io/RawSink	close	public abstract fun close ()V	n/a	none	none	@throws IOException when some I/O error occurs.	core/common/src/RawSink.kt:69;core/jvm/src/RawSink.kt:32;core/js/src/RawSink.kt:13;core/native/src/RawSink.kt:28;core/wasm/src/RawSink.kt:13	klib-3458721120f74265	core/common/test/AbstractSinkTest.kt#closeEmitsBufferedBytes;core/common/test/CommonRealSinkTest.kt#closeWithExceptionWhenWriting;core/common/test/CommonRealSinkTest.kt#closeWithExceptionWhenClosing;core/common/test/CommonRealSinkTest.kt#closeWithExceptionWhenWritingAndClosing;core/common/test/CommonRealSinkTest.kt#operationsAfterClose;core/common/test/CommonRealSinkTest.kt#closeMultipleTimes	Sources/CompilerCore/Stdlib/kotlinx/io/Buffer.kt:566;Sources/CompilerCore/Stdlib/kotlinx/io/JvmCore.kt:39;Sources/CompilerCore/Stdlib/kotlinx/io/JvmCore.kt:70;Sources/CompilerCore/Stdlib/kotlinx/io/RawSink.kt:25;Sources/CompilerCore/Stdlib/kotlinx/io/RealSink.kt:118;Sources/CompilerCore/Stdlib/kotlinx/io/Core.kt:33;Sources/CompilerCore/Stdlib/kotlinx/io/RawSource.kt:19;Sources/CompilerCore/Stdlib/kotlinx/io/RealSource.kt:132;Sources/CompilerCore/Stdlib/kotlinx/io/PeekSource.kt:58;Sources/CompilerCore/Stdlib/kotlinx/io/files/FileSystem.kt:90;Sources/CompilerCore/Stdlib/kotlinx/io/files/FileSystem.kt:126	Tests/RuntimeTests/RuntimeIoFileSystemTests.swift	unverified	KUU-1730	in-scope JVM ABI and Java interoperability	JVM entry class line 98; source line: override fun close(); generated kind: source
jvm-aaa06115c93e5fce	core	JVM public ABI dump	JVM	published internal accessor	no	kotlinx/io/Segment	setNext	public final synthetic fun setNext (Lkotlinx/io/Segment;)V	n/a	PublishedApi	none	not-declared-in-source	core/common/src/Segment.kt:122;core/common/src/Segment.kt:514	klib-24bd7c6ad4634b77;klib-19925a48464b1d65;klib-52085b69c8c0292e	core/common/test/AbstractSourceTest.kt#suite-reference;core/common/test/AbstractSinkTest.kt#suite-reference	Sources/CompilerCore/Stdlib/kotlinx/io/Segment.kt:100;Sources/CompilerCore/Stdlib/kotlinx/io/Segment.kt:488	none	unverified	KUU-1729	in-scope JVM ABI and Java interoperability	JVM entry class line 118; source line: internal var next: Segment? = null; generated kind: published internal accessor; generated JVM ABI presence cannot be established from Kotlin source-name matching alone
jvm-ad4ebd5c3ae69d32	core	JVM public ABI dump	JVM	function	yes	kotlinx/io/BuffersJvmKt	asByteChannel	public static final fun asByteChannel (Lkotlinx/io/Buffer;)Ljava/nio/channels/ByteChannel;	n/a	none	none	not-declared-in-source	core/jvm/src/BuffersJvm.kt:196		core/jvm/test/NioTest.kt#suite-reference;core/jvm/test/BufferTest.kt#suite-reference	none	none	missing	KUU-1729	in-scope JVM ABI and Java interoperability	JVM entry class line 51; source line: public fun Buffer.asByteChannel(): ByteChannel = object : ByteChannel {; generated kind: source
jvm-ae5599397293698a	core	JVM public ABI dump	JVM	function	yes	kotlinx/io/BuffersJvmKt	readTo	public static final fun readTo (Lkotlinx/io/Buffer;Ljava/io/OutputStream;J)V	n/a	OptIn	none	@throws IllegalArgumentException when [byteCount] is negative or exceeds the buffer size.	core/jvm/src/BuffersJvm.kt:97		core/jvm/test/NioTest.kt#suite-reference;core/jvm/test/BufferTest.kt#readToOutputStream;core/jvm/test/BufferTest.kt#readToOutputStreamWithByteCount	Sources/CompilerCore/Stdlib/kotlinx/io/Buffer.kt:337;Sources/CompilerCore/Stdlib/kotlinx/io/Sources.kt:126;Sources/CompilerCore/Stdlib/kotlinx/io/Source.kt:68;Sources/CompilerCore/Stdlib/kotlinx/io/Segment.kt:315;Sources/CompilerCore/Stdlib/kotlinx/io/RealSource.kt:68	none	unverified	KUU-1729	in-scope JVM ABI and Java interoperability	JVM entry class line 55; source line: public fun Buffer.readTo(out: OutputStream, byteCount: Long = size) {; generated kind: source
jvm-ae7562b2dc9d8f45	core	JVM public ABI dump	JVM	Kotlin property getter/setter	no	kotlinx/io/JvmCoreKt	getSystemLineSeparator	public static final fun getSystemLineSeparator ()Ljava/lang/String;	n/a	OptIn	none	not-declared-in-source	core/jvm/src/JvmCore.kt:103		core/jvm/test/JvmPlatformTest.kt#suite-reference	Sources/CompilerCore/Stdlib/kotlinx/io/Core.kt:39	none	unverified	KUU-1725	in-scope JVM ABI and Java interoperability	JVM entry class line 94; source line: public actual val SystemLineSeparator: String = System.lineSeparator(); generated kind: Kotlin property getter/setter; generated JVM ABI presence cannot be established from Kotlin source-name matching alone
jvm-b046d1b5687f1a39	core	JVM public ABI dump	JVM	function	yes	kotlinx/io/Utf8Kt	readCodePointValue	public static final fun readCodePointValue (Lkotlinx/io/Source;)I	n/a	OptIn	none	@throws EOFException when the source is exhausted before a complete code point can be read.; @throws IllegalStateException when the source is closed.; @throws IOException when some I/O error occurs.	core/common/src/Utf8.kt:268		core/common/test/Utf8Test.kt#suite-reference	Sources/CompilerCore/Stdlib/kotlinx/io/Utf8.kt:64	none	unverified	KUU-1733	in-scope JVM ABI and Java interoperability	JVM entry class line 226; source line: public fun Source.readCodePointValue(): Int {; generated kind: source
jvm-b09bb24774f02122	core	JVM public ABI dump	JVM	function	yes	kotlinx/io/Source	require	public abstract fun require (J)V	n/a	none	none	@throws EOFException when the source is exhausted before the required bytes count could be read.; @throws IllegalStateException when the source is closed.; @throws IllegalArgumentException when [byteCount] is negative.; @throws IOException when some I/O error occurs.	core/common/src/Source.kt:107	klib-c5967cbbd4139ae7	core/common/test/AbstractSourceTest.kt#require;core/common/test/AbstractSourceTest.kt#requireZeroBytes;core/common/test/AbstractSourceTest.kt#requireNegativeNumberOfBytes;core/common/test/CommonRealSourceTest.kt#requireTracksBufferFirst;core/common/test/CommonRealSourceTest.kt#requireIncludesBufferBytes;core/common/test/CommonRealSourceTest.kt#requireInsufficientData;core/common/test/CommonRealSourceTest.kt#requireReadsOneSegmentAtATime	Sources/CompilerCore/Stdlib/kotlinx/io/Buffer.kt:62;Sources/CompilerCore/Stdlib/kotlinx/io/Source.kt:25;Sources/CompilerCore/Stdlib/kotlinx/io/RealSource.kt:39	Tests/CompilerCoreTests/Sema/KotlinxIOPathSourceTests.swift	unverified	KUU-1725	in-scope JVM ABI and Java interoperability	JVM entry class line 183; source line: public fun require(byteCount: Long); generated kind: source
jvm-b37f1679808858aa	core	JVM public ABI dump	JVM	function	yes	kotlinx/io/files/FileSystem	createDirectories	public abstract fun createDirectories (Lkotlinx/io/files/Path;Z)V	n/a	none	none	@throws kotlinx.io.IOException when [path] already exists and [mustCreate] is `true`.; @throws kotlinx.io.IOException when the creation of one of the directories fails.; @throws kotlinx.io.IOException when [path] is an existing file and [mustCreate] is `false`.	core/common/src/files/FileSystem.kt:73	klib-f721a4a5df2ae655	core/common/test/files/SmokeFileTest.kt#createDirectories	Sources/CompilerCore/Stdlib/kotlinx/io/files/FileSystem.kt:21;Sources/CompilerCore/Stdlib/kotlinx/io/files/FileSystem.kt:37	Tests/RuntimeTests/RuntimeIoFileSystemTests.swift	unverified	KUU-1725	in-scope JVM ABI and Java interoperability	JVM entry class line 251; source line: public fun createDirectories(path: Path, mustCreate: Boolean = false); generated kind: source
jvm-b407f1a004fa077e	core	JVM public ABI dump	JVM	function	yes	kotlinx/io/Sink	writeInt	public abstract fun writeInt (I)V	n/a	none	none	@throws IllegalStateException when the sink is closed.; @throws IOException when some I/O error occurs.	core/common/src/Sink.kt:155	klib-0947c0d50c4105d0	core/common/test/AbstractSinkTest.kt#writeInt;core/common/test/AbstractSinkTest.kt#writeInts;core/common/test/AbstractSinkTest.kt#writeIntegerDoesNotQuiteFitInSegment;core/common/test/AbstractSinkTest.kt#writeIntLe;core/common/test/CommonRealSinkTest.kt#suite-reference	Sources/CompilerCore/Stdlib/kotlinx/io/Buffer.kt:530;Sources/CompilerCore/Stdlib/kotlinx/io/Segment.kt:227;Sources/CompilerCore/Stdlib/kotlinx/io/Sink.kt:61;Sources/CompilerCore/Stdlib/kotlinx/io/RealSink.kt:85	none	unverified	KUU-1731	in-scope JVM ABI and Java interoperability	JVM entry class line 138; source line: public fun writeInt(int: Int); generated kind: source
jvm-b462e9e0da7a9abd	core	JVM public ABI dump	JVM	function	yes	kotlinx/io/Buffer	request	public fun request (J)Z	n/a	none	none	not-declared-in-source	core/common/src/Buffer.kt:88	klib-65e6983c396014fe	core/common/test/CommonBufferTest.kt#moveAllRequestedBytesWithRead;core/common/test/CommonBufferTest.kt#moveFewerThanRequestedBytesWithRead;core/jvm/test/BufferTest.kt#suite-reference	Sources/CompilerCore/Stdlib/kotlinx/io/Buffer.kt:69;Sources/CompilerCore/Stdlib/kotlinx/io/Sources.kt:157;Sources/CompilerCore/Stdlib/kotlinx/io/Source.kt:31;Sources/CompilerCore/Stdlib/kotlinx/io/RealSource.kt:43	Tests/CompilerBackendTests/Integration/BundledStdlibExecutionTests+KtorIOCoverage.swift;Tests/RuntimeTests/RuntimeIoFileSystemTests.swift	unverified	KUU-1729	in-scope JVM ABI and Java interoperability	JVM entry class line 27; source line: override fun request(byteCount: Long): Boolean {; generated kind: source
jvm-b4ef6e9c1fe45b27	core	JVM public ABI dump	JVM	JVM file facade	no	kotlinx/io/files/PathsKt	PathsKt	public final class kotlinx/io/files/PathsKt {	n/a	none	none	not-declared-in-source	source declaration not found by name		core/common/test/files/SmokeFileTest.kt#suite-reference	none	none	unverified	KUU-1725	in-scope JVM ABI and Java interoperability	JVM entry class line 285; source line: ; generated kind: JVM file facade; generated JVM ABI presence cannot be established from Kotlin source-name matching alone
jvm-b68de8e99f9104f6	core	JVM public ABI dump	JVM	function	yes	kotlinx/io/Source	exhausted	public abstract fun exhausted ()Z	n/a	none	none	@throws IllegalStateException when the source is closed.; @throws IOException when some I/O error occurs.	core/common/src/Source.kt:89	klib-c2b35bc7da1ac135	core/common/test/AbstractSourceTest.kt#exhausted;core/common/test/AbstractSourceTest.kt#transferToExhausted;core/common/test/AbstractSourceTest.kt#readExhaustedSource;core/common/test/AbstractSourceTest.kt#codePointsFromExhaustedSource;core/common/test/CommonRealSourceTest.kt#suite-reference	Sources/CompilerCore/Stdlib/kotlinx/io/Buffer.kt:60;Sources/CompilerCore/Stdlib/kotlinx/io/Source.kt:19;Sources/CompilerCore/Stdlib/kotlinx/io/RealSource.kt:34	none	unverified	KUU-1725	in-scope JVM ABI and Java interoperability	JVM entry class line 172; source line: public fun exhausted(): Boolean; generated kind: source
jvm-b6e3ad377f1a3391	core	JVM public ABI dump	JVM	function	yes	kotlinx/io/SinksKt	writeLongLe	public static final fun writeLongLe (Lkotlinx/io/Sink;J)V	n/a	none	none	@throws IllegalStateException when the sink is closed.; @throws IOException when some I/O error occurs.	core/common/src/Sinks.kt:55		core/common/test/AbstractSinkTest.kt#writeLongLe;core/common/test/CommonRealSinkTest.kt#suite-reference	Sources/CompilerCore/Stdlib/kotlinx/io/Sinks.kt:63	none	unverified	KUU-1731	in-scope JVM ABI and Java interoperability	JVM entry class line 159; source line: public fun Sink.writeLongLe(long: Long) {; generated kind: source
jvm-b7714f0e6fe7d68d	core	JVM public ABI dump	JVM	JVM file facade	no	kotlinx/io/BuffersJvmKt	BuffersJvmKt	public final class kotlinx/io/BuffersJvmKt {	n/a	none	none	not-declared-in-source	source declaration not found by name		core/common/test/AbstractSourceTest.kt#suite-reference;core/common/test/AbstractSinkTest.kt#suite-reference	none	none	unverified	KUU-1729	in-scope JVM ABI and Java interoperability	JVM entry class line 50; source line: ; generated kind: JVM file facade; generated JVM ABI presence cannot be established from Kotlin source-name matching alone
jvm-b7a5748618f52f9c	core	JVM public ABI dump	JVM	interface	yes	kotlinx/io/unsafe/SegmentWriteContext	SegmentWriteContext	public abstract interface class kotlinx/io/unsafe/SegmentWriteContext {	n/a	UnsafeIoApi	none	not-declared-in-source	core/common/src/unsafe/UnsafeBufferOperations.kt:441	klib-4ee0099543291bca	core/common/test/unsafe/UnsafeBufferOperationsForEachTest.kt#suite-reference;core/common/test/unsafe/UnsafeBufferOperationsIterationTest.kt#suite-reference;core/common/test/unsafe/UnsafeBufferOperationsMoveTest.kt#suite-reference;core/common/test/unsafe/UnsafeBufferOperationsReadTest.kt#suite-reference;core/common/test/unsafe/UnsafeBufferOperationsWriteTest.kt#suite-reference	Sources/CompilerCore/Stdlib/kotlinx/io/unsafe/UnsafeBufferOperations.kt:444	none	unverified	KUU-1729	in-scope JVM ABI and Java interoperability	JVM entry class line 300; source line: public interface SegmentWriteContext {; generated kind: source
jvm-b7f677fbdb108102	core	JVM public ABI dump	JVM	function	yes	kotlinx/io/Utf8Kt	readLine	public static final fun readLine (Lkotlinx/io/Source;)Ljava/lang/String;	n/a	OptIn	none	@throws IllegalStateException when the source is closed.; @throws IOException when some I/O error occurs.	core/common/src/Utf8.kt:297		core/common/test/Utf8Test.kt#suite-reference	Sources/CompilerCore/Stdlib/kotlinx/io/Utf8.kt:104	none	unverified	KUU-1733	in-scope JVM ABI and Java interoperability	JVM entry class line 227; source line: public fun Source.readLine(): String? {; generated kind: source
jvm-b88878973d5558f7	core	JVM public ABI dump	JVM	default/synthetic bridge	no	kotlinx/io/ByteStringsKt	indexOf$default	public static synthetic fun indexOf$default (Lkotlinx/io/Source;Lkotlinx/io/bytestring/ByteString;JILjava/lang/Object;)J	n/a	OptIn	none	@throws IllegalStateException if the source is closed.; @throws IOException when some I/O error occurs.	core/common/src/ByteStrings.kt:102;core/common/src/ByteStrings.kt:138		core/common/test/AbstractSourceTest.kt#indexOf;core/common/test/AbstractSourceTest.kt#indexOfByteWithStartOffset;core/common/test/AbstractSourceTest.kt#indexOfByteWithIndices;core/common/test/AbstractSourceTest.kt#indexOfByteInvalidBoundsThrows;core/common/test/AbstractSourceTest.kt#indexOfByteWithFromIndex;core/common/test/AbstractSourceTest.kt#indexOfByteString;core/common/test/AbstractSourceTest.kt#indexOfByteStringAtSegmentBoundary;core/common/test/AbstractSourceTest.kt#indexOfDoesNotWrapAround;core/common/test/AbstractSinkTest.kt#suite-reference;core/common/test/CommonBufferTest.kt#indexOfWithOffset;core/common/test/CommonBufferTest.kt#indexOfByteString	Sources/CompilerCore/Stdlib/kotlinx/io/Buffer.kt:263;Sources/CompilerCore/Stdlib/kotlinx/io/ByteStrings.kt:59;Sources/CompilerCore/Stdlib/kotlinx/io/ByteStrings.kt:77;Sources/CompilerCore/Stdlib/kotlinx/io/Sources.kt:83;Sources/CompilerCore/Stdlib/kotlinx/io/Buffers.kt:44;Sources/CompilerCore/Stdlib/kotlinx/io/Segment.kt:417;Sources/CompilerCore/Stdlib/kotlinx/io/bytestring/ByteString.kt:126;Sources/CompilerCore/Stdlib/kotlinx/io/bytestring/ByteString.kt:135;Sources/CompilerCore/Stdlib/kotlinx/io/bytestring/ByteString.kt:138	Tests/CompilerBackendTests/Integration/BundledStdlibExecutionTests+ByteString.swift	unverified	KUU-1729	in-scope JVM ABI and Java interoperability	JVM entry class line 72; source line: public fun Source.indexOf(byteString: ByteString, startIndex: Long = 0): Long {; generated kind: default/synthetic bridge; generated JVM ABI presence cannot be established from Kotlin source-name matching alone
jvm-b8f0646d8430b617	core	JVM public ABI dump	JVM	JVM file facade	no	kotlinx/io/SinksKt	SinksKt	public final class kotlinx/io/SinksKt {	n/a	none	none	not-declared-in-source	source declaration not found by name		core/common/test/AbstractSourceTest.kt#suite-reference;core/common/test/AbstractSinkTest.kt#suite-reference	none	none	unverified	KUU-1725	in-scope JVM ABI and Java interoperability	JVM entry class line 151; source line: ; generated kind: JVM file facade; generated JVM ABI presence cannot be established from Kotlin source-name matching alone
jvm-b98e822f37597b93	core	JVM public ABI dump	JVM	interface	yes	kotlinx/io/unsafe/SegmentReadContext	SegmentReadContext	public abstract interface class kotlinx/io/unsafe/SegmentReadContext {	n/a	UnsafeIoApi	none	@throws IndexOutOfBoundsException when [startIndex] or [endIndex] are not within [bytes] bounds; @throws IllegalArgumentException when `startIndex > endIndex`; @throws IllegalStateException when [readAction] returns negative value or a values exceeding; @throws IllegalArgumentException when the [buffer] is empty.; @throws IllegalStateException when [minimumCapacity] is too large and could not be fulfilled.; @throws IllegalStateException when [writeAction] returns a negative value or a value exceeding; @throws IllegalArgumentException when [offset] is negative; @throws IndexOutOfBoundsException when [offset] is greater or equal to [Buffer.size]	core/common/src/unsafe/UnsafeBufferOperations.kt:390	klib-f6fe9eab2b16817b	core/common/test/unsafe/UnsafeBufferOperationsForEachTest.kt#suite-reference;core/common/test/unsafe/UnsafeBufferOperationsIterationTest.kt#suite-reference;core/common/test/unsafe/UnsafeBufferOperationsMoveTest.kt#suite-reference;core/common/test/unsafe/UnsafeBufferOperationsReadTest.kt#suite-reference;core/common/test/unsafe/UnsafeBufferOperationsWriteTest.kt#suite-reference	Sources/CompilerCore/Stdlib/kotlinx/io/unsafe/UnsafeBufferOperations.kt:394	none	unverified	KUU-1729	in-scope JVM ABI and Java interoperability	JVM entry class line 296; source line: public interface SegmentReadContext {; generated kind: source
jvm-bb21970a40e60525	core	JVM public ABI dump	JVM	function	yes	kotlinx/io/Utf8Kt	writeString	public static final fun writeString (Lkotlinx/io/Sink;Ljava/lang/CharSequence;II)V	n/a	OptIn	none	@throws IndexOutOfBoundsException when [startIndex] or [endIndex] is out of range of [string] indices.; @throws IllegalArgumentException when `startIndex > endIndex`.; @throws IllegalStateException when the sink is closed.; @throws IOException when some I/O error occurs.	core/common/src/Utf8.kt:170;core/common/src/Utf8.kt:191		core/common/test/Utf8Test.kt#suite-reference	Sources/CompilerCore/Stdlib/kotlinx/io/Utf8.kt:14;Sources/CompilerCore/Stdlib/kotlinx/io/Utf8.kt:19	Tests/CompilerBackendTests/Integration/BundledStdlibExecutionTests+KtorIOCoverage.swift	unverified	KUU-1733	in-scope JVM ABI and Java interoperability	JVM entry class line 234; source line: public fun Sink.writeString(string: String, startIndex: Int = 0, endIndex: Int = string.length) {; generated kind: source
jvm-bf5f99192593d26b	core	JVM public ABI dump	JVM	function	yes	kotlinx/io/unsafe/UnsafeBufferOperations	readFromHead	public final fun readFromHead (Lkotlinx/io/Buffer;Lkotlin/jvm/functions/Function3;)I	n/a	none	none	@throws IllegalStateException when [readAction] returns negative value or a values exceeding; @throws IllegalArgumentException when the [buffer] is empty.	core/common/src/unsafe/UnsafeBufferOperations.kt:91;core/common/src/unsafe/UnsafeBufferOperations.kt:138	klib-1481c81e0f5a5cc4;klib-7b507920fd698e70	core/common/test/unsafe/UnsafeBufferOperationsForEachTest.kt#suite-reference;core/common/test/unsafe/UnsafeBufferOperationsIterationTest.kt#suite-reference;core/common/test/unsafe/UnsafeBufferOperationsMoveTest.kt#suite-reference;core/common/test/unsafe/UnsafeBufferOperationsReadTest.kt#suite-reference;core/common/test/unsafe/UnsafeBufferOperationsWriteTest.kt#suite-reference	Sources/CompilerCore/Stdlib/kotlinx/io/unsafe/UnsafeBufferOperations.kt:95;Sources/CompilerCore/Stdlib/kotlinx/io/unsafe/UnsafeBufferOperations.kt:142	none	unverified	KUU-1729	in-scope JVM ABI and Java interoperability	JVM entry class line 316; source line: public inline fun readFromHead(; generated kind: source
jvm-bf7c78b64df8a1f5	core	JVM public ABI dump	JVM	function	yes	kotlinx/io/Source	readShort	public abstract fun readShort ()S	n/a	none	none	@throws EOFException when there are not enough data to read a short value.; @throws IllegalStateException when the source is closed.; @throws IOException when some I/O error occurs.	core/common/src/Source.kt:146	klib-f69256afeaa9b7ce	core/common/test/AbstractSourceTest.kt#readShort;core/common/test/AbstractSourceTest.kt#readShortLe;core/common/test/AbstractSourceTest.kt#readShortSplitAcrossMultipleSegments;core/common/test/AbstractSourceTest.kt#readShortTooShortThrows;core/common/test/AbstractSourceTest.kt#readShortLeTooShortThrows;core/common/test/CommonRealSourceTest.kt#suite-reference	Sources/CompilerCore/Stdlib/kotlinx/io/Buffer.kt:89;Sources/CompilerCore/Stdlib/kotlinx/io/Sources.kt:10;Sources/CompilerCore/Stdlib/kotlinx/io/Sources.kt:147;Sources/CompilerCore/Stdlib/kotlinx/io/Source.kt:41;Sources/CompilerCore/Stdlib/kotlinx/io/Segment.kt:255;Sources/CompilerCore/Stdlib/kotlinx/io/RealSource.kt:95	none	unverified	KUU-1731	in-scope JVM ABI and Java interoperability	JVM entry class line 180; source line: public fun readShort(): Short; generated kind: source
jvm-bfaf74c058b12301	core	JVM public ABI dump	JVM	published internal accessor	no	kotlinx/io/Segment	getPos	public final synthetic fun getPos ()I	n/a	PublishedApi	none	not-declared-in-source	core/common/src/Segment.kt:88;core/common/src/Segment.kt:281;core/common/src/Segment.kt:289;core/common/src/Segment.kt:302	klib-f7ad84e0edfb56d8;klib-adb895c199d56841;klib-6af55985ca8a3f6d	core/common/test/AbstractSourceTest.kt#suite-reference;core/common/test/AbstractSinkTest.kt#suite-reference	Sources/CompilerCore/Stdlib/kotlinx/io/Segment.kt:71;Sources/CompilerCore/Stdlib/kotlinx/io/Segment.kt:257;Sources/CompilerCore/Stdlib/kotlinx/io/Segment.kt:265;Sources/CompilerCore/Stdlib/kotlinx/io/Segment.kt:280;Sources/CompilerCore/Stdlib/kotlinx/io/PeekSource.kt:28	none	unverified	KUU-1729	in-scope JVM ABI and Java interoperability	JVM entry class line 113; source line: internal var pos: Int = 0; generated kind: published internal accessor; generated JVM ABI presence cannot be established from Kotlin source-name matching alone
jvm-bfd02271844a2e18	core	JVM public ABI dump	JVM	function	yes	kotlinx/io/Source	request	public abstract fun request (J)Z	n/a	none	none	@throws IllegalArgumentException when [byteCount] is negative.; @throws IllegalStateException when the source is closed.; @throws IOException when some I/O error occurs.	core/common/src/Source.kt:124	klib-82fdcdfcc61c4db5	core/common/test/AbstractSourceTest.kt#request;core/common/test/AbstractSourceTest.kt#requestZeroBytes;core/common/test/AbstractSourceTest.kt#requestNegativeNumberOfBytes;core/common/test/CommonRealSourceTest.kt#suite-reference	Sources/CompilerCore/Stdlib/kotlinx/io/Buffer.kt:69;Sources/CompilerCore/Stdlib/kotlinx/io/Sources.kt:157;Sources/CompilerCore/Stdlib/kotlinx/io/Source.kt:31;Sources/CompilerCore/Stdlib/kotlinx/io/RealSource.kt:43	Tests/CompilerBackendTests/Integration/BundledStdlibExecutionTests+KtorIOCoverage.swift;Tests/RuntimeTests/RuntimeIoFileSystemTests.swift	unverified	KUU-1725	in-scope JVM ABI and Java interoperability	JVM entry class line 182; source line: public fun request(byteCount: Long): Boolean; generated kind: source
jvm-bffae11933b96d93	core	JVM public ABI dump	JVM	Kotlin property getter/setter	no	kotlinx/io/unsafe/UnsafeBufferOperationsKt	getBufferIterationContextImpl	public static final synthetic fun getBufferIterationContextImpl ()Lkotlinx/io/unsafe/BufferIterationContext;	n/a	PublishedApi,UnsafeIoApi	none	not-declared-in-source	core/common/src/unsafe/UnsafeBufferOperations.kt:562		core/common/test/unsafe/UnsafeBufferOperationsForEachTest.kt#suite-reference;core/common/test/unsafe/UnsafeBufferOperationsIterationTest.kt#suite-reference;core/common/test/unsafe/UnsafeBufferOperationsMoveTest.kt#suite-reference;core/common/test/unsafe/UnsafeBufferOperationsReadTest.kt#suite-reference;core/common/test/unsafe/UnsafeBufferOperationsWriteTest.kt#suite-reference	none	none	unverified	KUU-1729	in-scope JVM ABI and Java interoperability	JVM entry class line 328; source line: internal val BufferIterationContextImpl: BufferIterationContext = object : BufferIterationContext {; generated kind: Kotlin property getter/setter; generated JVM ABI presence cannot be established from Kotlin source-name matching alone
jvm-c0b6e27bab607af2	core	JVM public ABI dump	JVM	function	yes	kotlinx/io/Sink	transferFrom	public abstract fun transferFrom (Lkotlinx/io/RawSource;)J	n/a	IgnorableReturnValue	none	@throws IllegalStateException when the sink or [source] is closed.; @throws IOException when some I/O error occurs.	core/common/src/Sink.kt:102	klib-fa07a4bb610a4de9	core/common/test/AbstractSinkTest.kt#suite-reference;core/common/test/CommonRealSinkTest.kt#suite-reference	Sources/CompilerCore/Stdlib/kotlinx/io/Buffer.kt:510;Sources/CompilerCore/Stdlib/kotlinx/io/Sink.kt:41;Sources/CompilerCore/Stdlib/kotlinx/io/RealSink.kt:44	none	unverified	KUU-1730	in-scope JVM ABI and Java interoperability	JVM entry class line 133; source line: public fun transferFrom(source: RawSource): Long; generated kind: source
jvm-c173b88ac7ad7313	core	JVM public ABI dump	JVM	published internal accessor	no	kotlinx/io/Buffer	setSizeMut	public final synthetic fun setSizeMut (J)V	n/a	PublishedApi	none	not-declared-in-source	core/common/src/Buffer.kt:71	klib-d68bb2a80f7861e1;klib-f86210a13361b409;klib-463d4b44b491c12f	core/common/test/CommonBufferTest.kt#suite-reference;core/jvm/test/BufferTest.kt#suite-reference	Sources/CompilerCore/Stdlib/kotlinx/io/Buffer.kt:52	none	unverified	KUU-1729	in-scope JVM ABI and Java interoperability	JVM entry class line 30; source line: internal var sizeMut: Long = 0L; generated kind: published internal accessor; generated JVM ABI presence cannot be established from Kotlin source-name matching alone
jvm-c45b5e3ffce737ca	core	JVM public ABI dump	JVM	function	yes	kotlinx/io/Buffer	require	public fun require (J)V	n/a	none	none	not-declared-in-source	core/common/src/Buffer.kt:81	klib-53ba821bab96c77e	core/common/test/CommonBufferTest.kt#writePrefixDoesntSplitButRequiresCompact;core/jvm/test/BufferTest.kt#suite-reference	Sources/CompilerCore/Stdlib/kotlinx/io/Buffer.kt:62;Sources/CompilerCore/Stdlib/kotlinx/io/Source.kt:25;Sources/CompilerCore/Stdlib/kotlinx/io/RealSource.kt:39	Tests/CompilerCoreTests/Sema/KotlinxIOPathSourceTests.swift	unverified	KUU-1729	in-scope JVM ABI and Java interoperability	JVM entry class line 28; source line: override fun require(byteCount: Long) {; generated kind: source
jvm-c5dba0e754ed0b44	core	JVM public ABI dump	JVM	function	yes	kotlinx/io/SourcesKt	readLongLe	public static final fun readLongLe (Lkotlinx/io/Source;)J	n/a	none	none	@throws EOFException when there are not enough data to read a long value.; @throws IllegalStateException when the source is closed.; @throws IOException when some I/O error occurs.	core/common/src/Sources.kt:43;core/common/src/Sources.kt:388		core/common/test/AbstractSourceTest.kt#readLongLe;core/common/test/AbstractSourceTest.kt#readLongLeTooShortThrows;core/common/test/CommonRealSourceTest.kt#suite-reference	Sources/CompilerCore/Stdlib/kotlinx/io/Sources.kt:12;Sources/CompilerCore/Stdlib/kotlinx/io/Sources.kt:152;Sources/CompilerCore/Stdlib/kotlinx/io/Sources.kt:156	none	unverified	KUU-1731	in-scope JVM ABI and Java interoperability	JVM entry class line 208; source line: public fun Source.readLongLe(): Long {; generated kind: source
jvm-c657cf1f49306a0c	core	JVM public ABI dump	JVM	function	yes	kotlinx/io/JvmCoreKt	asSource	public static final fun asSource (Ljava/io/InputStream;)Lkotlinx/io/RawSource;	n/a	OptIn	none	not-declared-in-source	core/jvm/src/JvmCore.kt:70		core/jvm/test/JvmPlatformTest.kt#suite-reference	Sources/CompilerCore/Stdlib/kotlinx/io/JvmCore.kt:49	none	unverified	KUU-1730	in-scope JVM ABI and Java interoperability	JVM entry class line 93; source line: public fun InputStream.asSource(): RawSource = InputStreamSource(this); generated kind: source
jvm-c707e70806512825	core	JVM public ABI dump	JVM	function	yes	kotlinx/io/files/FileSystem	list	public abstract fun list (Lkotlinx/io/files/Path;)Ljava/util/Collection;	n/a	none	none	@throws FileNotFoundException if [directory] does not exist.; @throws IOException if [directory] points to something other than directory.; @throws IOException if there was an underlying error preventing listing [directory] children.	core/common/src/files/FileSystem.kt:171	klib-5bdd91ace02d887d	core/common/test/files/SmokeFileTest.kt#listDirectory	Sources/CompilerCore/Stdlib/kotlinx/io/files/FileSystem.kt:27;Sources/CompilerCore/Stdlib/kotlinx/io/files/FileSystem.kt:57	Tests/RuntimeTests/RuntimeIoFileSystemTests.swift	unverified	KUU-1725	in-scope JVM ABI and Java interoperability	JVM entry class line 256; source line: public fun list(directory: Path): Collection<Path>; generated kind: source
jvm-c8fed085c1043658	core	JVM public ABI dump	JVM	function	yes	kotlinx/io/ByteStringsKt	indexOf	public static final fun indexOf (Lkotlinx/io/Source;Lkotlinx/io/bytestring/ByteString;J)J	n/a	OptIn	none	@throws IllegalStateException if the source is closed.; @throws IOException when some I/O error occurs.	core/common/src/ByteStrings.kt:102;core/common/src/ByteStrings.kt:138		core/common/test/AbstractSourceTest.kt#indexOf;core/common/test/AbstractSourceTest.kt#indexOfByteWithStartOffset;core/common/test/AbstractSourceTest.kt#indexOfByteWithIndices;core/common/test/AbstractSourceTest.kt#indexOfByteInvalidBoundsThrows;core/common/test/AbstractSourceTest.kt#indexOfByteWithFromIndex;core/common/test/AbstractSourceTest.kt#indexOfByteString;core/common/test/AbstractSourceTest.kt#indexOfByteStringAtSegmentBoundary;core/common/test/AbstractSourceTest.kt#indexOfDoesNotWrapAround;core/common/test/AbstractSinkTest.kt#suite-reference;core/common/test/CommonBufferTest.kt#indexOfWithOffset;core/common/test/CommonBufferTest.kt#indexOfByteString	Sources/CompilerCore/Stdlib/kotlinx/io/Buffer.kt:263;Sources/CompilerCore/Stdlib/kotlinx/io/ByteStrings.kt:59;Sources/CompilerCore/Stdlib/kotlinx/io/ByteStrings.kt:77;Sources/CompilerCore/Stdlib/kotlinx/io/Sources.kt:83;Sources/CompilerCore/Stdlib/kotlinx/io/Buffers.kt:44;Sources/CompilerCore/Stdlib/kotlinx/io/Segment.kt:417;Sources/CompilerCore/Stdlib/kotlinx/io/bytestring/ByteString.kt:126;Sources/CompilerCore/Stdlib/kotlinx/io/bytestring/ByteString.kt:135;Sources/CompilerCore/Stdlib/kotlinx/io/bytestring/ByteString.kt:138	Tests/CompilerBackendTests/Integration/BundledStdlibExecutionTests+ByteString.swift	unverified	KUU-1729	in-scope JVM ABI and Java interoperability	JVM entry class line 70; source line: public fun Source.indexOf(byteString: ByteString, startIndex: Long = 0): Long {; generated kind: source
jvm-cad0e099d21c4740	core	JVM public ABI dump	JVM	Kotlin property getter/setter	no	kotlinx/io/Segment	getSize	public final fun getSize ()I	n/a	none	none	not-declared-in-source	core/common/src/Segment.kt:353	klib-1d66584f002fd45f;klib-38cf6f2243741c18	core/common/test/AbstractSourceTest.kt#readByteArrayWithNegativeSizeThrows;core/common/test/AbstractSourceTest.kt#factorySegmentSizes;core/common/test/AbstractSinkTest.kt#suite-reference	Sources/CompilerCore/Stdlib/kotlinx/io/Buffer.kt:48;Sources/CompilerCore/Stdlib/kotlinx/io/SourcesJvm.kt:47;Sources/CompilerCore/Stdlib/kotlinx/io/Segment.kt:331;Sources/CompilerCore/Stdlib/kotlinx/io/bytestring/ByteString.kt:21;Sources/CompilerCore/Stdlib/kotlinx/io/bytestring/ByteStringBuilder.kt:13;Sources/CompilerCore/Stdlib/kotlinx/io/internal/-Utf8.kt:147;Sources/CompilerCore/Stdlib/kotlinx/io/files/FileSystem.kt:69	Tests/CompilerCoreTests/Sema/KotlinxIOByteStringSurfaceTests.swift;Tests/CompilerBackendTests/Integration/BundledStdlibExecutionTests+ByteString.swift;Tests/CompilerBackendTests/Integration/BundledStdlibExecutionTests+KtorIOCoverage.swift;Tests/RuntimeTests/RuntimeIoFileSystemTests.swift	unverified	KUU-1729	in-scope JVM ABI and Java interoperability	JVM entry class line 116; source line: public val size: Int; generated kind: Kotlin property getter/setter; generated JVM ABI presence cannot be established from Kotlin source-name matching alone
jvm-cadd2dc570822778	core	JVM public ABI dump	JVM	Kotlin property getter/setter	no	kotlinx/io/Source	getBuffer	public abstract fun getBuffer ()Lkotlinx/io/Buffer;	n/a	InternalIoApi	none	not-declared-in-source	core/common/src/Source.kt:77	klib-682923f3d5dba325;klib-8416a9e9b75b5da0	core/common/test/AbstractSourceTest.kt#readAtMostToBufferFromSourceWithFilledBuffer;core/common/test/AbstractSourceTest.kt#readAtMostToNonEmptyBufferFromSourceWithFilledBuffer;core/common/test/AbstractSourceTest.kt#readAtMostToByteArrayFromSourceWithFilledBuffer;core/common/test/AbstractSourceTest.kt#readUtf8PartialBuffer;core/common/test/AbstractSourceTest.kt#readUtf8EntireBuffer;core/common/test/CommonRealSourceTest.kt#requireTracksBufferFirst;core/common/test/CommonRealSourceTest.kt#requireIncludesBufferBytes;core/common/test/CommonRealSourceTest.kt#skipTracksBufferFirst	Sources/CompilerCore/Stdlib/kotlinx/io/Buffer.kt:58;Sources/CompilerCore/Stdlib/kotlinx/io/Source.kt:14;Sources/CompilerCore/Stdlib/kotlinx/io/SourcesJvm.kt:45;Sources/CompilerCore/Stdlib/kotlinx/io/Sink.kt:14;Sources/CompilerCore/Stdlib/kotlinx/io/RealSink.kt:19;Sources/CompilerCore/Stdlib/kotlinx/io/RealSource.kt:18;Sources/CompilerCore/Stdlib/kotlinx/io/PeekSource.kt:23;Sources/CompilerCore/Stdlib/kotlinx/io/bytestring/ByteStringBuilder.kt:10	Tests/CompilerCoreTests/Sema/KotlinxIOByteStringSurfaceTests.swift;Tests/CompilerBackendTests/Integration/BundledStdlibExecutionTests+KtorIOCoverage.swift	unverified	KUU-1729	in-scope JVM ABI and Java interoperability	JVM entry class line 173; source line: public val buffer: Buffer; generated kind: Kotlin property getter/setter; generated JVM ABI presence cannot be established from Kotlin source-name matching alone
jvm-cbdf4689eb03e08d	core	JVM public ABI dump	JVM	Kotlin source function with @JvmName	yes	kotlinx/io/files/PathsJvmKt	source	public static final fun source (Lkotlinx/io/files/Path;)Lkotlinx/io/Source;	n/a	JvmName,PublishedApi,Suppress	none	not-declared-in-source	core/jvm/src/files/PathsJvm.kt:48		core/common/test/files/SmokeFileTest.kt#suite-reference	none	none	missing	KUU-1725	in-scope JVM ABI and Java interoperability	JVM entry class line 282; source line: internal fun Path.sourceHack(): Source = SystemFileSystem.source(this).buffered(); generated kind: Kotlin source function with @JvmName
jvm-cdf7ad72ff5c34ab	core	JVM public ABI dump	JVM	function	yes	kotlinx/io/SourcesKt	readDouble	public static final fun readDouble (Lkotlinx/io/Source;)D	n/a	none	none	@throws EOFException when there are not enough data to read an unsigned int value.; @throws IllegalStateException when the source is closed.; @throws IOException when some I/O error occurs.	core/common/src/Sources.kt:420		core/common/test/AbstractSourceTest.kt#readDouble;core/common/test/AbstractSourceTest.kt#readDoubleLe;core/common/test/CommonRealSourceTest.kt#suite-reference	Sources/CompilerCore/Stdlib/kotlinx/io/Sources.kt:154	none	unverified	KUU-1731	in-scope JVM ABI and Java interoperability	JVM entry class line 202; source line: public fun Source.readDouble(): Double = Double.fromBits(readLong()); generated kind: source
jvm-ce451622f0ce8d20	core	JVM public ABI dump	JVM	function	yes	kotlinx/io/files/FileSystem	atomicMove	public abstract fun atomicMove (Lkotlinx/io/files/Path;Lkotlinx/io/files/Path;)V	n/a	none	none	@throws kotlinx.io.files.FileNotFoundException when the [source] does not exist.; @throws kotlinx.io.IOException when the move failed.; @throws kotlin.UnsupportedOperationException when the filesystem does not support atomic move.	core/common/src/files/FileSystem.kt:95	klib-fcda5736a2a538fa	core/common/test/files/SmokeFileTest.kt#atomicMove;core/common/test/files/SmokeFileTest.kt#atomicMoveDir	Sources/CompilerCore/Stdlib/kotlinx/io/files/FileSystem.kt:22;Sources/CompilerCore/Stdlib/kotlinx/io/files/FileSystem.kt:41	Tests/RuntimeTests/RuntimeIoFileSystemTests.swift	unverified	KUU-1725	in-scope JVM ABI and Java interoperability	JVM entry class line 250; source line: public fun atomicMove(source: Path, destination: Path); generated kind: source
jvm-ce98651f35e4dce2	core	JVM public ABI dump	JVM	Kotlin source function with @JvmName	yes	kotlinx/io/files/FileSystem	sink	public abstract fun sink (Lkotlinx/io/files/Path;Z)Lkotlinx/io/RawSink;	n/a	JvmName,PublishedApi,Suppress	none	not-declared-in-source	core/jvm/src/files/PathsJvm.kt:54		core/common/test/files/SmokeFileTest.kt#suite-reference	none	none	missing	KUU-1730	in-scope JVM ABI and Java interoperability	JVM entry class line 259; source line: internal fun Path.sinkHack(): Sink = SystemFileSystem.sink(this).buffered(); generated kind: Kotlin source function with @JvmName
jvm-d0a5256163899ef7	core	JVM public ABI dump	JVM	default/synthetic bridge	no	kotlinx/io/SourcesKt	readTo$default	public static synthetic fun readTo$default (Lkotlinx/io/Source;[BIIILjava/lang/Object;)V	n/a	none	none	@throws EOFException when the requested number of bytes cannot be read.; @throws IllegalStateException when the source is closed.; @throws IndexOutOfBoundsException when [startIndex] or [endIndex] is out of range of [sink] array indices.; @throws IllegalArgumentException when `startIndex > endIndex`.; @throws IOException when some I/O error occurs.	core/common/src/Sources.kt:292		core/common/test/AbstractSourceTest.kt#readToSink;core/common/test/AbstractSourceTest.kt#readToSinkTooShortThrows;core/common/test/AbstractSourceTest.kt#readToSinkWithNegativeByteCount;core/common/test/AbstractSourceTest.kt#readToSinkZeroBytes;core/common/test/AbstractSourceTest.kt#readToByteArray;core/common/test/AbstractSourceTest.kt#readToByteArraySubrange;core/common/test/AbstractSourceTest.kt#readToByteArrayInvalidArguments;core/common/test/AbstractSourceTest.kt#readToByteArrayTooShortThrows;core/common/test/CommonRealSourceTest.kt#suite-reference	Sources/CompilerCore/Stdlib/kotlinx/io/Buffer.kt:337;Sources/CompilerCore/Stdlib/kotlinx/io/Sources.kt:126;Sources/CompilerCore/Stdlib/kotlinx/io/Source.kt:68;Sources/CompilerCore/Stdlib/kotlinx/io/Segment.kt:315;Sources/CompilerCore/Stdlib/kotlinx/io/RealSource.kt:68	none	unverified	KUU-1725	in-scope JVM ABI and Java interoperability	JVM entry class line 211; source line: public fun Source.readTo(sink: ByteArray, startIndex: Int = 0, endIndex: Int = sink.size) {; generated kind: default/synthetic bridge; generated JVM ABI presence cannot be established from Kotlin source-name matching alone
jvm-d141e7ebf2f19879	core	JVM public ABI dump	JVM	function	yes	kotlinx/io/BuffersJvmKt	copyTo	public static final fun copyTo (Lkotlinx/io/Buffer;Ljava/io/OutputStream;JJ)V	n/a	OptIn	none	@throws IndexOutOfBoundsException when [startIndex] or [endIndex] is out of this buffer bounds (`[0..buffer.size)`).; @throws IllegalArgumentException when `startIndex > endIndex`.	core/jvm/src/BuffersJvm.kt:124		core/jvm/test/NioTest.kt#suite-reference;core/jvm/test/BufferTest.kt#copyToSpanningSegments;core/jvm/test/BufferTest.kt#copyToSkippingSegments;core/jvm/test/BufferTest.kt#copyToStream;core/jvm/test/BufferTest.kt#copyToOutputStream;core/jvm/test/BufferTest.kt#copyToOutputStreamWithStartIndex;core/jvm/test/BufferTest.kt#copyToOutputStreamWithEndIndex;core/jvm/test/BufferTest.kt#copyToOutputStreamWithIndices;core/jvm/test/BufferTest.kt#copyToOutputStreamWithEmptyRange	Sources/CompilerCore/Stdlib/kotlinx/io/Buffer.kt:184	none	unverified	KUU-1729	in-scope JVM ABI and Java interoperability	JVM entry class line 52; source line: public fun Buffer.copyTo(; generated kind: source
jvm-d3d49bcc01535dd8	core	JVM public ABI dump	JVM	JVM file facade	no	kotlinx/io/SourcesJvmKt	SourcesJvmKt	public final class kotlinx/io/SourcesJvmKt {	n/a	none	none	not-declared-in-source	source declaration not found by name		core/common/test/AbstractSourceTest.kt#suite-reference;core/common/test/AbstractSinkTest.kt#suite-reference	none	none	unverified	KUU-1725	in-scope JVM ABI and Java interoperability	JVM entry class line 188; source line: ; generated kind: JVM file facade; generated JVM ABI presence cannot be established from Kotlin source-name matching alone
jvm-d53cc9894b43d9de	core	JVM public ABI dump	JVM	Kotlin property getter/setter	no	kotlinx/io/Buffer	getBuffer	public fun getBuffer ()Lkotlinx/io/Buffer;	n/a	InternalIoApi	none	not-declared-in-source	core/common/src/Buffer.kt:77;core/nodeFilesystemShared/src/node/buffer.kt:25	klib-e1f76e75c682b718;klib-3efb72d188d5df64	core/common/test/CommonBufferTest.kt#bufferToString;core/common/test/CommonBufferTest.kt#multipleSegmentBuffers;core/common/test/CommonBufferTest.kt#moveBytesBetweenBuffersShareSegment;core/common/test/CommonBufferTest.kt#moveBytesBetweenBuffersReassignSegment;core/common/test/CommonBufferTest.kt#moveBytesBetweenBuffersMultipleSegments;core/common/test/CommonBufferTest.kt#writeSplitSourceBufferLeft;core/common/test/CommonBufferTest.kt#writeSplitSourceBufferRight;core/common/test/CommonBufferTest.kt#getByteOfEmptyBuffer;core/jvm/test/BufferTest.kt#bufferInputStreamByteByByte;core/jvm/test/BufferTest.kt#bufferInputStreamBulkReads;core/jvm/test/BufferTest.kt#readEmptyBufferToByteBuffer	Sources/CompilerCore/Stdlib/kotlinx/io/Buffer.kt:58;Sources/CompilerCore/Stdlib/kotlinx/io/Source.kt:14;Sources/CompilerCore/Stdlib/kotlinx/io/SourcesJvm.kt:45;Sources/CompilerCore/Stdlib/kotlinx/io/Sink.kt:14;Sources/CompilerCore/Stdlib/kotlinx/io/RealSink.kt:19;Sources/CompilerCore/Stdlib/kotlinx/io/RealSource.kt:18;Sources/CompilerCore/Stdlib/kotlinx/io/PeekSource.kt:23;Sources/CompilerCore/Stdlib/kotlinx/io/bytestring/ByteStringBuilder.kt:10	Tests/CompilerCoreTests/Sema/KotlinxIOByteStringSurfaceTests.swift;Tests/CompilerBackendTests/Integration/BundledStdlibExecutionTests+KtorIOCoverage.swift	unverified	KUU-1729	in-scope JVM ABI and Java interoperability	JVM entry class line 12; source line: override val buffer: Buffer get() = this; generated kind: Kotlin property getter/setter; generated JVM ABI presence cannot be established from Kotlin source-name matching alone
jvm-d92d97f01dbeaeb3	core	JVM public ABI dump	JVM	published internal accessor	no	kotlinx/io/Buffer	getSizeMut	public final synthetic fun getSizeMut ()J	n/a	PublishedApi	none	not-declared-in-source	core/common/src/Buffer.kt:71	klib-d68bb2a80f7861e1;klib-f86210a13361b409;klib-463d4b44b491c12f	core/common/test/CommonBufferTest.kt#suite-reference;core/jvm/test/BufferTest.kt#suite-reference	Sources/CompilerCore/Stdlib/kotlinx/io/Buffer.kt:52	none	unverified	KUU-1729	in-scope JVM ABI and Java interoperability	JVM entry class line 15; source line: internal var sizeMut: Long = 0L; generated kind: published internal accessor; generated JVM ABI presence cannot be established from Kotlin source-name matching alone
jvm-dca5a43e89484e1c	core	JVM public ABI dump	JVM	function	yes	kotlinx/io/SourcesKt	startsWith	public static final fun startsWith (Lkotlinx/io/Source;B)Z	n/a	OptIn	none	@throws IllegalStateException when the source is closed.; @throws IOException when some I/O error occurs.	core/common/src/Sources.kt:466		core/common/test/AbstractSourceTest.kt#suite-reference;core/common/test/CommonRealSourceTest.kt#suite-reference	Sources/CompilerCore/Stdlib/kotlinx/io/Sources.kt:157;Sources/CompilerCore/Stdlib/kotlinx/io/bytestring/ByteString.kt:173;Sources/CompilerCore/Stdlib/kotlinx/io/bytestring/ByteString.kt:175	Tests/CompilerBackendTests/Integration/BundledStdlibExecutionTests+ByteString.swift	unverified	KUU-1725	in-scope JVM ABI and Java interoperability	JVM entry class line 219; source line: public fun Source.startsWith(byte: Byte): Boolean = request(1) && buffer[0] == byte; generated kind: source
jvm-dda61f0299dd8305	core	JVM public ABI dump	JVM	function	yes	kotlinx/io/SinksJvmKt	writeString	public static final fun writeString (Lkotlinx/io/Sink;Ljava/lang/String;Ljava/nio/charset/Charset;II)V	n/a	none	none	@throws IndexOutOfBoundsException when [startIndex] or [endIndex] is out of range of [string] indices.; @throws IllegalArgumentException when `startIndex > endIndex`.; @throws IllegalStateException when the sink is closed.; @throws IOException when some I/O error occurs.	core/jvm/src/SinksJvm.kt:45		core/jvm/test/NioTest.kt#suite-reference;core/jvm/test/AbstractSinkTestJVM.kt#writeStringWithCharset	Sources/CompilerCore/Stdlib/kotlinx/io/Utf8.kt:14;Sources/CompilerCore/Stdlib/kotlinx/io/Utf8.kt:19	Tests/CompilerBackendTests/Integration/BundledStdlibExecutionTests+KtorIOCoverage.swift	unverified	KUU-1725	in-scope JVM ABI and Java interoperability	JVM entry class line 147; source line: public fun Sink.writeString(string: String, charset: Charset, startIndex: Int = 0, endIndex: Int = string.length) {; generated kind: source
jvm-de5785cc388ce549	core	JVM public ABI dump	JVM	function	yes	kotlinx/io/SourcesKt	readIntLe	public static final fun readIntLe (Lkotlinx/io/Source;)I	n/a	none	none	@throws EOFException when there are not enough data to read an int value.; @throws IllegalStateException when the source is closed.; @throws IOException when some I/O error occurs.	core/common/src/Sources.kt:30;core/common/src/Sources.kt:376		core/common/test/AbstractSourceTest.kt#readIntLe;core/common/test/AbstractSourceTest.kt#readIntLeTooShortThrows;core/common/test/CommonRealSourceTest.kt#suite-reference	Sources/CompilerCore/Stdlib/kotlinx/io/Sources.kt:11;Sources/CompilerCore/Stdlib/kotlinx/io/Sources.kt:151;Sources/CompilerCore/Stdlib/kotlinx/io/Sources.kt:155	none	unverified	KUU-1731	in-scope JVM ABI and Java interoperability	JVM entry class line 207; source line: public fun Source.readIntLe(): Int {; generated kind: source
jvm-de8a9217ce53f3a0	core	JVM public ABI dump	JVM	function	yes	kotlinx/io/ByteStringsKt	readByteString	public static final fun readByteString (Lkotlinx/io/Source;I)Lkotlinx/io/bytestring/ByteString;	n/a	OptIn	none	@throws IllegalStateException if the source is closed.; @throws IOException when some I/O error occurs.	core/common/src/ByteStrings.kt:62;core/common/src/ByteStrings.kt:79		core/common/test/AbstractSourceTest.kt#readByteString;core/common/test/AbstractSourceTest.kt#readByteStringPartial;core/common/test/AbstractSourceTest.kt#readByteStringTooShortThrows;core/common/test/AbstractSinkTest.kt#suite-reference;core/common/test/CommonBufferTest.kt#suite-reference	Sources/CompilerCore/Stdlib/kotlinx/io/ByteStrings.kt:36;Sources/CompilerCore/Stdlib/kotlinx/io/ByteStrings.kt:47	none	unverified	KUU-1731	in-scope JVM ABI and Java interoperability	JVM entry class line 74; source line: public fun Source.readByteString(): ByteString {; generated kind: source
jvm-df3a84de360ddc45	core	JVM public ABI dump	JVM	function	yes	kotlinx/io/SourcesKt	readByteArray	public static final fun readByteArray (Lkotlinx/io/Source;I)[B	n/a	none	none	@throws IllegalStateException when the source is closed.; @throws IOException when some I/O error occurs.	core/common/src/Sources.kt:236;core/common/src/Sources.kt:252		core/common/test/AbstractSourceTest.kt#readByteArray;core/common/test/AbstractSourceTest.kt#readByteArrayPartial;core/common/test/AbstractSourceTest.kt#readByteArrayTooShortThrows;core/common/test/AbstractSourceTest.kt#readByteArrayWithNegativeSizeThrows;core/common/test/CommonRealSourceTest.kt#suite-reference	Sources/CompilerCore/Stdlib/kotlinx/io/Sources.kt:102;Sources/CompilerCore/Stdlib/kotlinx/io/Sources.kt:104	none	unverified	KUU-1731	in-scope JVM ABI and Java interoperability	JVM entry class line 200; source line: public fun Source.readByteArray(): ByteArray {; generated kind: source
jvm-dfee4240a4ba093c	core	JVM public ABI dump	JVM	function	yes	kotlinx/io/Buffer	exhausted	public fun exhausted ()Z	n/a	none	none	not-declared-in-source	core/common/src/Buffer.kt:79	klib-f7ee387f61c6a2c0	core/common/test/CommonBufferTest.kt#suite-reference;core/jvm/test/BufferTest.kt#suite-reference	Sources/CompilerCore/Stdlib/kotlinx/io/Buffer.kt:60;Sources/CompilerCore/Stdlib/kotlinx/io/Source.kt:19;Sources/CompilerCore/Stdlib/kotlinx/io/RealSource.kt:34	none	unverified	KUU-1729	in-scope JVM ABI and Java interoperability	JVM entry class line 9; source line: override fun exhausted(): Boolean = size == 0L; generated kind: source
jvm-e315837196a4115e	core	JVM public ABI dump	JVM	Kotlin property getter/setter	no	kotlinx/io/unsafe/UnsafeBufferOperations	getMaxSafeWriteCapacity	public final fun getMaxSafeWriteCapacity ()I	n/a	OptIn,UnsafeIoApi	none	not-declared-in-source	core/common/src/unsafe/UnsafeBufferOperations.kt:20	klib-878bd78d78a70078;klib-03dd61948f6b52d3	core/common/test/unsafe/UnsafeBufferOperationsForEachTest.kt#suite-reference;core/common/test/unsafe/UnsafeBufferOperationsIterationTest.kt#suite-reference;core/common/test/unsafe/UnsafeBufferOperationsMoveTest.kt#suite-reference;core/common/test/unsafe/UnsafeBufferOperationsReadTest.kt#suite-reference;core/common/test/unsafe/UnsafeBufferOperationsWriteTest.kt#suite-reference	Sources/CompilerCore/Stdlib/kotlinx/io/unsafe/UnsafeBufferOperations.kt:24	none	unverified	KUU-1729	in-scope JVM ABI and Java interoperability	JVM entry class line 310; source line: public val maxSafeWriteCapacity: Int get() = Segment.SIZE; generated kind: Kotlin property getter/setter; generated JVM ABI presence cannot be established from Kotlin source-name matching alone
jvm-e3e7bf31cf53409e	core	JVM public ABI dump	JVM	function	yes	kotlinx/io/CoreKt	buffered	public static final fun buffered (Lkotlinx/io/RawSink;)Lkotlinx/io/Sink;	n/a	none	none	not-declared-in-source	core/common/src/Core.kt:28;core/common/src/Core.kt:34		core/common/test/AbstractSourceTest.kt#suite-reference;core/common/test/AbstractSinkTest.kt#closeEmitsBufferedBytes	Sources/CompilerCore/Stdlib/kotlinx/io/Buffer.kt:354;Sources/CompilerCore/Stdlib/kotlinx/io/Core.kt:13;Sources/CompilerCore/Stdlib/kotlinx/io/Core.kt:18	Tests/CompilerBackendTests/Integration/BundledStdlibExecutionTests+KtorIOCoverage.swift	unverified	KUU-1729	in-scope JVM ABI and Java interoperability	JVM entry class line 80; source line: public fun RawSource.buffered(): Source = RealSource(this); generated kind: source
jvm-e405f88094ec1353	core	JVM public ABI dump	JVM	class	yes	kotlinx/io/Segment	Segment	public final class kotlinx/io/Segment {	n/a	none	none	not-declared-in-source	core/common/src/Segment.kt:81	klib-4ab35f2484026657	core/common/test/AbstractSourceTest.kt#readShortSplitAcrossMultipleSegments;core/common/test/AbstractSourceTest.kt#readIntSplitAcrossMultipleSegments;core/common/test/AbstractSourceTest.kt#readLongSplitAcrossMultipleSegments;core/common/test/AbstractSourceTest.kt#readUtf8SpansSegments;core/common/test/AbstractSourceTest.kt#readUtf8Segment;core/common/test/AbstractSourceTest.kt#longHexStringAcrossSegment;core/common/test/AbstractSourceTest.kt#longDecimalStringAcrossSegment;core/common/test/AbstractSourceTest.kt#peekSegmentThenInvalid;core/common/test/AbstractSinkTest.kt#writeLastByteInSegment;core/common/test/AbstractSinkTest.kt#writeLastIntegerInSegment;core/common/test/AbstractSinkTest.kt#writeIntegerDoesNotQuiteFitInSegment	Sources/CompilerCore/Stdlib/kotlinx/io/Segment.kt:66	none	unverified	KUU-1729	in-scope JVM ABI and Java interoperability	JVM entry class line 108; source line: public class Segment {; generated kind: source
jvm-e40abc3b4ec43c19	core	JVM public ABI dump	JVM	function	yes	kotlinx/io/unsafe/BufferIterationContext	next	public abstract fun next (Lkotlinx/io/Segment;)Lkotlinx/io/Segment;	n/a	UnsafeIoApi	none	not-declared-in-source	core/common/src/unsafe/UnsafeBufferOperations.kt:528;core/common/src/unsafe/UnsafeBufferOperations.kt:563	klib-6dedd324c4f63d01	core/common/test/unsafe/UnsafeBufferOperationsForEachTest.kt#suite-reference;core/common/test/unsafe/UnsafeBufferOperationsIterationTest.kt#suite-reference;core/common/test/unsafe/UnsafeBufferOperationsMoveTest.kt#suite-reference;core/common/test/unsafe/UnsafeBufferOperationsReadTest.kt#suite-reference;core/common/test/unsafe/UnsafeBufferOperationsWriteTest.kt#suite-reference	Sources/CompilerCore/Stdlib/kotlinx/io/unsafe/UnsafeBufferOperations.kt:531;Sources/CompilerCore/Stdlib/kotlinx/io/unsafe/UnsafeBufferOperations.kt:563	none	unverified	KUU-1729	in-scope JVM ABI and Java interoperability	JVM entry class line 293; source line: public fun next(segment: Segment): Segment?; generated kind: source
jvm-e537ccd38bc7fca2	core	JVM public ABI dump	JVM	function	yes	kotlinx/io/files/Path	hashCode	public fun hashCode ()I	n/a	none	none	not-declared-in-source	core/common/src/files/Paths.kt:55;core/jvm/src/files/PathsJvm.kt:29;core/native/src/files/PathsNative.kt:45;core/nodeFilesystemShared/src/files/PathsNodeJs.kt:64;core/wasmWasi/src/files/PathsWasm.kt:22	klib-07cfd563616534cf	core/common/test/files/SmokeFileTest.kt#suite-reference;core/common/test/files/UtilsTest.kt#suite-reference	Sources/CompilerCore/Stdlib/kotlinx/io/bytestring/ByteString.kt:52;Sources/CompilerCore/Stdlib/kotlinx/io/files/Paths.kt:45	none	unverified	KUU-1725	in-scope JVM ABI and Java interoperability	JVM entry class line 273; source line: override fun hashCode(): Int; generated kind: source
jvm-e6072d51480377ce	core	JVM public ABI dump	JVM	Kotlin property getter/setter	no	kotlinx/io/files/Path	getName	public final fun getName ()Ljava/lang/String;	n/a	none	none	not-declared-in-source	core/common/src/files/Paths.kt:34;core/jvm/src/files/PathsJvm.kt:35;core/native/src/files/PathsNative.kt:50;core/nodeFilesystemShared/src/files/PathsNodeJs.kt:43;core/wasmWasi/src/files/PathsWasm.kt:40	klib-ba8f18b87d64cda0;klib-058f5c31cb8728c8	core/common/test/files/SmokeFileTest.kt#fileName;core/common/test/files/UtilsTest.kt#suite-reference	Sources/CompilerCore/Stdlib/kotlinx/io/files/Paths.kt:24	Tests/CompilerCoreTests/Sema/KotlinxIOPathSourceTests.swift;Tests/CompilerBackendTests/Integration/BundledStdlibExecutionTests+ByteStringCodec.swift;Tests/RuntimeTests/RuntimeIoFileSystemTests.swift	unverified	KUU-1725	in-scope JVM ABI and Java interoperability	JVM entry class line 271; source line: public val name: String; generated kind: Kotlin property getter/setter; generated JVM ABI presence cannot be established from Kotlin source-name matching alone
jvm-e648005c75c9a635	core	JVM public ABI dump	JVM	function	yes	kotlinx/io/unsafe/SegmentWriteContext	setUnchecked	public abstract fun setUnchecked (Lkotlinx/io/Segment;IBBB)V	n/a	JvmSynthetic,OptIn,UnsafeIoApi	none	not-declared-in-source	core/common/src/unsafe/UnsafeBufferOperations.kt:456;core/common/src/unsafe/UnsafeBufferOperations.kt:473;core/common/src/unsafe/UnsafeBufferOperations.kt:491;core/common/src/unsafe/UnsafeBufferOperations.kt:512;core/common/src/unsafe/UnsafeBufferOperations.kt:542;core/common/src/unsafe/UnsafeBufferOperations.kt:546;core/common/src/unsafe/UnsafeBufferOperations.kt:550;core/common/src/unsafe/UnsafeBufferOperations.kt:554	klib-b8615ffaceb2162f;klib-fdb3da4587313f8c;klib-f570c311693d6703;klib-122a0905894ba00e	core/common/test/unsafe/UnsafeBufferOperationsForEachTest.kt#suite-reference;core/common/test/unsafe/UnsafeBufferOperationsIterationTest.kt#suite-reference;core/common/test/unsafe/UnsafeBufferOperationsMoveTest.kt#suite-reference;core/common/test/unsafe/UnsafeBufferOperationsReadTest.kt#suite-reference;core/common/test/unsafe/UnsafeBufferOperationsWriteTest.kt#suite-reference	Sources/CompilerCore/Stdlib/kotlinx/io/Segment.kt:370;Sources/CompilerCore/Stdlib/kotlinx/io/Segment.kt:374;Sources/CompilerCore/Stdlib/kotlinx/io/Segment.kt:381;Sources/CompilerCore/Stdlib/kotlinx/io/Segment.kt:389;Sources/CompilerCore/Stdlib/kotlinx/io/unsafe/UnsafeBufferOperations.kt:459;Sources/CompilerCore/Stdlib/kotlinx/io/unsafe/UnsafeBufferOperations.kt:476;Sources/CompilerCore/Stdlib/kotlinx/io/unsafe/UnsafeBufferOperations.kt:494;Sources/CompilerCore/Stdlib/kotlinx/io/unsafe/UnsafeBufferOperations.kt:515;Sources/CompilerCore/Stdlib/kotlinx/io/unsafe/UnsafeBufferOperations.kt:543;Sources/CompilerCore/Stdlib/kotlinx/io/unsafe/UnsafeBufferOperations.kt:547;Sources/CompilerCore/Stdlib/kotlinx/io/unsafe/UnsafeBufferOperations.kt:551;Sources/CompilerCore/Stdlib/kotlinx/io/unsafe/UnsafeBufferOperations.kt:555	none	unverified	KUU-1729	in-scope JVM ABI and Java interoperability	JVM entry class line 303; source line: public fun setUnchecked(segment: Segment, offset: Int, value: Byte); generated kind: source
jvm-e66948d3f7b556c0	core	JVM public ABI dump	JVM	function	yes	kotlinx/io/Buffer	transferTo	public fun transferTo (Lkotlinx/io/RawSink;)J	n/a	none	none	not-declared-in-source	core/common/src/Buffer.kt:338	klib-e73c2ae9564dc892	core/common/test/CommonBufferTest.kt#suite-reference;core/jvm/test/BufferTest.kt#suite-reference	Sources/CompilerCore/Stdlib/kotlinx/io/Buffer.kt:346;Sources/CompilerCore/Stdlib/kotlinx/io/Source.kt:74;Sources/CompilerCore/Stdlib/kotlinx/io/RealSource.kt:79	none	unverified	KUU-1729	in-scope JVM ABI and Java interoperability	JVM entry class line 35; source line: override fun transferTo(sink: RawSink): Long {; generated kind: source
jvm-e66e0d9e9c4f3788	core	JVM public ABI dump	JVM	function	yes	kotlinx/io/SourcesKt	indexOf	public static final fun indexOf (Lkotlinx/io/Source;BJJ)J	n/a	OptIn	none	@throws IllegalStateException when the source is closed.; @throws IllegalArgumentException when `startIndex > endIndex` or either of indices is negative.; @throws IOException when some I/O error occurs.	core/common/src/Sources.kt:207		core/common/test/AbstractSourceTest.kt#indexOf;core/common/test/AbstractSourceTest.kt#indexOfByteWithStartOffset;core/common/test/AbstractSourceTest.kt#indexOfByteWithIndices;core/common/test/AbstractSourceTest.kt#indexOfByteInvalidBoundsThrows;core/common/test/AbstractSourceTest.kt#indexOfByteWithFromIndex;core/common/test/AbstractSourceTest.kt#indexOfByteString;core/common/test/AbstractSourceTest.kt#indexOfByteStringAtSegmentBoundary;core/common/test/AbstractSourceTest.kt#indexOfDoesNotWrapAround;core/common/test/CommonRealSourceTest.kt#indexOfStopsReadingAtLimit	Sources/CompilerCore/Stdlib/kotlinx/io/Buffer.kt:263;Sources/CompilerCore/Stdlib/kotlinx/io/ByteStrings.kt:59;Sources/CompilerCore/Stdlib/kotlinx/io/ByteStrings.kt:77;Sources/CompilerCore/Stdlib/kotlinx/io/Sources.kt:83;Sources/CompilerCore/Stdlib/kotlinx/io/Buffers.kt:44;Sources/CompilerCore/Stdlib/kotlinx/io/Segment.kt:417;Sources/CompilerCore/Stdlib/kotlinx/io/bytestring/ByteString.kt:126;Sources/CompilerCore/Stdlib/kotlinx/io/bytestring/ByteString.kt:135;Sources/CompilerCore/Stdlib/kotlinx/io/bytestring/ByteString.kt:138	Tests/CompilerBackendTests/Integration/BundledStdlibExecutionTests+ByteString.swift	unverified	KUU-1729	in-scope JVM ABI and Java interoperability	JVM entry class line 197; source line: public fun Source.indexOf(byte: Byte, startIndex: Long = 0L, endIndex: Long = Long.MAX_VALUE): Long {; generated kind: source
jvm-e7978a6f64c9246f	core	JVM public ABI dump	JVM	function	yes	kotlinx/io/Utf8Kt	writeCodePointValue	public static final fun writeCodePointValue (Lkotlinx/io/Sink;I)V	n/a	OptIn	none	@throws IllegalStateException when the sink is closed.; @throws IllegalArgumentException when [codePoint] value is negative, or greater than `U+10ffff`.; @throws IOException when some I/O error occurs.	core/common/src/Utf8.kt:152		core/common/test/Utf8Test.kt#suite-reference	Sources/CompilerCore/Stdlib/kotlinx/io/Utf8.kt:24	none	unverified	KUU-1733	in-scope JVM ABI and Java interoperability	JVM entry class line 233; source line: public fun Sink.writeCodePointValue(codePoint: Int): Unit =; generated kind: source
jvm-e9623fbf6c3de400	core	JVM public ABI dump	JVM	function	yes	kotlinx/io/Utf8Kt	readLineStrict	public static final fun readLineStrict (Lkotlinx/io/Source;J)Ljava/lang/String;	n/a	OptIn	none	@throws EOFException when the source does not contain a string consisting with at most [limit] bytes followed by; @throws IllegalStateException when the source is closed.; @throws IllegalArgumentException when [limit] is negative.; @throws IOException when some I/O error occurs.	core/common/src/Utf8.kt:343		core/common/test/Utf8Test.kt#suite-reference	Sources/CompilerCore/Stdlib/kotlinx/io/Utf8.kt:118	none	unverified	KUU-1733	in-scope JVM ABI and Java interoperability	JVM entry class line 228; source line: public fun Source.readLineStrict(limit: Long = Long.MAX_VALUE): String {; generated kind: source
jvm-ea5de737d7c3b4a8	core	JVM public ABI dump	JVM	function	yes	kotlinx/io/RawSource	close	public abstract fun close ()V	n/a	none	none	@throws IOException when some I/O error occurs.	core/common/src/RawSource.kt:64	klib-bdf28cb8bae382ca	core/common/test/AbstractSourceTest.kt#readFromClosedSource;core/common/test/CommonRealSourceTest.kt#operationsAfterClose;core/common/test/CommonRealSourceTest.kt#closeMultipleTimes	Sources/CompilerCore/Stdlib/kotlinx/io/Buffer.kt:566;Sources/CompilerCore/Stdlib/kotlinx/io/JvmCore.kt:39;Sources/CompilerCore/Stdlib/kotlinx/io/JvmCore.kt:70;Sources/CompilerCore/Stdlib/kotlinx/io/RawSink.kt:25;Sources/CompilerCore/Stdlib/kotlinx/io/RealSink.kt:118;Sources/CompilerCore/Stdlib/kotlinx/io/Core.kt:33;Sources/CompilerCore/Stdlib/kotlinx/io/RawSource.kt:19;Sources/CompilerCore/Stdlib/kotlinx/io/RealSource.kt:132;Sources/CompilerCore/Stdlib/kotlinx/io/PeekSource.kt:58;Sources/CompilerCore/Stdlib/kotlinx/io/files/FileSystem.kt:90;Sources/CompilerCore/Stdlib/kotlinx/io/files/FileSystem.kt:126	Tests/RuntimeTests/RuntimeIoFileSystemTests.swift	unverified	KUU-1730	in-scope JVM ABI and Java interoperability	JVM entry class line 104; source line: override fun close(); generated kind: source
jvm-ecfc9c165f858c64	core	JVM public ABI dump	JVM	function	yes	kotlinx/io/RawSink	write	public abstract fun write (Lkotlinx/io/Buffer;J)V	n/a	none	none	@throws IllegalArgumentException when the [source]'s size is below [byteCount] or [byteCount] is negative.; @throws IllegalStateException when the sink is closed.; @throws IOException when some I/O error occurs.	core/common/src/RawSink.kt:53;core/jvm/src/RawSink.kt:28;core/js/src/RawSink.kt:9;core/native/src/RawSink.kt:24;core/wasm/src/RawSink.kt:9	klib-02d81927a9ec9ccf	core/common/test/AbstractSinkTest.kt#writeByteArray;core/common/test/AbstractSinkTest.kt#writeNothing;core/common/test/AbstractSinkTest.kt#writeByte;core/common/test/AbstractSinkTest.kt#writeBytes;core/common/test/AbstractSinkTest.kt#writeLastByteInSegment;core/common/test/AbstractSinkTest.kt#writeShort;core/common/test/AbstractSinkTest.kt#writeShorts;core/common/test/AbstractSinkTest.kt#writeShortLe;core/common/test/CommonRealSinkTest.kt#writeAll;core/common/test/CommonRealSinkTest.kt#writeAllExhausted;core/common/test/CommonRealSinkTest.kt#writeAllWritesOneSegmentAtATime	Sources/CompilerCore/Stdlib/kotlinx/io/Buffer.kt:384;Sources/CompilerCore/Stdlib/kotlinx/io/Buffer.kt:388;Sources/CompilerCore/Stdlib/kotlinx/io/Buffer.kt:392;Sources/CompilerCore/Stdlib/kotlinx/io/Buffer.kt:404;Sources/CompilerCore/Stdlib/kotlinx/io/Buffer.kt:419;Sources/CompilerCore/Stdlib/kotlinx/io/JvmCore.kt:25;Sources/CompilerCore/Stdlib/kotlinx/io/ByteStrings.kt:16;Sources/CompilerCore/Stdlib/kotlinx/io/RawSink.kt:18;Sources/CompilerCore/Stdlib/kotlinx/io/Segment.kt:321;Sources/CompilerCore/Stdlib/kotlinx/io/Sink.kt:24;Sources/CompilerCore/Stdlib/kotlinx/io/Sink.kt:29;Sources/CompilerCore/Stdlib/kotlinx/io/Sink.kt:35;Sources/CompilerCore/Stdlib/kotlinx/io/Sink.kt:46;Sources/CompilerCore/Stdlib/kotlinx/io/RealSink.kt:22;Sources/CompilerCore/Stdlib/kotlinx/io/RealSink.kt:29;Sources/CompilerCore/Stdlib/kotlinx/io/RealSink.kt:33;Sources/CompilerCore/Stdlib/kotlinx/io/RealSink.kt:37;Sources/CompilerCore/Stdlib/kotlinx/io/RealSink.kt:56;Sources/CompilerCore/Stdlib/kotlinx/io/Core.kt:26;Sources/CompilerCore/Stdlib/kotlinx/io/files/FileSystem.kt:105	Tests/CompilerBackendTests/Integration/BundledStdlibExecutionTests+KtorIOCoverage.swift;Tests/RuntimeTests/RuntimeIoFileSystemTests.swift	unverified	KUU-1729	in-scope JVM ABI and Java interoperability	JVM entry class line 100; source line: public fun write(source: Buffer, byteCount: Long); generated kind: source
jvm-ef0e3eca7bbbef5d	core	JVM public ABI dump	JVM	function	yes	kotlinx/io/SourcesKt	readUInt	public static final fun readUInt (Lkotlinx/io/Source;)I	n/a	none	none	@throws EOFException when there are not enough data to read an unsigned int value.; @throws IllegalStateException when the source is closed.; @throws IOException when some I/O error occurs.	core/common/src/Sources.kt:340		core/common/test/AbstractSourceTest.kt#suite-reference;core/common/test/CommonRealSourceTest.kt#suite-reference	Sources/CompilerCore/Stdlib/kotlinx/io/Sources.kt:148	none	unverified	KUU-1731	in-scope JVM ABI and Java interoperability	JVM entry class line 213; source line: public fun Source.readUInt(): UInt = readInt().toUInt(); generated kind: source
jvm-f027c1f031dc19fe	core	JVM public ABI dump	JVM	function	yes	kotlinx/io/Sink	hintEmit	public abstract fun hintEmit ()V	n/a	InternalIoApi	none	@throws IllegalStateException when the sink is closed.; @throws IOException when some I/O error occurs.	core/common/src/Sink.kt:210	klib-7c6ab4850e567de3	core/common/test/AbstractSinkTest.kt#suite-reference;core/common/test/CommonRealSinkTest.kt#suite-reference	Sources/CompilerCore/Stdlib/kotlinx/io/Buffer.kt:157;Sources/CompilerCore/Stdlib/kotlinx/io/Sink.kt:81;Sources/CompilerCore/Stdlib/kotlinx/io/RealSink.kt:98	none	unverified	KUU-1730	in-scope JVM ABI and Java interoperability	JVM entry class line 132; source line: public fun hintEmit(); generated kind: source
jvm-f2d299b28dbccbfe	core	JVM public ABI dump	JVM	function	yes	kotlinx/io/Buffer	toString	public fun toString ()Ljava/lang/String;	n/a	OptIn	none	not-declared-in-source	core/common/src/Buffer.kt:558	klib-b375c9addf24d27c	core/common/test/CommonBufferTest.kt#bufferToString;core/jvm/test/BufferTest.kt#suite-reference	Sources/CompilerCore/Stdlib/kotlinx/io/Buffer.kt:577;Sources/CompilerCore/Stdlib/kotlinx/io/JvmCore.kt:41;Sources/CompilerCore/Stdlib/kotlinx/io/JvmCore.kt:72;Sources/CompilerCore/Stdlib/kotlinx/io/RealSink.kt:143;Sources/CompilerCore/Stdlib/kotlinx/io/RealSource.kt:139;Sources/CompilerCore/Stdlib/kotlinx/io/bytestring/ByteString.kt:66;Sources/CompilerCore/Stdlib/kotlinx/io/files/Paths.kt:44;Sources/CompilerCore/Stdlib/kotlinx/io/files/FileSystem.kt:31;Sources/CompilerCore/Stdlib/kotlinx/io/files/FileSystem.kt:45;Sources/CompilerCore/Stdlib/kotlinx/io/files/FileSystem.kt:55;Sources/CompilerCore/Stdlib/kotlinx/io/files/FileSystem.kt:98;Sources/CompilerCore/Stdlib/kotlinx/io/files/FileSystem.kt:134	Tests/CompilerCoreTests/Sema/KotlinxIOByteStringSurfaceTests.swift;Tests/CompilerBackendTests/Integration/BundledStdlibExecutionTests+ByteString.swift;Tests/CompilerBackendTests/Integration/BundledStdlibExecutionTests+ByteStringCodec.swift	unverified	KUU-1729	in-scope JVM ABI and Java interoperability	JVM entry class line 33; source line: override fun toString(): String {; generated kind: source
jvm-f36bac54d2706e09	core	JVM public ABI dump	JVM	function	yes	kotlinx/io/SourcesKt	readULongLe	public static final fun readULongLe (Lkotlinx/io/Source;)J	n/a	none	none	@throws EOFException when there are not enough data to read an unsigned long value.; @throws IllegalStateException when the source is closed.; @throws IOException when some I/O error occurs.	core/common/src/Sources.kt:388		core/common/test/AbstractSourceTest.kt#suite-reference;core/common/test/CommonRealSourceTest.kt#suite-reference	Sources/CompilerCore/Stdlib/kotlinx/io/Sources.kt:152	none	unverified	KUU-1731	in-scope JVM ABI and Java interoperability	JVM entry class line 216; source line: public fun Source.readULongLe(): ULong = readLongLe().toULong(); generated kind: source
jvm-f48ec015844f81c7	core	JVM public ABI dump	JVM	function	yes	kotlinx/io/Buffer	flush	public fun flush ()V	n/a	none	none	not-declared-in-source	core/common/src/Buffer.kt:186	klib-c69fb04271e9017f	core/common/test/CommonBufferTest.kt#suite-reference;core/jvm/test/BufferTest.kt#suite-reference	Sources/CompilerCore/Stdlib/kotlinx/io/Buffer.kt:167;Sources/CompilerCore/Stdlib/kotlinx/io/JvmCore.kt:37;Sources/CompilerCore/Stdlib/kotlinx/io/RawSink.kt:23;Sources/CompilerCore/Stdlib/kotlinx/io/Sink.kt:71;Sources/CompilerCore/Stdlib/kotlinx/io/RealSink.kt:110;Sources/CompilerCore/Stdlib/kotlinx/io/Core.kt:30;Sources/CompilerCore/Stdlib/kotlinx/io/files/FileSystem.kt:124	none	unverified	KUU-1729	in-scope JVM ABI and Java interoperability	JVM entry class line 10; source line: override fun flush(): Unit = Unit; generated kind: source
jvm-f4f1bc70601b0f2e	core	JVM public ABI dump	JVM	interface	yes	kotlinx/io/unsafe/BufferIterationContext	BufferIterationContext	public abstract interface class kotlinx/io/unsafe/BufferIterationContext : kotlinx/io/unsafe/SegmentReadContext {	n/a	UnsafeIoApi	none	not-declared-in-source	core/common/src/unsafe/UnsafeBufferOperations.kt:519	klib-3f0132b282858278	core/common/test/unsafe/UnsafeBufferOperationsForEachTest.kt#suite-reference;core/common/test/unsafe/UnsafeBufferOperationsIterationTest.kt#suite-reference;core/common/test/unsafe/UnsafeBufferOperationsMoveTest.kt#suite-reference;core/common/test/unsafe/UnsafeBufferOperationsReadTest.kt#suite-reference;core/common/test/unsafe/UnsafeBufferOperationsWriteTest.kt#suite-reference	Sources/CompilerCore/Stdlib/kotlinx/io/unsafe/UnsafeBufferOperations.kt:522	none	unverified	KUU-1729	in-scope JVM ABI and Java interoperability	JVM entry class line 292; source line: public interface BufferIterationContext : SegmentReadContext {; generated kind: source
jvm-f626c411f27cab18	core	JVM public ABI dump	JVM	JVM file facade	no	kotlinx/io/unsafe/UnsafeBufferOperationsJvmKt	UnsafeBufferOperationsJvmKt	public final class kotlinx/io/unsafe/UnsafeBufferOperationsJvmKt {	n/a	none	none	not-declared-in-source	source declaration not found by name		core/common/test/AbstractSourceTest.kt#suite-reference;core/common/test/AbstractSinkTest.kt#suite-reference	none	none	unverified	KUU-1729	in-scope JVM ABI and Java interoperability	JVM entry class line 321; source line: ; generated kind: JVM file facade; generated JVM ABI presence cannot be established from Kotlin source-name matching alone
jvm-f62b571639841c34	core	JVM public ABI dump	JVM	function	yes	kotlinx/io/SourcesJvmKt	readString	public static final fun readString (Lkotlinx/io/Source;Ljava/nio/charset/Charset;)Ljava/lang/String;	n/a	OptIn	none	@throws IllegalStateException when the source is closed.; @throws IOException when some I/O error occurs.	core/jvm/src/SourcesJvm.kt:64;core/jvm/src/SourcesJvm.kt:86		core/jvm/test/NioTest.kt#suite-reference;core/jvm/test/AbstractSourceTestJVM.kt#readStringTooShortThrows	Sources/CompilerCore/Stdlib/kotlinx/io/SourcesJvm.kt:17;Sources/CompilerCore/Stdlib/kotlinx/io/SourcesJvm.kt:23;Sources/CompilerCore/Stdlib/kotlinx/io/Utf8.kt:40;Sources/CompilerCore/Stdlib/kotlinx/io/Utf8.kt:45;Sources/CompilerCore/Stdlib/kotlinx/io/Utf8.kt:47	Tests/CompilerBackendTests/Integration/BundledStdlibExecutionTests+KtorIOCoverage.swift	unverified	KUU-1725	in-scope JVM ABI and Java interoperability	JVM entry class line 193; source line: public fun Source.readString(charset: Charset): String {; generated kind: source
jvm-f6bcd3cd68148c1c	core	JVM public ABI dump	JVM	function	yes	kotlinx/io/BuffersKt	indexOf	public static final fun indexOf (Lkotlinx/io/Buffer;BJJ)J	n/a	none	none	@throws IllegalStateException when the source is closed.; @throws IllegalArgumentException when `startIndex > endIndex` or either of indices is negative.	core/common/src/Buffers.kt:46		core/common/test/CommonBufferTest.kt#indexOfWithOffset;core/common/test/CommonBufferTest.kt#indexOfByteString;core/jvm/test/BufferTest.kt#suite-reference	Sources/CompilerCore/Stdlib/kotlinx/io/Buffer.kt:263;Sources/CompilerCore/Stdlib/kotlinx/io/ByteStrings.kt:59;Sources/CompilerCore/Stdlib/kotlinx/io/ByteStrings.kt:77;Sources/CompilerCore/Stdlib/kotlinx/io/Sources.kt:83;Sources/CompilerCore/Stdlib/kotlinx/io/Buffers.kt:44;Sources/CompilerCore/Stdlib/kotlinx/io/Segment.kt:417;Sources/CompilerCore/Stdlib/kotlinx/io/bytestring/ByteString.kt:126;Sources/CompilerCore/Stdlib/kotlinx/io/bytestring/ByteString.kt:135;Sources/CompilerCore/Stdlib/kotlinx/io/bytestring/ByteString.kt:138	Tests/CompilerBackendTests/Integration/BundledStdlibExecutionTests+ByteString.swift	unverified	KUU-1729	in-scope JVM ABI and Java interoperability	JVM entry class line 63; source line: public fun Buffer.indexOf(byte: Byte, startIndex: Long = 0, endIndex: Long = size): Long {; generated kind: source
jvm-f7053c9293f03a10	core	JVM public ABI dump	JVM	default/synthetic bridge	no	kotlinx/io/Segment	dataAsByteArray	public final synthetic fun dataAsByteArray (Z)[B	n/a	JvmSynthetic,PublishedApi,Suppress	none	not-declared-in-source	core/common/src/Segment.kt:377	klib-952eb71e7667983b	core/common/test/AbstractSourceTest.kt#suite-reference;core/common/test/AbstractSinkTest.kt#suite-reference	Sources/CompilerCore/Stdlib/kotlinx/io/Segment.kt:354	none	unverified	KUU-1729	in-scope JVM ABI and Java interoperability	JVM entry class line 110; source line: internal fun dataAsByteArray(readOnly: Boolean): ByteArray = data; generated kind: default/synthetic bridge; generated JVM ABI presence cannot be established from Kotlin source-name matching alone
jvm-f7149091543e4d8d	core	JVM public ABI dump	JVM	function	yes	kotlinx/io/ByteStringsKt	indexOf	public static final fun indexOf (Lkotlinx/io/Buffer;Lkotlinx/io/bytestring/ByteString;J)J	n/a	OptIn	none	@throws IllegalStateException if the source is closed.; @throws IOException when some I/O error occurs.	core/common/src/ByteStrings.kt:102;core/common/src/ByteStrings.kt:138		core/common/test/AbstractSourceTest.kt#indexOf;core/common/test/AbstractSourceTest.kt#indexOfByteWithStartOffset;core/common/test/AbstractSourceTest.kt#indexOfByteWithIndices;core/common/test/AbstractSourceTest.kt#indexOfByteInvalidBoundsThrows;core/common/test/AbstractSourceTest.kt#indexOfByteWithFromIndex;core/common/test/AbstractSourceTest.kt#indexOfByteString;core/common/test/AbstractSourceTest.kt#indexOfByteStringAtSegmentBoundary;core/common/test/AbstractSourceTest.kt#indexOfDoesNotWrapAround;core/common/test/AbstractSinkTest.kt#suite-reference;core/common/test/CommonBufferTest.kt#indexOfWithOffset;core/common/test/CommonBufferTest.kt#indexOfByteString	Sources/CompilerCore/Stdlib/kotlinx/io/Buffer.kt:263;Sources/CompilerCore/Stdlib/kotlinx/io/ByteStrings.kt:59;Sources/CompilerCore/Stdlib/kotlinx/io/ByteStrings.kt:77;Sources/CompilerCore/Stdlib/kotlinx/io/Sources.kt:83;Sources/CompilerCore/Stdlib/kotlinx/io/Buffers.kt:44;Sources/CompilerCore/Stdlib/kotlinx/io/Segment.kt:417;Sources/CompilerCore/Stdlib/kotlinx/io/bytestring/ByteString.kt:126;Sources/CompilerCore/Stdlib/kotlinx/io/bytestring/ByteString.kt:135;Sources/CompilerCore/Stdlib/kotlinx/io/bytestring/ByteString.kt:138	Tests/CompilerBackendTests/Integration/BundledStdlibExecutionTests+ByteString.swift	unverified	KUU-1729	in-scope JVM ABI and Java interoperability	JVM entry class line 69; source line: public fun Source.indexOf(byteString: ByteString, startIndex: Long = 0): Long {; generated kind: source
jvm-f77d76d2b99f69b0	core	JVM public ABI dump	JVM	published internal accessor	no	kotlinx/io/Segment	setPos	public final synthetic fun setPos (I)V	n/a	PublishedApi	none	not-declared-in-source	core/common/src/Segment.kt:88;core/common/src/Segment.kt:281;core/common/src/Segment.kt:289;core/common/src/Segment.kt:302	klib-f7ad84e0edfb56d8;klib-adb895c199d56841;klib-6af55985ca8a3f6d	core/common/test/AbstractSourceTest.kt#suite-reference;core/common/test/AbstractSinkTest.kt#suite-reference	Sources/CompilerCore/Stdlib/kotlinx/io/Segment.kt:71;Sources/CompilerCore/Stdlib/kotlinx/io/Segment.kt:257;Sources/CompilerCore/Stdlib/kotlinx/io/Segment.kt:265;Sources/CompilerCore/Stdlib/kotlinx/io/Segment.kt:280;Sources/CompilerCore/Stdlib/kotlinx/io/PeekSource.kt:28	none	unverified	KUU-1729	in-scope JVM ABI and Java interoperability	JVM entry class line 119; source line: internal var pos: Int = 0; generated kind: published internal accessor; generated JVM ABI presence cannot be established from Kotlin source-name matching alone
jvm-f8c529b67df6423d	core	JVM public ABI dump	JVM	Kotlin property getter/setter	no	kotlinx/io/unsafe/UnsafeBufferOperationsKt	getSegmentReadContextImpl	public static final synthetic fun getSegmentReadContextImpl ()Lkotlinx/io/unsafe/SegmentReadContext;	n/a	PublishedApi,UnsafeIoApi	none	not-declared-in-source	core/common/src/unsafe/UnsafeBufferOperations.kt:534		core/common/test/unsafe/UnsafeBufferOperationsForEachTest.kt#suite-reference;core/common/test/unsafe/UnsafeBufferOperationsIterationTest.kt#suite-reference;core/common/test/unsafe/UnsafeBufferOperationsMoveTest.kt#suite-reference;core/common/test/unsafe/UnsafeBufferOperationsReadTest.kt#suite-reference;core/common/test/unsafe/UnsafeBufferOperationsWriteTest.kt#suite-reference	none	none	unverified	KUU-1729	in-scope JVM ABI and Java interoperability	JVM entry class line 329; source line: internal val SegmentReadContextImpl: SegmentReadContext = object : SegmentReadContext {; generated kind: Kotlin property getter/setter; generated JVM ABI presence cannot be established from Kotlin source-name matching alone
jvm-f8d085329509298b	core	JVM public ABI dump	JVM	interface	yes	kotlinx/io/RawSource	RawSource	public abstract interface class kotlinx/io/RawSource : java/lang/AutoCloseable {	n/a	none	none	not-declared-in-source	core/common/src/RawSource.kt:42	klib-55dcad01b8bc6432	core/common/test/AbstractSourceTest.kt#suite-reference;core/common/test/CommonRealSourceTest.kt#suite-reference	Sources/CompilerCore/Stdlib/kotlinx/io/RawSource.kt:12	none	unverified	KUU-1730	in-scope JVM ABI and Java interoperability	JVM entry class line 103; source line: public interface RawSource : AutoCloseable {; generated kind: source
jvm-f93499a1c5e75f12	core	JVM public ABI dump	JVM	function	yes	kotlinx/io/Buffer	get	public final fun get (J)B	n/a	none	none	@throws IndexOutOfBoundsException when [position] is negative or greater or equal to [Buffer.size].	core/common/src/Buffer.kt:263	klib-28ad704738de4392	core/common/test/CommonBufferTest.kt#getByteOfEmptyBuffer;core/common/test/CommonBufferTest.kt#getByteByInvalidIndex;core/common/test/CommonBufferTest.kt#copyToSourceAndTargetCanBeTheSame;core/common/test/CommonBufferTest.kt#copyToEmptyTarget;core/jvm/test/BufferTest.kt#suite-reference	Sources/CompilerCore/Stdlib/kotlinx/io/Buffer.kt:244;Sources/CompilerCore/Stdlib/kotlinx/io/Sources.kt:157;Sources/CompilerCore/Stdlib/kotlinx/io/bytestring/ByteString.kt:23	Tests/RuntimeTests/RuntimeIoFileSystemTests.swift	unverified	KUU-1729	in-scope JVM ABI and Java interoperability	JVM entry class line 11; source line: public operator fun get(position: Long): Byte {; generated kind: source
jvm-fa434709385784cd	core	JVM public ABI dump	JVM	function	yes	kotlinx/io/SinksKt	writeShortLe	public static final fun writeShortLe (Lkotlinx/io/Sink;S)V	n/a	none	none	@throws IllegalStateException when the sink is closed.; @throws IOException when some I/O error occurs.	core/common/src/Sinks.kt:27		core/common/test/AbstractSinkTest.kt#writeShortLe;core/common/test/CommonRealSinkTest.kt#suite-reference	Sources/CompilerCore/Stdlib/kotlinx/io/Sinks.kt:39	none	unverified	KUU-1731	in-scope JVM ABI and Java interoperability	JVM entry class line 160; source line: public fun Sink.writeShortLe(short: Short) {; generated kind: source
jvm-fa7bf8ebed5bf8aa	core	JVM public ABI dump	JVM	function	yes	kotlinx/io/unsafe/SegmentWriteContext	setUnchecked	public abstract fun setUnchecked (Lkotlinx/io/Segment;IBBBB)V	n/a	JvmSynthetic,OptIn,UnsafeIoApi	none	not-declared-in-source	core/common/src/unsafe/UnsafeBufferOperations.kt:456;core/common/src/unsafe/UnsafeBufferOperations.kt:473;core/common/src/unsafe/UnsafeBufferOperations.kt:491;core/common/src/unsafe/UnsafeBufferOperations.kt:512;core/common/src/unsafe/UnsafeBufferOperations.kt:542;core/common/src/unsafe/UnsafeBufferOperations.kt:546;core/common/src/unsafe/UnsafeBufferOperations.kt:550;core/common/src/unsafe/UnsafeBufferOperations.kt:554	klib-b8615ffaceb2162f;klib-fdb3da4587313f8c;klib-f570c311693d6703;klib-122a0905894ba00e	core/common/test/unsafe/UnsafeBufferOperationsForEachTest.kt#suite-reference;core/common/test/unsafe/UnsafeBufferOperationsIterationTest.kt#suite-reference;core/common/test/unsafe/UnsafeBufferOperationsMoveTest.kt#suite-reference;core/common/test/unsafe/UnsafeBufferOperationsReadTest.kt#suite-reference;core/common/test/unsafe/UnsafeBufferOperationsWriteTest.kt#suite-reference	Sources/CompilerCore/Stdlib/kotlinx/io/Segment.kt:370;Sources/CompilerCore/Stdlib/kotlinx/io/Segment.kt:374;Sources/CompilerCore/Stdlib/kotlinx/io/Segment.kt:381;Sources/CompilerCore/Stdlib/kotlinx/io/Segment.kt:389;Sources/CompilerCore/Stdlib/kotlinx/io/unsafe/UnsafeBufferOperations.kt:459;Sources/CompilerCore/Stdlib/kotlinx/io/unsafe/UnsafeBufferOperations.kt:476;Sources/CompilerCore/Stdlib/kotlinx/io/unsafe/UnsafeBufferOperations.kt:494;Sources/CompilerCore/Stdlib/kotlinx/io/unsafe/UnsafeBufferOperations.kt:515;Sources/CompilerCore/Stdlib/kotlinx/io/unsafe/UnsafeBufferOperations.kt:543;Sources/CompilerCore/Stdlib/kotlinx/io/unsafe/UnsafeBufferOperations.kt:547;Sources/CompilerCore/Stdlib/kotlinx/io/unsafe/UnsafeBufferOperations.kt:551;Sources/CompilerCore/Stdlib/kotlinx/io/unsafe/UnsafeBufferOperations.kt:555	none	unverified	KUU-1729	in-scope JVM ABI and Java interoperability	JVM entry class line 304; source line: public fun setUnchecked(segment: Segment, offset: Int, value: Byte); generated kind: source
jvm-ff3de7f8d455d172	core	JVM public ABI dump	JVM	default/synthetic bridge	no	kotlinx/io/ByteStringsKt	write$default	public static synthetic fun write$default (Lkotlinx/io/Sink;Lkotlinx/io/bytestring/ByteString;IIILjava/lang/Object;)V	n/a	OptIn	none	@throws IndexOutOfBoundsException when [startIndex] or [endIndex] is out of range of [byteString] indices.; @throws IllegalArgumentException when `startIndex > endIndex`.; @throws IllegalStateException if the sink is closed.; @throws IOException when some I/O error occurs.	core/common/src/ByteStrings.kt:31		core/common/test/AbstractSourceTest.kt#suite-reference;core/common/test/AbstractSinkTest.kt#writeByteArray;core/common/test/AbstractSinkTest.kt#writeNothing;core/common/test/AbstractSinkTest.kt#writeByte;core/common/test/AbstractSinkTest.kt#writeBytes;core/common/test/AbstractSinkTest.kt#writeLastByteInSegment;core/common/test/AbstractSinkTest.kt#writeShort;core/common/test/AbstractSinkTest.kt#writeShorts;core/common/test/AbstractSinkTest.kt#writeShortLe;core/common/test/CommonBufferTest.kt#readAndWriteUtf8;core/common/test/CommonBufferTest.kt#writeSplitSourceBufferLeft;core/common/test/CommonBufferTest.kt#writeSplitSourceBufferRight;core/common/test/CommonBufferTest.kt#writePrefixDoesntSplit;core/common/test/CommonBufferTest.kt#writePrefixDoesntSplitButRequiresCompact;core/common/test/CommonBufferTest.kt#writeSourceWithNegativeNumberOfBytes;core/common/test/CommonBufferTest.kt#writePrefixToEmptyBuffer;core/common/test/CommonBufferTest.kt#readAllWritesAllSegmentsAtOnce	Sources/CompilerCore/Stdlib/kotlinx/io/Buffer.kt:384;Sources/CompilerCore/Stdlib/kotlinx/io/Buffer.kt:388;Sources/CompilerCore/Stdlib/kotlinx/io/Buffer.kt:392;Sources/CompilerCore/Stdlib/kotlinx/io/Buffer.kt:404;Sources/CompilerCore/Stdlib/kotlinx/io/Buffer.kt:419;Sources/CompilerCore/Stdlib/kotlinx/io/JvmCore.kt:25;Sources/CompilerCore/Stdlib/kotlinx/io/ByteStrings.kt:16;Sources/CompilerCore/Stdlib/kotlinx/io/RawSink.kt:18;Sources/CompilerCore/Stdlib/kotlinx/io/Segment.kt:321;Sources/CompilerCore/Stdlib/kotlinx/io/Sink.kt:24;Sources/CompilerCore/Stdlib/kotlinx/io/Sink.kt:29;Sources/CompilerCore/Stdlib/kotlinx/io/Sink.kt:35;Sources/CompilerCore/Stdlib/kotlinx/io/Sink.kt:46;Sources/CompilerCore/Stdlib/kotlinx/io/RealSink.kt:22;Sources/CompilerCore/Stdlib/kotlinx/io/RealSink.kt:29;Sources/CompilerCore/Stdlib/kotlinx/io/RealSink.kt:33;Sources/CompilerCore/Stdlib/kotlinx/io/RealSink.kt:37;Sources/CompilerCore/Stdlib/kotlinx/io/RealSink.kt:56;Sources/CompilerCore/Stdlib/kotlinx/io/Core.kt:26;Sources/CompilerCore/Stdlib/kotlinx/io/files/FileSystem.kt:105	Tests/CompilerBackendTests/Integration/BundledStdlibExecutionTests+KtorIOCoverage.swift;Tests/RuntimeTests/RuntimeIoFileSystemTests.swift	unverified	KUU-1725	in-scope JVM ABI and Java interoperability	JVM entry class line 76; source line: public fun Sink.write(byteString: ByteString, startIndex: Int = 0, endIndex: Int = byteString.size) {; generated kind: default/synthetic bridge; generated JVM ABI presence cannot be established from Kotlin source-name matching alone
jvm-ffdb0d2028ba3065	core	JVM public ABI dump	JVM	function	yes	kotlinx/io/files/PathsKt	Path	public static final fun Path (Ljava/lang/String;[Ljava/lang/String;)Lkotlinx/io/files/Path;	n/a	none	none	not-declared-in-source	core/common/src/files/Paths.kt:75;core/common/src/files/Paths.kt:80;core/common/src/files/Paths.kt:96		core/common/test/files/SmokeFileTest.kt#pathParent;core/common/test/files/SmokeFileTest.kt#pathConcat;core/common/test/files/SmokeFileTest.kt#pathEquality;core/common/test/files/UtilsTest.kt#testPathTrimmingUnix;core/common/test/files/UtilsTest.kt#testPathTrimmingWindows	Sources/CompilerCore/Stdlib/kotlinx/io/files/Paths.kt:58;Sources/CompilerCore/Stdlib/kotlinx/io/files/Paths.kt:65;Sources/CompilerCore/Stdlib/kotlinx/io/files/Paths.kt:77;Sources/CompilerCore/Stdlib/kotlinx/io/files/FileSystem.kt:55	Tests/CompilerCoreTests/Sema/KotlinxIOPathSourceTests.swift;Tests/CompilerBackendTests/Integration/BundledStdlibExecutionTests+KtorIOCoverage.swift;Tests/RuntimeTests/RuntimeIoFileSystemTests.swift	unverified	KUU-1725	in-scope JVM ABI and Java interoperability	JVM entry class line 286; source line: public expect fun Path(path: String): Path; generated kind: source
klib-001cc19c43da51fc	core	Kotlin source API / KLIB dump	common	function	yes	kotlinx.io	indexOf	final fun (kotlinx.io/Source).kotlinx.io/indexOf(kotlin/Byte, kotlin/Long = ..., kotlin/Long = ...): kotlin/Long	2	none	none	@throws IllegalStateException when the source is closed.; @throws IllegalArgumentException when `startIndex > endIndex` or either of indices is negative.	core/common/src/Buffers.kt:46;core/common/src/ByteStrings.kt:102;core/common/src/ByteStrings.kt:138;core/common/src/Segment.kt:443;core/common/src/Sources.kt:207	jvm-f6bcd3cd68148c1c;jvm-29a01d1deaf3b966;jvm-f7149091543e4d8d;jvm-c8fed085c1043658;jvm-32ddc189d171b174;jvm-b88878973d5558f7;jvm-e66e0d9e9c4f3788;jvm-5c5fb6c81ee3a3b9	core/common/test/CommonBufferTest.kt#indexOfWithOffset;core/common/test/CommonBufferTest.kt#indexOfByteString;core/jvm/test/BufferTest.kt#suite-reference;core/common/test/AbstractSourceTest.kt#indexOf;core/common/test/AbstractSourceTest.kt#indexOfByteWithStartOffset;core/common/test/AbstractSourceTest.kt#indexOfByteWithIndices;core/common/test/AbstractSourceTest.kt#indexOfByteInvalidBoundsThrows;core/common/test/AbstractSourceTest.kt#indexOfByteWithFromIndex;core/common/test/AbstractSourceTest.kt#indexOfByteString;core/common/test/AbstractSourceTest.kt#indexOfByteStringAtSegmentBoundary;core/common/test/AbstractSourceTest.kt#indexOfDoesNotWrapAround;core/common/test/AbstractSinkTest.kt#suite-reference;core/common/test/CommonRealSourceTest.kt#indexOfStopsReadingAtLimit	Sources/CompilerCore/Stdlib/kotlinx/io/Buffer.kt:263;Sources/CompilerCore/Stdlib/kotlinx/io/ByteStrings.kt:59;Sources/CompilerCore/Stdlib/kotlinx/io/ByteStrings.kt:77;Sources/CompilerCore/Stdlib/kotlinx/io/Sources.kt:83;Sources/CompilerCore/Stdlib/kotlinx/io/Buffers.kt:44;Sources/CompilerCore/Stdlib/kotlinx/io/Segment.kt:417;Sources/CompilerCore/Stdlib/kotlinx/io/bytestring/ByteString.kt:126;Sources/CompilerCore/Stdlib/kotlinx/io/bytestring/ByteString.kt:135;Sources/CompilerCore/Stdlib/kotlinx/io/bytestring/ByteString.kt:138	Tests/CompilerBackendTests/Integration/BundledStdlibExecutionTests+ByteString.swift	unverified	KUU-1729	in-scope common/native API	KLIB declaration key: kotlinx.io/indexOf|indexOf@kotlinx.io.Source(kotlin.Byte;kotlin.Long;kotlin.Long){}; source declaration line: public fun Buffer.indexOf(byte: Byte, startIndex: Long = 0, endIndex: Long = size): Long {; default expressions are preserved in the pinned source snapshot
klib-00fa8d5d9f11e43f	core	Kotlin source API / KLIB dump	common	function	yes	kotlinx.io/Sink	write	abstract fun write(kotlin/ByteArray, kotlin/Int = ..., kotlin/Int = ...)	2	none	none	@throws IndexOutOfBoundsException when [startIndex] or [endIndex] is out of range of [source] array indices.; @throws IllegalArgumentException when `startIndex > endIndex`.; @throws IllegalStateException when the sink is closed.; @throws IOException when some I/O error occurs.	core/common/src/Sink.kt:88;core/common/src/Sink.kt:119	jvm-3f92c68ad1407581;jvm-80721eae2eec84ea;jvm-03ad4cbeb43abc13	core/common/test/AbstractSinkTest.kt#writeByteArray;core/common/test/AbstractSinkTest.kt#writeNothing;core/common/test/AbstractSinkTest.kt#writeByte;core/common/test/AbstractSinkTest.kt#writeBytes;core/common/test/AbstractSinkTest.kt#writeLastByteInSegment;core/common/test/AbstractSinkTest.kt#writeShort;core/common/test/AbstractSinkTest.kt#writeShorts;core/common/test/AbstractSinkTest.kt#writeShortLe;core/common/test/CommonRealSinkTest.kt#writeAll;core/common/test/CommonRealSinkTest.kt#writeAllExhausted;core/common/test/CommonRealSinkTest.kt#writeAllWritesOneSegmentAtATime	Sources/CompilerCore/Stdlib/kotlinx/io/Buffer.kt:384;Sources/CompilerCore/Stdlib/kotlinx/io/Buffer.kt:388;Sources/CompilerCore/Stdlib/kotlinx/io/Buffer.kt:392;Sources/CompilerCore/Stdlib/kotlinx/io/Buffer.kt:404;Sources/CompilerCore/Stdlib/kotlinx/io/Buffer.kt:419;Sources/CompilerCore/Stdlib/kotlinx/io/JvmCore.kt:25;Sources/CompilerCore/Stdlib/kotlinx/io/ByteStrings.kt:16;Sources/CompilerCore/Stdlib/kotlinx/io/RawSink.kt:18;Sources/CompilerCore/Stdlib/kotlinx/io/Segment.kt:321;Sources/CompilerCore/Stdlib/kotlinx/io/Sink.kt:24;Sources/CompilerCore/Stdlib/kotlinx/io/Sink.kt:29;Sources/CompilerCore/Stdlib/kotlinx/io/Sink.kt:35;Sources/CompilerCore/Stdlib/kotlinx/io/Sink.kt:46;Sources/CompilerCore/Stdlib/kotlinx/io/RealSink.kt:22;Sources/CompilerCore/Stdlib/kotlinx/io/RealSink.kt:29;Sources/CompilerCore/Stdlib/kotlinx/io/RealSink.kt:33;Sources/CompilerCore/Stdlib/kotlinx/io/RealSink.kt:37;Sources/CompilerCore/Stdlib/kotlinx/io/RealSink.kt:56;Sources/CompilerCore/Stdlib/kotlinx/io/Core.kt:26;Sources/CompilerCore/Stdlib/kotlinx/io/files/FileSystem.kt:105	Tests/CompilerBackendTests/Integration/BundledStdlibExecutionTests+KtorIOCoverage.swift;Tests/RuntimeTests/RuntimeIoFileSystemTests.swift	unverified	KUU-1725	in-scope common/native API	KLIB declaration key: kotlinx.io/Sink.write|write(kotlin.ByteArray;kotlin.Int;kotlin.Int){}; source declaration line: public fun write(source: ByteArray, startIndex: Int = 0, endIndex: Int = source.size); default expressions are preserved in the pinned source snapshot
klib-0232231390a7139a	core	Kotlin source API / KLIB dump	common	function	yes	kotlinx.io/Sink	emit	abstract fun emit()	0	none	none	@throws IllegalStateException when the sink is closed.; @throws IOException when some I/O error occurs.	core/common/src/Sink.kt:192	jvm-9f951b05605342ba	core/common/test/AbstractSinkTest.kt#closeEmitsBufferedBytes;core/common/test/CommonRealSinkTest.kt#bufferedSinkEmitsTailWhenItIsComplete;core/common/test/CommonRealSinkTest.kt#bufferedSinkEmitMultipleSegments;core/common/test/CommonRealSinkTest.kt#bytesEmittedToSinkWithFlush;core/common/test/CommonRealSinkTest.kt#bytesNotEmittedToSinkWithoutFlush;core/common/test/CommonRealSinkTest.kt#bytesEmittedToSinkWithEmit;core/common/test/CommonRealSinkTest.kt#completeSegmentsEmitted;core/common/test/CommonRealSinkTest.kt#incompleteSegmentsNotEmitted	Sources/CompilerCore/Stdlib/kotlinx/io/Buffer.kt:162;Sources/CompilerCore/Stdlib/kotlinx/io/Sink.kt:76;Sources/CompilerCore/Stdlib/kotlinx/io/RealSink.kt:104	none	unverified	KUU-1730	in-scope common/native API	KLIB declaration key: kotlinx.io/Sink.emit|emit(){}; source declaration line: public fun emit()
klib-02a8d87ce59d3a09	core	Kotlin source API / KLIB dump	common	function	yes	kotlinx.io/Buffer	readInt	final fun readInt(): kotlin/Int	0	none	none	not-declared-in-source	core/common/src/Buffer.kt:128	jvm-2485ebcc0a781189	core/common/test/CommonBufferTest.kt#suite-reference;core/jvm/test/BufferTest.kt#suite-reference	Sources/CompilerCore/Stdlib/kotlinx/io/Buffer.kt:109;Sources/CompilerCore/Stdlib/kotlinx/io/Sources.kt:11;Sources/CompilerCore/Stdlib/kotlinx/io/Sources.kt:148;Sources/CompilerCore/Stdlib/kotlinx/io/Sources.kt:153;Sources/CompilerCore/Stdlib/kotlinx/io/Source.kt:46;Sources/CompilerCore/Stdlib/kotlinx/io/Segment.kt:263;Sources/CompilerCore/Stdlib/kotlinx/io/RealSource.kt:100	none	unverified	KUU-1729	in-scope common/native API	KLIB declaration key: kotlinx.io/Buffer.readInt|readInt(){}; source declaration line: override fun readInt(): Int {
klib-02d81927a9ec9ccf	core	Kotlin source API / KLIB dump	common	function	yes	kotlinx.io/RawSink	write	abstract fun write(kotlinx.io/Buffer, kotlin/Long)	0	none	none	@throws IllegalArgumentException when the [source]'s size is below [byteCount] or [byteCount] is negative.; @throws IllegalStateException when the sink is closed.; @throws IOException when some I/O error occurs.	core/common/src/RawSink.kt:53;core/jvm/src/RawSink.kt:28;core/native/src/RawSink.kt:24;core/js/src/RawSink.kt:9;core/wasm/src/RawSink.kt:9	jvm-ecfc9c165f858c64	core/common/test/AbstractSinkTest.kt#writeByteArray;core/common/test/AbstractSinkTest.kt#writeNothing;core/common/test/AbstractSinkTest.kt#writeByte;core/common/test/AbstractSinkTest.kt#writeBytes;core/common/test/AbstractSinkTest.kt#writeLastByteInSegment;core/common/test/AbstractSinkTest.kt#writeShort;core/common/test/AbstractSinkTest.kt#writeShorts;core/common/test/AbstractSinkTest.kt#writeShortLe;core/common/test/CommonRealSinkTest.kt#writeAll;core/common/test/CommonRealSinkTest.kt#writeAllExhausted;core/common/test/CommonRealSinkTest.kt#writeAllWritesOneSegmentAtATime	Sources/CompilerCore/Stdlib/kotlinx/io/Buffer.kt:384;Sources/CompilerCore/Stdlib/kotlinx/io/Buffer.kt:388;Sources/CompilerCore/Stdlib/kotlinx/io/Buffer.kt:392;Sources/CompilerCore/Stdlib/kotlinx/io/Buffer.kt:404;Sources/CompilerCore/Stdlib/kotlinx/io/Buffer.kt:419;Sources/CompilerCore/Stdlib/kotlinx/io/JvmCore.kt:25;Sources/CompilerCore/Stdlib/kotlinx/io/ByteStrings.kt:16;Sources/CompilerCore/Stdlib/kotlinx/io/RawSink.kt:18;Sources/CompilerCore/Stdlib/kotlinx/io/Segment.kt:321;Sources/CompilerCore/Stdlib/kotlinx/io/Sink.kt:24;Sources/CompilerCore/Stdlib/kotlinx/io/Sink.kt:29;Sources/CompilerCore/Stdlib/kotlinx/io/Sink.kt:35;Sources/CompilerCore/Stdlib/kotlinx/io/Sink.kt:46;Sources/CompilerCore/Stdlib/kotlinx/io/RealSink.kt:22;Sources/CompilerCore/Stdlib/kotlinx/io/RealSink.kt:29;Sources/CompilerCore/Stdlib/kotlinx/io/RealSink.kt:33;Sources/CompilerCore/Stdlib/kotlinx/io/RealSink.kt:37;Sources/CompilerCore/Stdlib/kotlinx/io/RealSink.kt:56;Sources/CompilerCore/Stdlib/kotlinx/io/Core.kt:26;Sources/CompilerCore/Stdlib/kotlinx/io/files/FileSystem.kt:105	Tests/CompilerBackendTests/Integration/BundledStdlibExecutionTests+KtorIOCoverage.swift;Tests/RuntimeTests/RuntimeIoFileSystemTests.swift	unverified	KUU-1729	in-scope common/native API	KLIB declaration key: kotlinx.io/RawSink.write|write(kotlinx.io.Buffer;kotlin.Long){}; source declaration line: public fun write(source: Buffer, byteCount: Long)
klib-02fc8b652c26a1a7	core	Kotlin source API / KLIB dump	common	constructor	yes	kotlinx.io/Buffer	<init>	constructor <init>()	0	none	none	not-declared-in-source	core/common/src/Buffer.kt:51;core/nodeFilesystemShared/src/node/buffer.kt:19	jvm-586a8185b5a9d20b;jvm-9ea7377f9ea4a308	core/common/test/CommonBufferTest.kt#bufferToString;core/common/test/CommonBufferTest.kt#multipleSegmentBuffers;core/common/test/CommonBufferTest.kt#moveBytesBetweenBuffersShareSegment;core/common/test/CommonBufferTest.kt#moveBytesBetweenBuffersReassignSegment;core/common/test/CommonBufferTest.kt#moveBytesBetweenBuffersMultipleSegments;core/common/test/CommonBufferTest.kt#writeSplitSourceBufferLeft;core/common/test/CommonBufferTest.kt#writeSplitSourceBufferRight;core/common/test/CommonBufferTest.kt#getByteOfEmptyBuffer;core/jvm/test/BufferTest.kt#bufferInputStreamByteByByte;core/jvm/test/BufferTest.kt#bufferInputStreamBulkReads;core/jvm/test/BufferTest.kt#readEmptyBufferToByteBuffer	Sources/CompilerCore/Stdlib/kotlinx/io/Buffer.kt:38	Tests/CompilerCoreTests/Sema/KotlinxIOByteStringSurfaceTests.swift;Tests/CompilerBackendTests/Integration/BundledStdlibExecutionTests+KtorIOCoverage.swift	unverified	KUU-1729	in-scope common/native API	KLIB declaration key: kotlinx.io/Buffer.<init>|<init>(){}; source declaration line: public class Buffer : Source, Sink {
klib-03dd61948f6b52d3	core	Kotlin source API / KLIB dump	common	source-property-accessor	no	kotlinx.io.unsafe/UnsafeBufferOperations	maxSafeWriteCapacity	final fun <get-maxSafeWriteCapacity>(): kotlin/Int	0	OptIn,UnsafeIoApi	none	not-declared-in-source	core/common/src/unsafe/UnsafeBufferOperations.kt:20	jvm-e315837196a4115e	core/common/test/unsafe/UnsafeBufferOperationsForEachTest.kt#suite-reference;core/common/test/unsafe/UnsafeBufferOperationsIterationTest.kt#suite-reference;core/common/test/unsafe/UnsafeBufferOperationsMoveTest.kt#suite-reference;core/common/test/unsafe/UnsafeBufferOperationsReadTest.kt#suite-reference;core/common/test/unsafe/UnsafeBufferOperationsWriteTest.kt#suite-reference	Sources/CompilerCore/Stdlib/kotlinx/io/unsafe/UnsafeBufferOperations.kt:24	none	unverified	KUU-1729	in-scope common/native API	KLIB declaration key: kotlinx.io.unsafe/UnsafeBufferOperations.maxSafeWriteCapacity.<get-maxSafeWriteCapacity>|<get-maxSafeWriteCapacity>(){}; source declaration line: public val maxSafeWriteCapacity: Int get() = Segment.SIZE; accessor is linked to a source property and is not a separate callable API
klib-058f5c31cb8728c8	core	Kotlin source API / KLIB dump	common	source-property-accessor	no	kotlinx.io.files/Path	name	final fun <get-name>(): kotlin/String	0	none	none	not-declared-in-source	core/common/src/files/Paths.kt:34;core/jvm/src/files/PathsJvm.kt:35;core/native/src/files/PathsNative.kt:50;core/nodeFilesystemShared/src/files/PathsNodeJs.kt:43;core/wasmWasi/src/files/PathsWasm.kt:40	jvm-e6072d51480377ce	core/common/test/files/SmokeFileTest.kt#fileName;core/common/test/files/UtilsTest.kt#suite-reference	Sources/CompilerCore/Stdlib/kotlinx/io/files/Paths.kt:24	Tests/CompilerCoreTests/Sema/KotlinxIOPathSourceTests.swift;Tests/CompilerBackendTests/Integration/BundledStdlibExecutionTests+ByteStringCodec.swift;Tests/RuntimeTests/RuntimeIoFileSystemTests.swift	unverified	KUU-1725	in-scope common/native API	KLIB declaration key: kotlinx.io.files/Path.name.<get-name>|<get-name>(){}; source declaration line: public val name: String; accessor is linked to a source property and is not a separate callable API
klib-06ddbce68f82e23e	core	Kotlin source API / KLIB dump	common	function	yes	kotlinx.io	snapshot	final fun (kotlinx.io/Buffer).kotlinx.io/snapshot(): kotlinx.io.bytestring/ByteString	0	OptIn	none	not-declared-in-source	core/common/src/Buffers.kt:19	jvm-9f71042ada3989c9	core/common/test/CommonBufferTest.kt#snapshot;core/jvm/test/BufferTest.kt#suite-reference	Sources/CompilerCore/Stdlib/kotlinx/io/Buffers.kt:17	Tests/CompilerCoreTests/Sema/KotlinxIOByteStringSurfaceTests.swift	unverified	KUU-1729	in-scope common/native API	KLIB declaration key: kotlinx.io/snapshot|snapshot@kotlinx.io.Buffer(){}; source declaration line: public fun Buffer.snapshot(): ByteString {
klib-07536a2b0690464c	core	Kotlin source API / KLIB dump	common	function	yes	kotlinx.io.unsafe	withData	final inline fun (kotlinx.io.unsafe/SegmentReadContext).kotlinx.io.unsafe/withData(kotlinx.io/Segment, kotlin/Function3<kotlin/ByteArray, kotlin/Int, kotlin/Int, kotlin/Unit>)	0	JvmSynthetic,OptIn,UnsafeIoApi	none	not-declared-in-source	core/common/src/unsafe/UnsafeBufferOperations.kt:427	jvm-36053e58d7de3cb4	core/common/test/unsafe/UnsafeBufferOperationsForEachTest.kt#suite-reference;core/common/test/unsafe/UnsafeBufferOperationsIterationTest.kt#suite-reference;core/common/test/unsafe/UnsafeBufferOperationsMoveTest.kt#suite-reference;core/common/test/unsafe/UnsafeBufferOperationsReadTest.kt#suite-reference;core/common/test/unsafe/UnsafeBufferOperationsWriteTest.kt#suite-reference	Sources/CompilerCore/Stdlib/kotlinx/io/unsafe/UnsafeBufferOperations.kt:430	none	unverified	KUU-1729	in-scope common/native API	KLIB declaration key: kotlinx.io.unsafe/withData|withData@kotlinx.io.unsafe.SegmentReadContext(kotlinx.io.Segment;kotlin.Function3<kotlin.ByteArray,kotlin.Int,kotlin.Int,kotlin.Unit>){}; source declaration line: public inline fun SegmentReadContext.withData(
klib-07cfd563616534cf	core	Kotlin source API / KLIB dump	common	function	yes	kotlinx.io.files/Path	hashCode	final fun hashCode(): kotlin/Int	0	none	none	not-declared-in-source	core/common/src/files/Paths.kt:55;core/jvm/src/files/PathsJvm.kt:29;core/native/src/files/PathsNative.kt:45;core/nodeFilesystemShared/src/files/PathsNodeJs.kt:64;core/wasmWasi/src/files/PathsWasm.kt:22	jvm-e537ccd38bc7fca2	core/common/test/files/SmokeFileTest.kt#suite-reference;core/common/test/files/UtilsTest.kt#suite-reference	Sources/CompilerCore/Stdlib/kotlinx/io/bytestring/ByteString.kt:52;Sources/CompilerCore/Stdlib/kotlinx/io/files/Paths.kt:45	none	unverified	KUU-1725	in-scope common/native API	KLIB declaration key: kotlinx.io.files/Path.hashCode|hashCode(){}; source declaration line: override fun hashCode(): Int
klib-0947c0d50c4105d0	core	Kotlin source API / KLIB dump	common	function	yes	kotlinx.io/Sink	writeInt	abstract fun writeInt(kotlin/Int)	0	none	none	@throws IllegalStateException when the sink is closed.; @throws IOException when some I/O error occurs.	core/common/src/Sink.kt:155	jvm-b407f1a004fa077e	core/common/test/AbstractSinkTest.kt#writeInt;core/common/test/AbstractSinkTest.kt#writeInts;core/common/test/AbstractSinkTest.kt#writeIntegerDoesNotQuiteFitInSegment;core/common/test/AbstractSinkTest.kt#writeIntLe;core/common/test/CommonRealSinkTest.kt#suite-reference	Sources/CompilerCore/Stdlib/kotlinx/io/Buffer.kt:530;Sources/CompilerCore/Stdlib/kotlinx/io/Segment.kt:227;Sources/CompilerCore/Stdlib/kotlinx/io/Sink.kt:61;Sources/CompilerCore/Stdlib/kotlinx/io/RealSink.kt:85	none	unverified	KUU-1731	in-scope common/native API	KLIB declaration key: kotlinx.io/Sink.writeInt|writeInt(kotlin.Int){}; source declaration line: public fun writeInt(int: Int)
klib-09c8df007d615f43	core	Kotlin source API / KLIB dump	common	annotation class	yes	kotlinx.io/InternalIoApi	InternalIoApi	open annotation class kotlinx.io/InternalIoApi : kotlin/Annotation {	0	MustBeDocumented,RequiresOptIn,Retention	none	not-declared-in-source	core/common/src/Annotations.kt:41	jvm-608413ae3cc45466	core/common/test/AbstractSourceTest.kt#suite-reference;core/common/test/AbstractSinkTest.kt#suite-reference	Sources/CompilerCore/Stdlib/kotlinx/io/Annotations.kt:29	none	unverified	KUU-1725	in-scope common/native API	KLIB declaration key: kotlinx.io/InternalIoApi|null; source declaration line: public annotation class InternalIoApi
klib-0b464ce5d17138e9	core	Kotlin source API / KLIB dump	common	interface	yes	kotlinx.io/Sink	Sink	sealed interface kotlinx.io/Sink : kotlinx.io/RawSink {	0	none	none	not-declared-in-source	core/common/src/Sink.kt:59	jvm-15474da48ae3e29c	core/common/test/AbstractSinkTest.kt#suite-reference;core/common/test/CommonRealSinkTest.kt#bufferedSinkEmitsTailWhenItIsComplete;core/common/test/CommonRealSinkTest.kt#bufferedSinkEmitMultipleSegments;core/common/test/CommonRealSinkTest.kt#bufferedSinkFlush;core/common/test/CommonRealSinkTest.kt#bytesEmittedToSinkWithFlush;core/common/test/CommonRealSinkTest.kt#bytesNotEmittedToSinkWithoutFlush;core/common/test/CommonRealSinkTest.kt#bytesEmittedToSinkWithEmit	Sources/CompilerCore/Stdlib/kotlinx/io/Sink.kt:13	none	unverified	KUU-1730	in-scope common/native API	KLIB declaration key: kotlinx.io/Sink|null; source declaration line: public sealed interface Sink : RawSink {
klib-0d3d6a9bd110e684	core	Kotlin source API / KLIB dump	common	function	yes	kotlinx.io/Source	readInt	abstract fun readInt(): kotlin/Int	0	none	none	@throws EOFException when there are not enough data to read an int value.; @throws IllegalStateException when the source is closed.; @throws IOException when some I/O error occurs.	core/common/src/Source.kt:157	jvm-1b7a073eca536faf	core/common/test/AbstractSourceTest.kt#readInt;core/common/test/AbstractSourceTest.kt#readIntLe;core/common/test/AbstractSourceTest.kt#readIntSplitAcrossMultipleSegments;core/common/test/AbstractSourceTest.kt#readIntTooShortThrows;core/common/test/AbstractSourceTest.kt#readIntLeTooShortThrows;core/common/test/CommonRealSourceTest.kt#suite-reference	Sources/CompilerCore/Stdlib/kotlinx/io/Buffer.kt:109;Sources/CompilerCore/Stdlib/kotlinx/io/Sources.kt:11;Sources/CompilerCore/Stdlib/kotlinx/io/Sources.kt:148;Sources/CompilerCore/Stdlib/kotlinx/io/Sources.kt:153;Sources/CompilerCore/Stdlib/kotlinx/io/Source.kt:46;Sources/CompilerCore/Stdlib/kotlinx/io/Segment.kt:263;Sources/CompilerCore/Stdlib/kotlinx/io/RealSource.kt:100	none	unverified	KUU-1731	in-scope common/native API	KLIB declaration key: kotlinx.io/Source.readInt|readInt(){}; source declaration line: public fun readInt(): Int
klib-0d947e43467ad714	core	Kotlin source API / KLIB dump	common	source-property-accessor	no	kotlinx.io.files/FileMetadata	isDirectory	final fun <get-isDirectory>(): kotlin/Boolean	0	none	none	not-declared-in-source	core/common/src/files/FileSystem.kt:203	jvm-979e2d8a161de48a	core/common/test/files/SmokeFileTest.kt#suite-reference	Sources/CompilerCore/Stdlib/kotlinx/io/files/FileSystem.kt:68	none	unverified	KUU-1725	in-scope common/native API	KLIB declaration key: kotlinx.io.files/FileMetadata.isDirectory.<get-isDirectory>|<get-isDirectory>(){}; source declaration line: public val isDirectory: Boolean = false,; accessor is linked to a source property and is not a separate callable API
klib-0e4b69482e6a968a	core	Kotlin source API / KLIB dump	common	function	yes	kotlinx.io	writeFloatLe	final fun (kotlinx.io/Sink).kotlinx.io/writeFloatLe(kotlin/Float)	0	none	none	@throws IllegalStateException when the sink is closed.; @throws IOException when some I/O error occurs.	core/common/src/Sinks.kt:331	jvm-0b2766ab6e64f026	core/common/test/AbstractSinkTest.kt#writeFloatLe;core/common/test/CommonRealSinkTest.kt#suite-reference	Sources/CompilerCore/Stdlib/kotlinx/io/Sinks.kt:317	none	unverified	KUU-1731	in-scope common/native API	KLIB declaration key: kotlinx.io/writeFloatLe|writeFloatLe@kotlinx.io.Sink(kotlin.Float){}; source declaration line: public fun Sink.writeFloatLe(float: Float) {
klib-0e938793c50b37d6	core	Kotlin source API / KLIB dump	common	function	yes	kotlinx.io/Buffer	readShort	final fun readShort(): kotlin/Short	0	none	none	not-declared-in-source	core/common/src/Buffer.kt:108	jvm-022e6212ad69c537	core/common/test/CommonBufferTest.kt#suite-reference;core/jvm/test/BufferTest.kt#suite-reference	Sources/CompilerCore/Stdlib/kotlinx/io/Buffer.kt:89;Sources/CompilerCore/Stdlib/kotlinx/io/Sources.kt:10;Sources/CompilerCore/Stdlib/kotlinx/io/Sources.kt:147;Sources/CompilerCore/Stdlib/kotlinx/io/Source.kt:41;Sources/CompilerCore/Stdlib/kotlinx/io/Segment.kt:255;Sources/CompilerCore/Stdlib/kotlinx/io/RealSource.kt:95	none	unverified	KUU-1729	in-scope common/native API	KLIB declaration key: kotlinx.io/Buffer.readShort|readShort(){}; source declaration line: override fun readShort(): Short {
klib-0f0ae6b0e4f74922	core	Kotlin source API / KLIB dump	common	object	yes	kotlinx.io.unsafe/UnsafeBufferOperations	UnsafeBufferOperations	final object kotlinx.io.unsafe/UnsafeBufferOperations {	0	OptIn,UnsafeIoApi	none	not-declared-in-source	core/common/src/unsafe/UnsafeBufferOperations.kt:16	jvm-0cf64a4acbc38a06;jvm-893b52117cdc6202	core/common/test/unsafe/UnsafeBufferOperationsForEachTest.kt#suite-reference;core/common/test/unsafe/UnsafeBufferOperationsIterationTest.kt#suite-reference;core/common/test/unsafe/UnsafeBufferOperationsMoveTest.kt#suite-reference;core/common/test/unsafe/UnsafeBufferOperationsReadTest.kt#suite-reference;core/common/test/unsafe/UnsafeBufferOperationsWriteTest.kt#suite-reference	Sources/CompilerCore/Stdlib/kotlinx/io/unsafe/UnsafeBufferOperations.kt:20	none	unverified	KUU-1729	in-scope common/native API	KLIB declaration key: kotlinx.io.unsafe/UnsafeBufferOperations|null; source declaration line: public object UnsafeBufferOperations {
klib-11be017879adb524	core	Kotlin source API / KLIB dump	common	function	yes	kotlinx.io/Buffer	readAtMostTo	final fun readAtMostTo(kotlin/ByteArray, kotlin/Int, kotlin/Int): kotlin/Int	0	none	none	not-declared-in-source	core/common/src/Buffer.kt:306;core/common/src/Buffer.kt:321	jvm-44a7c06e326b8c71;jvm-a71ab8891416ac7d	core/common/test/CommonBufferTest.kt#suite-reference;core/jvm/test/BufferTest.kt#suite-reference	Sources/CompilerCore/Stdlib/kotlinx/io/Buffer.kt:314;Sources/CompilerCore/Stdlib/kotlinx/io/Buffer.kt:329;Sources/CompilerCore/Stdlib/kotlinx/io/JvmCore.kt:54;Sources/CompilerCore/Stdlib/kotlinx/io/Sources.kt:140;Sources/CompilerCore/Stdlib/kotlinx/io/Source.kt:63;Sources/CompilerCore/Stdlib/kotlinx/io/RawSource.kt:17;Sources/CompilerCore/Stdlib/kotlinx/io/RealSource.kt:21;Sources/CompilerCore/Stdlib/kotlinx/io/RealSource.kt:57;Sources/CompilerCore/Stdlib/kotlinx/io/PeekSource.kt:30;Sources/CompilerCore/Stdlib/kotlinx/io/files/FileSystem.kt:78	none	unverified	KUU-1729	in-scope common/native API	KLIB declaration key: kotlinx.io/Buffer.readAtMostTo|readAtMostTo(kotlin.ByteArray;kotlin.Int;kotlin.Int){}; source declaration line: override fun readAtMostTo(sink: ByteArray, startIndex: Int, endIndex: Int): Int {
klib-122a0905894ba00e	core	Kotlin source API / KLIB dump	common	function	yes	kotlinx.io.unsafe/SegmentWriteContext	setUnchecked	abstract fun setUnchecked(kotlinx.io/Segment, kotlin/Int, kotlin/Byte, kotlin/Byte, kotlin/Byte, kotlin/Byte)	0	JvmSynthetic,OptIn,UnsafeIoApi	none	not-declared-in-source	core/common/src/unsafe/UnsafeBufferOperations.kt:456;core/common/src/unsafe/UnsafeBufferOperations.kt:473;core/common/src/unsafe/UnsafeBufferOperations.kt:491;core/common/src/unsafe/UnsafeBufferOperations.kt:512;core/common/src/unsafe/UnsafeBufferOperations.kt:542;core/common/src/unsafe/UnsafeBufferOperations.kt:546;core/common/src/unsafe/UnsafeBufferOperations.kt:550;core/common/src/unsafe/UnsafeBufferOperations.kt:554	jvm-184249263a53bd1c;jvm-4c7d8cabace27adf;jvm-e648005c75c9a635;jvm-fa7bf8ebed5bf8aa	core/common/test/unsafe/UnsafeBufferOperationsForEachTest.kt#suite-reference;core/common/test/unsafe/UnsafeBufferOperationsIterationTest.kt#suite-reference;core/common/test/unsafe/UnsafeBufferOperationsMoveTest.kt#suite-reference;core/common/test/unsafe/UnsafeBufferOperationsReadTest.kt#suite-reference;core/common/test/unsafe/UnsafeBufferOperationsWriteTest.kt#suite-reference	Sources/CompilerCore/Stdlib/kotlinx/io/Segment.kt:370;Sources/CompilerCore/Stdlib/kotlinx/io/Segment.kt:374;Sources/CompilerCore/Stdlib/kotlinx/io/Segment.kt:381;Sources/CompilerCore/Stdlib/kotlinx/io/Segment.kt:389;Sources/CompilerCore/Stdlib/kotlinx/io/unsafe/UnsafeBufferOperations.kt:459;Sources/CompilerCore/Stdlib/kotlinx/io/unsafe/UnsafeBufferOperations.kt:476;Sources/CompilerCore/Stdlib/kotlinx/io/unsafe/UnsafeBufferOperations.kt:494;Sources/CompilerCore/Stdlib/kotlinx/io/unsafe/UnsafeBufferOperations.kt:515;Sources/CompilerCore/Stdlib/kotlinx/io/unsafe/UnsafeBufferOperations.kt:543;Sources/CompilerCore/Stdlib/kotlinx/io/unsafe/UnsafeBufferOperations.kt:547;Sources/CompilerCore/Stdlib/kotlinx/io/unsafe/UnsafeBufferOperations.kt:551;Sources/CompilerCore/Stdlib/kotlinx/io/unsafe/UnsafeBufferOperations.kt:555	none	unverified	KUU-1729	in-scope common/native API	KLIB declaration key: kotlinx.io.unsafe/SegmentWriteContext.setUnchecked|setUnchecked(kotlinx.io.Segment;kotlin.Int;kotlin.Byte;kotlin.Byte;kotlin.Byte;kotlin.Byte){}; source declaration line: public fun setUnchecked(segment: Segment, offset: Int, value: Byte)
klib-13c0b806a778aa5c	core	Kotlin source API / KLIB dump	common	function	yes	kotlinx.io	readCodePointValue	final fun (kotlinx.io/Source).kotlinx.io/readCodePointValue(): kotlin/Int	0	OptIn	none	@throws EOFException when the source is exhausted before a complete code point can be read.; @throws IllegalStateException when the source is closed.; @throws IOException when some I/O error occurs.	core/common/src/Utf8.kt:268	jvm-b046d1b5687f1a39	core/common/test/Utf8Test.kt#suite-reference	Sources/CompilerCore/Stdlib/kotlinx/io/Utf8.kt:64	none	unverified	KUU-1733	in-scope common/native API	KLIB declaration key: kotlinx.io/readCodePointValue|readCodePointValue@kotlinx.io.Source(){}; source declaration line: public fun Source.readCodePointValue(): Int {
klib-1481c81e0f5a5cc4	core	Kotlin source API / KLIB dump	common	function	yes	kotlinx.io.unsafe/UnsafeBufferOperations	readFromHead	final inline fun readFromHead(kotlinx.io/Buffer, kotlin/Function2<kotlinx.io.unsafe/SegmentReadContext, kotlinx.io/Segment, kotlin/Int>): kotlin/Int	0	none	none	@throws IllegalStateException when [readAction] returns negative value or a values exceeding; @throws IllegalArgumentException when the [buffer] is empty.	core/common/src/unsafe/UnsafeBufferOperations.kt:91;core/common/src/unsafe/UnsafeBufferOperations.kt:138	jvm-4126d0bf9cb3cb8a;jvm-bf5f99192593d26b	core/common/test/unsafe/UnsafeBufferOperationsForEachTest.kt#suite-reference;core/common/test/unsafe/UnsafeBufferOperationsIterationTest.kt#suite-reference;core/common/test/unsafe/UnsafeBufferOperationsMoveTest.kt#suite-reference;core/common/test/unsafe/UnsafeBufferOperationsReadTest.kt#suite-reference;core/common/test/unsafe/UnsafeBufferOperationsWriteTest.kt#suite-reference	Sources/CompilerCore/Stdlib/kotlinx/io/unsafe/UnsafeBufferOperations.kt:95;Sources/CompilerCore/Stdlib/kotlinx/io/unsafe/UnsafeBufferOperations.kt:142	none	unverified	KUU-1729	in-scope common/native API	KLIB declaration key: kotlinx.io.unsafe/UnsafeBufferOperations.readFromHead|readFromHead(kotlinx.io.Buffer;kotlin.Function2<kotlinx.io.unsafe.SegmentReadContext,kotlinx.io.Segment,kotlin.Int>){}; source declaration line: public inline fun readFromHead(
klib-14fecc4710ddf96c	core	Kotlin source API / KLIB dump	common	function	yes	kotlinx.io.unsafe/UnsafeBufferOperations	iterate	final inline fun iterate(kotlinx.io/Buffer, kotlin/Function2<kotlinx.io.unsafe/BufferIterationContext, kotlinx.io/Segment?, kotlin/Unit>)	0	none	none	not-declared-in-source	core/common/src/unsafe/UnsafeBufferOperations.kt:307;core/common/src/unsafe/UnsafeBufferOperations.kt:339	jvm-97b82426ab3fe218;jvm-40d5b12f05b60d0b	core/common/test/unsafe/UnsafeBufferOperationsForEachTest.kt#suite-reference;core/common/test/unsafe/UnsafeBufferOperationsIterationTest.kt#suite-reference;core/common/test/unsafe/UnsafeBufferOperationsMoveTest.kt#suite-reference;core/common/test/unsafe/UnsafeBufferOperationsReadTest.kt#suite-reference;core/common/test/unsafe/UnsafeBufferOperationsWriteTest.kt#suite-reference	Sources/CompilerCore/Stdlib/kotlinx/io/unsafe/UnsafeBufferOperations.kt:311;Sources/CompilerCore/Stdlib/kotlinx/io/unsafe/UnsafeBufferOperations.kt:343	none	unverified	KUU-1729	in-scope common/native API	KLIB declaration key: kotlinx.io.unsafe/UnsafeBufferOperations.iterate|iterate(kotlinx.io.Buffer;kotlin.Function2<kotlinx.io.unsafe.BufferIterationContext,kotlinx.io.Segment?,kotlin.Unit>){}; source declaration line: public inline fun iterate(
klib-17845e8b1446ea46	core	Kotlin source API / KLIB dump	common	source-property-accessor	no	kotlinx.io.files/Path	isAbsolute	final fun <get-isAbsolute>(): kotlin/Boolean	0	none	none	not-declared-in-source	core/common/src/files/Paths.kt:41;core/jvm/src/files/PathsJvm.kt:33;core/native/src/files/PathsNative.kt:49;core/nodeFilesystemShared/src/files/PathsNodeJs.kt:38;core/wasmWasi/src/files/PathsWasm.kt:50	jvm-4bc6eebea674f433	core/common/test/files/SmokeFileTest.kt#isAbsolute;core/common/test/files/UtilsTest.kt#suite-reference	Sources/CompilerCore/Stdlib/kotlinx/io/files/Paths.kt:27	Tests/CompilerCoreTests/Sema/KotlinxIOPathSourceTests.swift	unverified	KUU-1725	in-scope common/native API	KLIB declaration key: kotlinx.io.files/Path.isAbsolute.<get-isAbsolute>|<get-isAbsolute>(){}; source declaration line: public val isAbsolute: Boolean; accessor is linked to a source property and is not a separate callable API
klib-18109e8ba4982d6c	core	Kotlin source API / KLIB dump	common	function	yes	kotlinx.io	readByteArray	final fun (kotlinx.io/Source).kotlinx.io/readByteArray(): kotlin/ByteArray	0	none	none	@throws IllegalStateException when the source is closed.; @throws IOException when some I/O error occurs.	core/common/src/Sources.kt:236;core/common/src/Sources.kt:252	jvm-7c06065c07f38677;jvm-df3a84de360ddc45	core/common/test/AbstractSourceTest.kt#readByteArray;core/common/test/AbstractSourceTest.kt#readByteArrayPartial;core/common/test/AbstractSourceTest.kt#readByteArrayTooShortThrows;core/common/test/AbstractSourceTest.kt#readByteArrayWithNegativeSizeThrows;core/common/test/CommonRealSourceTest.kt#suite-reference	Sources/CompilerCore/Stdlib/kotlinx/io/Sources.kt:102;Sources/CompilerCore/Stdlib/kotlinx/io/Sources.kt:104	none	unverified	KUU-1731	in-scope common/native API	KLIB declaration key: kotlinx.io/readByteArray|readByteArray@kotlinx.io.Source(){}; source declaration line: public fun Source.readByteArray(): ByteArray {
klib-1884b30ae2cabdd7	core	Kotlin source API / KLIB dump	common	function	yes	kotlinx.io	readTo	final fun (kotlinx.io/Source).kotlinx.io/readTo(kotlin/ByteArray, kotlin/Int = ..., kotlin/Int = ...)	2	none	none	not-declared-in-source	core/common/src/Buffer.kt:329;core/common/src/RealSource.kt:84;core/common/src/Segment.kt:337;core/common/src/Source.kt:214;core/common/src/Sources.kt:292;core/jvm/src/BuffersJvm.kt:97	jvm-ae5599397293698a;jvm-7ea1f3d4aa2ff9ba;jvm-2fa8d0ca8ec5fb56;jvm-d0a5256163899ef7	core/common/test/CommonBufferTest.kt#suite-reference;core/jvm/test/BufferTest.kt#readToOutputStream;core/jvm/test/BufferTest.kt#readToOutputStreamWithByteCount;core/common/test/AbstractSourceTest.kt#readToSink;core/common/test/AbstractSourceTest.kt#readToSinkTooShortThrows;core/common/test/AbstractSourceTest.kt#readToSinkWithNegativeByteCount;core/common/test/AbstractSourceTest.kt#readToSinkZeroBytes;core/common/test/AbstractSourceTest.kt#readToByteArray;core/common/test/AbstractSourceTest.kt#readToByteArraySubrange;core/common/test/AbstractSourceTest.kt#readToByteArrayInvalidArguments;core/common/test/AbstractSourceTest.kt#readToByteArrayTooShortThrows;core/common/test/CommonRealSourceTest.kt#suite-reference;core/jvm/test/NioTest.kt#suite-reference	Sources/CompilerCore/Stdlib/kotlinx/io/Buffer.kt:337;Sources/CompilerCore/Stdlib/kotlinx/io/Sources.kt:126;Sources/CompilerCore/Stdlib/kotlinx/io/Source.kt:68;Sources/CompilerCore/Stdlib/kotlinx/io/Segment.kt:315;Sources/CompilerCore/Stdlib/kotlinx/io/RealSource.kt:68	none	unverified	KUU-1729	in-scope common/native API	KLIB declaration key: kotlinx.io/readTo|readTo@kotlinx.io.Source(kotlin.ByteArray;kotlin.Int;kotlin.Int){}; source declaration line: override fun readTo(sink: RawSink, byteCount: Long) {; default expressions are preserved in the pinned source snapshot
klib-191223f6c4e76860	core	Kotlin source API / KLIB dump	common	function	yes	kotlinx.io	readString	final fun (kotlinx.io/Source).kotlinx.io/readString(kotlin/Long): kotlin/String	0	OptIn	none	@throws IllegalStateException when the source is closed.; @throws IOException when some I/O error occurs.	core/common/src/Utf8.kt:208;core/common/src/Utf8.kt:220;core/common/src/Utf8.kt:237;core/jvm/src/SourcesJvm.kt:64;core/jvm/src/SourcesJvm.kt:86	jvm-7c34b65de478db79;jvm-f62b571639841c34;jvm-45bb77b8179a1e2a;jvm-9dff839c0379e551;jvm-4d36316be6a084e7	core/common/test/Utf8Test.kt#readStringWithUnderflow;core/common/test/Utf8Test.kt#readStringWithoutContinuationByte;core/jvm/test/NioTest.kt#suite-reference;core/jvm/test/AbstractSourceTestJVM.kt#readStringTooShortThrows	Sources/CompilerCore/Stdlib/kotlinx/io/SourcesJvm.kt:17;Sources/CompilerCore/Stdlib/kotlinx/io/SourcesJvm.kt:23;Sources/CompilerCore/Stdlib/kotlinx/io/Utf8.kt:40;Sources/CompilerCore/Stdlib/kotlinx/io/Utf8.kt:45;Sources/CompilerCore/Stdlib/kotlinx/io/Utf8.kt:47	Tests/CompilerBackendTests/Integration/BundledStdlibExecutionTests+KtorIOCoverage.swift	unverified	KUU-1733	in-scope common/native API	KLIB declaration key: kotlinx.io/readString|readString@kotlinx.io.Source(kotlin.Long){}; source declaration line: public fun Source.readString(): String {
klib-19a692d1a743b95e	core	Kotlin source API / KLIB dump	common	function	yes	kotlinx.io.files/FileSystem	delete	abstract fun delete(kotlinx.io.files/Path, kotlin/Boolean = ...)	1	none	none	@throws kotlinx.io.files.FileNotFoundException when [path] does not exist and [mustExist] is `true`.; @throws kotlinx.io.IOException if deletion failed.	core/common/src/files/FileSystem.kt:55	jvm-936a3bc36f43f6bf;jvm-258efe69986cf1fb	core/common/test/files/SmokeFileTest.kt#deleteFile;core/common/test/files/SmokeFileTest.kt#deleteNonEmptyDirectory	Sources/CompilerCore/Stdlib/kotlinx/io/files/FileSystem.kt:20;Sources/CompilerCore/Stdlib/kotlinx/io/files/FileSystem.kt:33	Tests/RuntimeTests/RuntimeIoFileSystemTests.swift	unverified	KUU-1725	in-scope common/native API	KLIB declaration key: kotlinx.io.files/FileSystem.delete|delete(kotlinx.io.files.Path;kotlin.Boolean){}; source declaration line: public fun delete(path: Path, mustExist: Boolean = true); default expressions are preserved in the pinned source snapshot
klib-1cea0040ddde9cf5	core	Kotlin source API / KLIB dump	common	property	yes	kotlinx.io.files	SystemPathSeparator	final val kotlinx.io.files/SystemPathSeparator	0	none	none	not-declared-in-source	core/common/src/files/Paths.kt:70;core/jvm/src/files/PathsJvm.kt:40;core/native/src/files/PathsNative.kt:57;core/nodeFilesystemShared/src/files/PathsNodeJs.kt:69;core/wasmWasi/src/files/PathsWasm.kt:55	jvm-a1d46eb1f6c5e933	core/common/test/files/SmokeFileTest.kt#suite-reference;core/common/test/files/UtilsTest.kt#suite-reference	Sources/CompilerCore/Stdlib/kotlinx/io/files/Paths.kt:52	Tests/CompilerCoreTests/Sema/KotlinxIOPathSourceTests.swift	unverified	KUU-1725	in-scope common/native API	KLIB declaration key: kotlinx.io.files/SystemPathSeparator|{}SystemPathSeparator; source declaration line: public expect val SystemPathSeparator: Char
klib-1d66584f002fd45f	core	Kotlin source API / KLIB dump	common	property	yes	kotlinx.io/Segment	size	final val size	0	none	none	not-declared-in-source	core/common/src/Segment.kt:353	jvm-cad0e099d21c4740	core/common/test/AbstractSourceTest.kt#readByteArrayWithNegativeSizeThrows;core/common/test/AbstractSourceTest.kt#factorySegmentSizes;core/common/test/AbstractSinkTest.kt#suite-reference	Sources/CompilerCore/Stdlib/kotlinx/io/Buffer.kt:48;Sources/CompilerCore/Stdlib/kotlinx/io/SourcesJvm.kt:47;Sources/CompilerCore/Stdlib/kotlinx/io/Segment.kt:331;Sources/CompilerCore/Stdlib/kotlinx/io/bytestring/ByteString.kt:21;Sources/CompilerCore/Stdlib/kotlinx/io/bytestring/ByteStringBuilder.kt:13;Sources/CompilerCore/Stdlib/kotlinx/io/internal/-Utf8.kt:147;Sources/CompilerCore/Stdlib/kotlinx/io/files/FileSystem.kt:69	Tests/CompilerCoreTests/Sema/KotlinxIOByteStringSurfaceTests.swift;Tests/CompilerBackendTests/Integration/BundledStdlibExecutionTests+ByteString.swift;Tests/CompilerBackendTests/Integration/BundledStdlibExecutionTests+KtorIOCoverage.swift;Tests/RuntimeTests/RuntimeIoFileSystemTests.swift	unverified	KUU-1729	in-scope common/native API	KLIB declaration key: kotlinx.io/Segment.size|{}size; source declaration line: public val size: Int
klib-1eab86b635e53e32	core	Kotlin source API / KLIB dump	common	function	yes	kotlinx.io	writeUByte	final fun (kotlinx.io/Sink).kotlinx.io/writeUByte(kotlin/UByte)	0	none	none	@throws IllegalStateException when the sink is closed.; @throws IOException when some I/O error occurs.	core/common/src/Sinks.kt:182	jvm-67bcb11a0a87d872	core/common/test/AbstractSinkTest.kt#writeUByte;core/common/test/CommonRealSinkTest.kt#suite-reference	Sources/CompilerCore/Stdlib/kotlinx/io/Sinks.kt:182	none	unverified	KUU-1731	in-scope common/native API	KLIB declaration key: kotlinx.io/writeUByte|writeUByte@kotlinx.io.Sink(kotlin.UByte){}; source declaration line: public fun Sink.writeUByte(byte: UByte) {
klib-21b369685533b320	core	Kotlin source API / KLIB dump	common	function	yes	kotlinx.io/Buffer	skip	final fun skip(kotlin/Long)	0	none	none	not-declared-in-source	core/common/src/Buffer.kt:282;core/common/src/Buffer.kt:289	jvm-119439fe4f63bfde	core/common/test/CommonBufferTest.kt#suite-reference;core/jvm/test/BufferTest.kt#copyToSkippingSegments	Sources/CompilerCore/Stdlib/kotlinx/io/Buffer.kt:290;Sources/CompilerCore/Stdlib/kotlinx/io/Buffer.kt:297;Sources/CompilerCore/Stdlib/kotlinx/io/Source.kt:56;Sources/CompilerCore/Stdlib/kotlinx/io/RealSource.kt:110	Tests/CompilerBackendTests/Integration/BundledStdlibExecutionTests+KtorIOCoverage.swift	unverified	KUU-1729	in-scope common/native API	KLIB declaration key: kotlinx.io/Buffer.skip|skip(kotlin.Long){}; source declaration line: public fun clear(): Unit = skip(size)
klib-21d678c0082fac12	core	Kotlin source API / KLIB dump	common	function	yes	kotlinx.io	writeUInt	final fun (kotlinx.io/Sink).kotlinx.io/writeUInt(kotlin/UInt)	0	none	none	@throws IllegalStateException when the sink is closed.; @throws IOException when some I/O error occurs.	core/common/src/Sinks.kt:210	jvm-3792616a20c85e19	core/common/test/AbstractSinkTest.kt#writeUInt;core/common/test/AbstractSinkTest.kt#writeUIntLe;core/common/test/CommonRealSinkTest.kt#suite-reference	Sources/CompilerCore/Stdlib/kotlinx/io/Sinks.kt:206	none	unverified	KUU-1731	in-scope common/native API	KLIB declaration key: kotlinx.io/writeUInt|writeUInt@kotlinx.io.Sink(kotlin.UInt){}; source declaration line: public fun Sink.writeUInt(int: UInt) {
klib-22e7eedbcb644510	core	Kotlin source API / KLIB dump	common	source-property-accessor	no	kotlinx.io.files	SystemFileSystem	final fun <get-SystemFileSystem>(): kotlinx.io.files/FileSystem	0	none	none	not-declared-in-source	core/common/src/files/FileSystem.kt:182;core/jvm/src/files/FileSystemJvm.kt:52;core/native/src/files/FileSystemNative.kt:18;core/nodeFilesystemShared/src/files/FileSystemNodeJs.kt:15;core/wasmWasi/src/files/FileSystemWasm.kt:34	jvm-3ecb129cb4283041	core/common/test/files/SmokeFileTest.kt#suite-reference	none	none	missing	KUU-1725	in-scope common/native API	KLIB declaration key: kotlinx.io.files/SystemFileSystem.<get-SystemFileSystem>|<get-SystemFileSystem>(){}; source declaration line: public expect val SystemFileSystem: FileSystem; accessor is linked to a source property and is not a separate callable API
klib-279e8d220ebf6c4a	core	Kotlin source API / KLIB dump	common	source-property-accessor	no	kotlinx.io	SystemLineSeparator	final fun <get-SystemLineSeparator>(): kotlin/String	0	none	none	not-declared-in-source	core/apple/src/-PlatformApple.kt:13;core/common/src/Core.kt:54;core/jvm/src/JvmCore.kt:103;core/js/src/-PlatformJs.kt:41;core/mingw/src/-PlatformMingw.kt:13;core/unix/src/-PlatformUnix.kt:13;core/wasmJs/src/-PlatformWasmJs.kt:34;core/wasmWasi/src/-PlatformWasmWasi.kt:13	jvm-ae7562b2dc9d8f45	core/jvm/test/JvmPlatformTest.kt#suite-reference	Sources/CompilerCore/Stdlib/kotlinx/io/Core.kt:39	none	unverified	KUU-1725	in-scope common/native API	"KLIB declaration key: kotlinx.io/SystemLineSeparator.<get-SystemLineSeparator>|<get-SystemLineSeparator>(){}; source declaration line: public actual val SystemLineSeparator: String = ""\n""; accessor is linked to a source property and is not a separate callable API"
klib-2840ab75c7b18840	core	Kotlin source API / KLIB dump	common	constructor	yes	kotlinx.io/IOException	<init>	constructor <init>()	0	none	none	not-declared-in-source	core/common/src/-CommonPlatform.kt:28;core/common/src/-CommonPlatform.kt:29;core/common/src/-CommonPlatform.kt:30;core/common/src/-CommonPlatform.kt:31;core/common/src/-CommonPlatform.kt:38;core/common/src/-CommonPlatform.kt:39;core/common/src/-CommonPlatform.kt:27;core/native/src/-NonJvmPlatform.kt:26;core/native/src/-NonJvmPlatform.kt:28;core/native/src/-NonJvmPlatform.kt:30;core/native/src/-NonJvmPlatform.kt:32;core/native/src/-NonJvmPlatform.kt:36;core/native/src/-NonJvmPlatform.kt:38;core/native/src/-NonJvmPlatform.kt:40;core/native/src/-NonJvmPlatform.kt:25;core/js/src/-PlatformJs.kt:9;core/js/src/-PlatformJs.kt:11;core/js/src/-PlatformJs.kt:13;core/js/src/-PlatformJs.kt:15;core/js/src/-PlatformJs.kt:19;core/js/src/-PlatformJs.kt:21;core/js/src/-PlatformJs.kt:23;core/js/src/-PlatformJs.kt:8;core/wasm/src/-PlatformWasm.kt:9;core/wasm/src/-PlatformWasm.kt:11;core/wasm/src/-PlatformWasm.kt:13;core/wasm/src/-PlatformWasm.kt:15;core/wasm/src/-PlatformWasm.kt:19;core/wasm/src/-PlatformWasm.kt:21;core/wasm/src/-PlatformWasm.kt:23;core/wasm/src/-PlatformWasm.kt:8		core/common/test/AbstractSourceTest.kt#suite-reference;core/common/test/AbstractSinkTest.kt#suite-reference	Sources/CompilerCore/Stdlib/kotlinx/io/-CommonPlatform.kt:17	Tests/RuntimeTests/RuntimeIoFileSystemTests.swift	unverified	KUU-1725	in-scope common/native API	KLIB declaration key: kotlinx.io/IOException.<init>|<init>(){}; source declaration line: public constructor()
klib-287cb83cbbb8abf0	core	Kotlin source API / KLIB dump	common	function	yes	kotlinx.io/Buffer	write	final fun write(kotlinx.io/Buffer, kotlin/Long)	0	none	none	not-declared-in-source	core/common/src/Buffer.kt:375;core/common/src/Buffer.kt:387;core/common/src/Buffer.kt:402	jvm-087be20b33ddd9c6;jvm-4032561c3edc74f3;jvm-50da1040de068c3d	core/common/test/CommonBufferTest.kt#readAndWriteUtf8;core/common/test/CommonBufferTest.kt#writeSplitSourceBufferLeft;core/common/test/CommonBufferTest.kt#writeSplitSourceBufferRight;core/common/test/CommonBufferTest.kt#writePrefixDoesntSplit;core/common/test/CommonBufferTest.kt#writePrefixDoesntSplitButRequiresCompact;core/common/test/CommonBufferTest.kt#writeSourceWithNegativeNumberOfBytes;core/common/test/CommonBufferTest.kt#writePrefixToEmptyBuffer;core/common/test/CommonBufferTest.kt#readAllWritesAllSegmentsAtOnce;core/jvm/test/BufferTest.kt#writeToSpanningSegments;core/jvm/test/BufferTest.kt#writeToStream	Sources/CompilerCore/Stdlib/kotlinx/io/Buffer.kt:384;Sources/CompilerCore/Stdlib/kotlinx/io/Buffer.kt:388;Sources/CompilerCore/Stdlib/kotlinx/io/Buffer.kt:392;Sources/CompilerCore/Stdlib/kotlinx/io/Buffer.kt:404;Sources/CompilerCore/Stdlib/kotlinx/io/Buffer.kt:419;Sources/CompilerCore/Stdlib/kotlinx/io/JvmCore.kt:25;Sources/CompilerCore/Stdlib/kotlinx/io/ByteStrings.kt:16;Sources/CompilerCore/Stdlib/kotlinx/io/RawSink.kt:18;Sources/CompilerCore/Stdlib/kotlinx/io/Segment.kt:321;Sources/CompilerCore/Stdlib/kotlinx/io/Sink.kt:24;Sources/CompilerCore/Stdlib/kotlinx/io/Sink.kt:29;Sources/CompilerCore/Stdlib/kotlinx/io/Sink.kt:35;Sources/CompilerCore/Stdlib/kotlinx/io/Sink.kt:46;Sources/CompilerCore/Stdlib/kotlinx/io/RealSink.kt:22;Sources/CompilerCore/Stdlib/kotlinx/io/RealSink.kt:29;Sources/CompilerCore/Stdlib/kotlinx/io/RealSink.kt:33;Sources/CompilerCore/Stdlib/kotlinx/io/RealSink.kt:37;Sources/CompilerCore/Stdlib/kotlinx/io/RealSink.kt:56;Sources/CompilerCore/Stdlib/kotlinx/io/Core.kt:26;Sources/CompilerCore/Stdlib/kotlinx/io/files/FileSystem.kt:105	Tests/CompilerBackendTests/Integration/BundledStdlibExecutionTests+KtorIOCoverage.swift;Tests/RuntimeTests/RuntimeIoFileSystemTests.swift	unverified	KUU-1729	in-scope common/native API	KLIB declaration key: kotlinx.io/Buffer.write|write(kotlinx.io.Buffer;kotlin.Long){}; source declaration line: override fun write(source: ByteArray, startIndex: Int, endIndex: Int) {
klib-28ad704738de4392	core	Kotlin source API / KLIB dump	common	function	yes	kotlinx.io/Buffer	get	final fun get(kotlin/Long): kotlin/Byte	0	none	none	@throws IndexOutOfBoundsException when [position] is negative or greater or equal to [Buffer.size].	core/common/src/Buffer.kt:263	jvm-f93499a1c5e75f12	core/common/test/CommonBufferTest.kt#getByteOfEmptyBuffer;core/common/test/CommonBufferTest.kt#getByteByInvalidIndex;core/common/test/CommonBufferTest.kt#copyToSourceAndTargetCanBeTheSame;core/common/test/CommonBufferTest.kt#copyToEmptyTarget;core/jvm/test/BufferTest.kt#suite-reference	Sources/CompilerCore/Stdlib/kotlinx/io/Buffer.kt:244;Sources/CompilerCore/Stdlib/kotlinx/io/Sources.kt:157;Sources/CompilerCore/Stdlib/kotlinx/io/bytestring/ByteString.kt:23	Tests/RuntimeTests/RuntimeIoFileSystemTests.swift	unverified	KUU-1729	in-scope common/native API	KLIB declaration key: kotlinx.io/Buffer.get|get(kotlin.Long){}; source declaration line: public operator fun get(position: Long): Byte {
klib-28f888234979270b	core	Kotlin source API / KLIB dump	common	function	yes	kotlinx.io	writeUShortLe	final fun (kotlinx.io/Sink).kotlinx.io/writeUShortLe(kotlin/UShort)	0	none	none	@throws IllegalStateException when the sink is closed.; @throws IOException when some I/O error occurs.	core/common/src/Sinks.kt:238	jvm-62cd0659e179dee5	core/common/test/AbstractSinkTest.kt#writeUShortLe;core/common/test/CommonRealSinkTest.kt#suite-reference	Sources/CompilerCore/Stdlib/kotlinx/io/Sinks.kt:230	none	unverified	KUU-1731	in-scope common/native API	KLIB declaration key: kotlinx.io/writeUShortLe|writeUShortLe@kotlinx.io.Sink(kotlin.UShort){}; source declaration line: public fun Sink.writeUShortLe(short: UShort) {
klib-2a3c8fc10ad9fe98	core	Kotlin source API / KLIB dump	common	function	yes	kotlinx.io.files/FileSystem	sink	abstract fun sink(kotlinx.io.files/Path, kotlin/Boolean = ...): kotlinx.io/RawSink	1	none	none	@throws kotlinx.io.IOException when it's not possible to open the file for writing.	core/common/src/files/FileSystem.kt:130	jvm-22f55505dcae0513	core/common/test/files/SmokeFileTest.kt#createAnEmptyFileUsingSink;core/common/test/files/SmokeFileTest.kt#closeFileSinkTwice	Sources/CompilerCore/Stdlib/kotlinx/io/files/FileSystem.kt:24;Sources/CompilerCore/Stdlib/kotlinx/io/files/FileSystem.kt:47	none	unverified	KUU-1730	in-scope common/native API	KLIB declaration key: kotlinx.io.files/FileSystem.sink|sink(kotlinx.io.files.Path;kotlin.Boolean){}; source declaration line: public fun sink(path: Path, append: Boolean = false): RawSink; default expressions are preserved in the pinned source snapshot
klib-326c123a5833a082	core	Kotlin source API / KLIB dump	common	function	yes	kotlinx.io.files/FileSystem	resolve	abstract fun resolve(kotlinx.io.files/Path): kotlinx.io.files/Path	0	none	none	@throws FileNotFoundException if there is no file or directory corresponding to the specified path.	core/common/src/files/FileSystem.kt:152	jvm-70cee5f1aa0aa5f3	core/common/test/files/SmokeFileTest.kt#resolve	Sources/CompilerCore/Stdlib/kotlinx/io/files/FileSystem.kt:26;Sources/CompilerCore/Stdlib/kotlinx/io/files/FileSystem.kt:55	Tests/CompilerCoreTests/Sema/KotlinxIOPathSourceTests.swift;Tests/CompilerCoreTests/Sema/KotlinxIOByteStringSurfaceTests.swift;Tests/RuntimeTests/RuntimeIoFileSystemTests.swift	unverified	KUU-1725	in-scope common/native API	KLIB declaration key: kotlinx.io.files/FileSystem.resolve|resolve(kotlinx.io.files.Path){}; source declaration line: public fun resolve(path: Path): Path
klib-3445037415447ceb	core	Kotlin source API / KLIB dump	common	function	yes	kotlinx.io/Buffer	write	final fun write(kotlin/ByteArray, kotlin/Int, kotlin/Int)	0	none	none	not-declared-in-source	core/common/src/Buffer.kt:375;core/common/src/Buffer.kt:387;core/common/src/Buffer.kt:402	jvm-087be20b33ddd9c6;jvm-4032561c3edc74f3;jvm-50da1040de068c3d	core/common/test/CommonBufferTest.kt#readAndWriteUtf8;core/common/test/CommonBufferTest.kt#writeSplitSourceBufferLeft;core/common/test/CommonBufferTest.kt#writeSplitSourceBufferRight;core/common/test/CommonBufferTest.kt#writePrefixDoesntSplit;core/common/test/CommonBufferTest.kt#writePrefixDoesntSplitButRequiresCompact;core/common/test/CommonBufferTest.kt#writeSourceWithNegativeNumberOfBytes;core/common/test/CommonBufferTest.kt#writePrefixToEmptyBuffer;core/common/test/CommonBufferTest.kt#readAllWritesAllSegmentsAtOnce;core/jvm/test/BufferTest.kt#writeToSpanningSegments;core/jvm/test/BufferTest.kt#writeToStream	Sources/CompilerCore/Stdlib/kotlinx/io/Buffer.kt:384;Sources/CompilerCore/Stdlib/kotlinx/io/Buffer.kt:388;Sources/CompilerCore/Stdlib/kotlinx/io/Buffer.kt:392;Sources/CompilerCore/Stdlib/kotlinx/io/Buffer.kt:404;Sources/CompilerCore/Stdlib/kotlinx/io/Buffer.kt:419;Sources/CompilerCore/Stdlib/kotlinx/io/JvmCore.kt:25;Sources/CompilerCore/Stdlib/kotlinx/io/ByteStrings.kt:16;Sources/CompilerCore/Stdlib/kotlinx/io/RawSink.kt:18;Sources/CompilerCore/Stdlib/kotlinx/io/Segment.kt:321;Sources/CompilerCore/Stdlib/kotlinx/io/Sink.kt:24;Sources/CompilerCore/Stdlib/kotlinx/io/Sink.kt:29;Sources/CompilerCore/Stdlib/kotlinx/io/Sink.kt:35;Sources/CompilerCore/Stdlib/kotlinx/io/Sink.kt:46;Sources/CompilerCore/Stdlib/kotlinx/io/RealSink.kt:22;Sources/CompilerCore/Stdlib/kotlinx/io/RealSink.kt:29;Sources/CompilerCore/Stdlib/kotlinx/io/RealSink.kt:33;Sources/CompilerCore/Stdlib/kotlinx/io/RealSink.kt:37;Sources/CompilerCore/Stdlib/kotlinx/io/RealSink.kt:56;Sources/CompilerCore/Stdlib/kotlinx/io/Core.kt:26;Sources/CompilerCore/Stdlib/kotlinx/io/files/FileSystem.kt:105	Tests/CompilerBackendTests/Integration/BundledStdlibExecutionTests+KtorIOCoverage.swift;Tests/RuntimeTests/RuntimeIoFileSystemTests.swift	unverified	KUU-1729	in-scope common/native API	KLIB declaration key: kotlinx.io/Buffer.write|write(kotlin.ByteArray;kotlin.Int;kotlin.Int){}; source declaration line: override fun write(source: ByteArray, startIndex: Int, endIndex: Int) {
klib-3458721120f74265	core	Kotlin source API / KLIB dump	common	function	yes	kotlinx.io/RawSink	close	abstract fun close()	0	none	none	@throws IOException when some I/O error occurs.	core/common/src/RawSink.kt:69;core/jvm/src/RawSink.kt:32;core/native/src/RawSink.kt:28;core/js/src/RawSink.kt:13;core/wasm/src/RawSink.kt:13	jvm-a90b436f2669054c	core/common/test/AbstractSinkTest.kt#closeEmitsBufferedBytes;core/common/test/CommonRealSinkTest.kt#closeWithExceptionWhenWriting;core/common/test/CommonRealSinkTest.kt#closeWithExceptionWhenClosing;core/common/test/CommonRealSinkTest.kt#closeWithExceptionWhenWritingAndClosing;core/common/test/CommonRealSinkTest.kt#operationsAfterClose;core/common/test/CommonRealSinkTest.kt#closeMultipleTimes	Sources/CompilerCore/Stdlib/kotlinx/io/Buffer.kt:566;Sources/CompilerCore/Stdlib/kotlinx/io/JvmCore.kt:39;Sources/CompilerCore/Stdlib/kotlinx/io/JvmCore.kt:70;Sources/CompilerCore/Stdlib/kotlinx/io/RawSink.kt:25;Sources/CompilerCore/Stdlib/kotlinx/io/RealSink.kt:118;Sources/CompilerCore/Stdlib/kotlinx/io/Core.kt:33;Sources/CompilerCore/Stdlib/kotlinx/io/RawSource.kt:19;Sources/CompilerCore/Stdlib/kotlinx/io/RealSource.kt:132;Sources/CompilerCore/Stdlib/kotlinx/io/PeekSource.kt:58;Sources/CompilerCore/Stdlib/kotlinx/io/files/FileSystem.kt:90;Sources/CompilerCore/Stdlib/kotlinx/io/files/FileSystem.kt:126	Tests/RuntimeTests/RuntimeIoFileSystemTests.swift	unverified	KUU-1730	in-scope common/native API	KLIB declaration key: kotlinx.io/RawSink.close|close(){}; source declaration line: override fun close()
klib-357feb950d572cd3	core	Kotlin source API / KLIB dump	common	class	yes	kotlinx.io.files/FileNotFoundException	FileNotFoundException	open class kotlinx.io.files/FileNotFoundException : kotlinx.io/IOException {	0	none	none	not-declared-in-source	core/common/src/files/FileSystem.kt:213;core/native/src/files/FileSystemNative.kt:117;core/nodeFilesystemShared/src/files/FileSystemNodeJs.kt:127;core/wasmWasi/src/files/FileSystemWasm.kt:371		core/common/test/files/SmokeFileTest.kt#suite-reference	Sources/CompilerCore/Stdlib/kotlinx/io/files/FileNotFoundException.kt:10	Tests/CompilerCoreTests/Sema/KotlinxIOPathSourceTests.swift;Tests/RuntimeTests/RuntimeIoFileSystemTests.swift	unverified	KUU-1725	in-scope common/native API	KLIB declaration key: kotlinx.io.files/FileNotFoundException|null; source declaration line: public expect class FileNotFoundException(message: String?) : IOException
klib-362345f57ba26256	core	Kotlin source API / KLIB dump	common	function	yes	kotlinx.io.files/Path	toString	final fun toString(): kotlin/String	0	none	none	not-declared-in-source	core/common/src/files/Paths.kt:49;core/jvm/src/files/PathsJvm.kt:20;core/native/src/files/PathsNative.kt:37;core/nodeFilesystemShared/src/files/PathsNodeJs.kt:55;core/wasmWasi/src/files/PathsWasm.kt:11	jvm-1d119c4189854ca1	core/common/test/files/SmokeFileTest.kt#suite-reference;core/common/test/files/UtilsTest.kt#suite-reference	Sources/CompilerCore/Stdlib/kotlinx/io/Buffer.kt:577;Sources/CompilerCore/Stdlib/kotlinx/io/JvmCore.kt:41;Sources/CompilerCore/Stdlib/kotlinx/io/JvmCore.kt:72;Sources/CompilerCore/Stdlib/kotlinx/io/RealSink.kt:143;Sources/CompilerCore/Stdlib/kotlinx/io/RealSource.kt:139;Sources/CompilerCore/Stdlib/kotlinx/io/bytestring/ByteString.kt:66;Sources/CompilerCore/Stdlib/kotlinx/io/files/Paths.kt:44;Sources/CompilerCore/Stdlib/kotlinx/io/files/FileSystem.kt:31;Sources/CompilerCore/Stdlib/kotlinx/io/files/FileSystem.kt:45;Sources/CompilerCore/Stdlib/kotlinx/io/files/FileSystem.kt:55;Sources/CompilerCore/Stdlib/kotlinx/io/files/FileSystem.kt:98;Sources/CompilerCore/Stdlib/kotlinx/io/files/FileSystem.kt:134	Tests/CompilerCoreTests/Sema/KotlinxIOByteStringSurfaceTests.swift;Tests/CompilerBackendTests/Integration/BundledStdlibExecutionTests+ByteString.swift;Tests/CompilerBackendTests/Integration/BundledStdlibExecutionTests+ByteStringCodec.swift	unverified	KUU-1725	in-scope common/native API	KLIB declaration key: kotlinx.io.files/Path.toString|toString(){}; source declaration line: override fun toString(): String
klib-3849b34106c51c0d	core	Kotlin source API / KLIB dump	common	function	yes	kotlinx.io	readString	final fun (kotlinx.io/Source).kotlinx.io/readString(): kotlin/String	0	OptIn	none	@throws IllegalStateException when the source is closed.; @throws IOException when some I/O error occurs.	core/common/src/Utf8.kt:208;core/common/src/Utf8.kt:220;core/common/src/Utf8.kt:237;core/jvm/src/SourcesJvm.kt:64;core/jvm/src/SourcesJvm.kt:86	jvm-7c34b65de478db79;jvm-f62b571639841c34;jvm-45bb77b8179a1e2a;jvm-9dff839c0379e551;jvm-4d36316be6a084e7	core/common/test/Utf8Test.kt#readStringWithUnderflow;core/common/test/Utf8Test.kt#readStringWithoutContinuationByte;core/jvm/test/NioTest.kt#suite-reference;core/jvm/test/AbstractSourceTestJVM.kt#readStringTooShortThrows	Sources/CompilerCore/Stdlib/kotlinx/io/SourcesJvm.kt:17;Sources/CompilerCore/Stdlib/kotlinx/io/SourcesJvm.kt:23;Sources/CompilerCore/Stdlib/kotlinx/io/Utf8.kt:40;Sources/CompilerCore/Stdlib/kotlinx/io/Utf8.kt:45;Sources/CompilerCore/Stdlib/kotlinx/io/Utf8.kt:47	Tests/CompilerBackendTests/Integration/BundledStdlibExecutionTests+KtorIOCoverage.swift	unverified	KUU-1733	in-scope common/native API	KLIB declaration key: kotlinx.io/readString|readString@kotlinx.io.Source(){}; source declaration line: public fun Source.readString(): String {
klib-3892125bf6d12ddd	core	Kotlin source API / KLIB dump	common	function	yes	kotlinx.io	readUIntLe	final fun (kotlinx.io/Source).kotlinx.io/readUIntLe(): kotlin/UInt	0	none	none	@throws EOFException when there are not enough data to read an unsigned int value.; @throws IllegalStateException when the source is closed.; @throws IOException when some I/O error occurs.	core/common/src/Sources.kt:376	jvm-75650a1f38bf90bd	core/common/test/AbstractSourceTest.kt#suite-reference;core/common/test/CommonRealSourceTest.kt#suite-reference	Sources/CompilerCore/Stdlib/kotlinx/io/Sources.kt:151	none	unverified	KUU-1731	in-scope common/native API	KLIB declaration key: kotlinx.io/readUIntLe|readUIntLe@kotlinx.io.Source(){}; source declaration line: public fun Source.readUIntLe(): UInt = readIntLe().toUInt()
klib-38cf6f2243741c18	core	Kotlin source API / KLIB dump	common	source-property-accessor	no	kotlinx.io/Segment	size	final fun <get-size>(): kotlin/Int	0	none	none	not-declared-in-source	core/common/src/Segment.kt:353	jvm-cad0e099d21c4740	core/common/test/AbstractSourceTest.kt#readByteArrayWithNegativeSizeThrows;core/common/test/AbstractSourceTest.kt#factorySegmentSizes;core/common/test/AbstractSinkTest.kt#suite-reference	Sources/CompilerCore/Stdlib/kotlinx/io/Buffer.kt:48;Sources/CompilerCore/Stdlib/kotlinx/io/SourcesJvm.kt:47;Sources/CompilerCore/Stdlib/kotlinx/io/Segment.kt:331;Sources/CompilerCore/Stdlib/kotlinx/io/bytestring/ByteString.kt:21;Sources/CompilerCore/Stdlib/kotlinx/io/bytestring/ByteStringBuilder.kt:13;Sources/CompilerCore/Stdlib/kotlinx/io/internal/-Utf8.kt:147;Sources/CompilerCore/Stdlib/kotlinx/io/files/FileSystem.kt:69	Tests/CompilerCoreTests/Sema/KotlinxIOByteStringSurfaceTests.swift;Tests/CompilerBackendTests/Integration/BundledStdlibExecutionTests+ByteString.swift;Tests/CompilerBackendTests/Integration/BundledStdlibExecutionTests+KtorIOCoverage.swift;Tests/RuntimeTests/RuntimeIoFileSystemTests.swift	unverified	KUU-1729	in-scope common/native API	KLIB declaration key: kotlinx.io/Segment.size.<get-size>|<get-size>(){}; source declaration line: public val size: Int; accessor is linked to a source property and is not a separate callable API
klib-3c68d271a161568d	core	Kotlin source API / KLIB dump	common	function	yes	kotlinx.io	readByteString	final fun (kotlinx.io/Source).kotlinx.io/readByteString(kotlin/Int): kotlinx.io.bytestring/ByteString	0	OptIn	none	@throws IllegalStateException if the source is closed.; @throws IOException when some I/O error occurs.	core/common/src/ByteStrings.kt:62;core/common/src/ByteStrings.kt:79	jvm-a4980e7a35cefade;jvm-de8a9217ce53f3a0	core/common/test/AbstractSourceTest.kt#readByteString;core/common/test/AbstractSourceTest.kt#readByteStringPartial;core/common/test/AbstractSourceTest.kt#readByteStringTooShortThrows;core/common/test/AbstractSinkTest.kt#suite-reference;core/common/test/CommonBufferTest.kt#suite-reference	Sources/CompilerCore/Stdlib/kotlinx/io/ByteStrings.kt:36;Sources/CompilerCore/Stdlib/kotlinx/io/ByteStrings.kt:47	none	unverified	KUU-1731	in-scope common/native API	KLIB declaration key: kotlinx.io/readByteString|readByteString@kotlinx.io.Source(kotlin.Int){}; source declaration line: public fun Source.readByteString(): ByteString {
klib-3c9070b2e4f85e53	core	Kotlin source API / KLIB dump	common	property	yes	kotlinx.io.files/FileMetadata	isDirectory	final val isDirectory	0	none	none	not-declared-in-source	core/common/src/files/FileSystem.kt:203	jvm-979e2d8a161de48a	core/common/test/files/SmokeFileTest.kt#suite-reference	Sources/CompilerCore/Stdlib/kotlinx/io/files/FileSystem.kt:68	none	unverified	KUU-1725	in-scope common/native API	KLIB declaration key: kotlinx.io.files/FileMetadata.isDirectory|{}isDirectory; source declaration line: public val isDirectory: Boolean = false,
klib-3d19f06be0624572	core	Kotlin source API / KLIB dump	common	class	yes	kotlinx.io/Buffer	Buffer	final class kotlinx.io/Buffer : kotlinx.io/Sink, kotlinx.io/Source {	0	none	none	not-declared-in-source	core/common/src/Buffer.kt:51;core/nodeFilesystemShared/src/node/buffer.kt:19	jvm-586a8185b5a9d20b;jvm-9ea7377f9ea4a308	core/common/test/CommonBufferTest.kt#bufferToString;core/common/test/CommonBufferTest.kt#multipleSegmentBuffers;core/common/test/CommonBufferTest.kt#moveBytesBetweenBuffersShareSegment;core/common/test/CommonBufferTest.kt#moveBytesBetweenBuffersReassignSegment;core/common/test/CommonBufferTest.kt#moveBytesBetweenBuffersMultipleSegments;core/common/test/CommonBufferTest.kt#writeSplitSourceBufferLeft;core/common/test/CommonBufferTest.kt#writeSplitSourceBufferRight;core/common/test/CommonBufferTest.kt#getByteOfEmptyBuffer;core/jvm/test/BufferTest.kt#bufferInputStreamByteByByte;core/jvm/test/BufferTest.kt#bufferInputStreamBulkReads;core/jvm/test/BufferTest.kt#readEmptyBufferToByteBuffer	Sources/CompilerCore/Stdlib/kotlinx/io/Buffer.kt:38	Tests/CompilerCoreTests/Sema/KotlinxIOByteStringSurfaceTests.swift;Tests/CompilerBackendTests/Integration/BundledStdlibExecutionTests+KtorIOCoverage.swift	unverified	KUU-1729	in-scope common/native API	KLIB declaration key: kotlinx.io/Buffer|null; source declaration line: public class Buffer : Source, Sink {
klib-3d41c73755becbfd	core	Kotlin source API / KLIB dump	common	function	yes	kotlinx.io/Sink	writeShort	abstract fun writeShort(kotlin/Short)	0	none	none	@throws IllegalStateException when the sink is closed.; @throws IOException when some I/O error occurs.	core/common/src/Sink.kt:143	jvm-062caa9941e9a4d4	core/common/test/AbstractSinkTest.kt#writeShort;core/common/test/AbstractSinkTest.kt#writeShorts;core/common/test/AbstractSinkTest.kt#writeShortLe;core/common/test/CommonRealSinkTest.kt#suite-reference	Sources/CompilerCore/Stdlib/kotlinx/io/Buffer.kt:525;Sources/CompilerCore/Stdlib/kotlinx/io/Segment.kt:219;Sources/CompilerCore/Stdlib/kotlinx/io/Sink.kt:56;Sources/CompilerCore/Stdlib/kotlinx/io/RealSink.kt:79	none	unverified	KUU-1731	in-scope common/native API	KLIB declaration key: kotlinx.io/Sink.writeShort|writeShort(kotlin.Short){}; source declaration line: public fun writeShort(short: Short)
klib-3efb72d188d5df64	core	Kotlin source API / KLIB dump	common	source-property-accessor	no	kotlinx.io/Buffer	buffer	final fun <get-buffer>(): kotlinx.io/Buffer	0	InternalIoApi	none	not-declared-in-source	core/common/src/Buffer.kt:77;core/nodeFilesystemShared/src/node/buffer.kt:25	jvm-d53cc9894b43d9de	core/common/test/CommonBufferTest.kt#bufferToString;core/common/test/CommonBufferTest.kt#multipleSegmentBuffers;core/common/test/CommonBufferTest.kt#moveBytesBetweenBuffersShareSegment;core/common/test/CommonBufferTest.kt#moveBytesBetweenBuffersReassignSegment;core/common/test/CommonBufferTest.kt#moveBytesBetweenBuffersMultipleSegments;core/common/test/CommonBufferTest.kt#writeSplitSourceBufferLeft;core/common/test/CommonBufferTest.kt#writeSplitSourceBufferRight;core/common/test/CommonBufferTest.kt#getByteOfEmptyBuffer;core/jvm/test/BufferTest.kt#bufferInputStreamByteByByte;core/jvm/test/BufferTest.kt#bufferInputStreamBulkReads;core/jvm/test/BufferTest.kt#readEmptyBufferToByteBuffer	Sources/CompilerCore/Stdlib/kotlinx/io/Buffer.kt:58;Sources/CompilerCore/Stdlib/kotlinx/io/Source.kt:14;Sources/CompilerCore/Stdlib/kotlinx/io/SourcesJvm.kt:45;Sources/CompilerCore/Stdlib/kotlinx/io/Sink.kt:14;Sources/CompilerCore/Stdlib/kotlinx/io/RealSink.kt:19;Sources/CompilerCore/Stdlib/kotlinx/io/RealSource.kt:18;Sources/CompilerCore/Stdlib/kotlinx/io/PeekSource.kt:23;Sources/CompilerCore/Stdlib/kotlinx/io/bytestring/ByteStringBuilder.kt:10	Tests/CompilerCoreTests/Sema/KotlinxIOByteStringSurfaceTests.swift;Tests/CompilerBackendTests/Integration/BundledStdlibExecutionTests+KtorIOCoverage.swift	unverified	KUU-1729	in-scope common/native API	KLIB declaration key: kotlinx.io/Buffer.buffer.<get-buffer>|<get-buffer>(){}; source declaration line: override val buffer: Buffer get() = this; accessor is linked to a source property and is not a separate callable API
klib-3f0132b282858278	core	Kotlin source API / KLIB dump	common	interface	yes	kotlinx.io.unsafe/BufferIterationContext	BufferIterationContext	abstract interface kotlinx.io.unsafe/BufferIterationContext : kotlinx.io.unsafe/SegmentReadContext {	0	UnsafeIoApi	none	not-declared-in-source	core/common/src/unsafe/UnsafeBufferOperations.kt:519	jvm-f4f1bc70601b0f2e	core/common/test/unsafe/UnsafeBufferOperationsForEachTest.kt#suite-reference;core/common/test/unsafe/UnsafeBufferOperationsIterationTest.kt#suite-reference;core/common/test/unsafe/UnsafeBufferOperationsMoveTest.kt#suite-reference;core/common/test/unsafe/UnsafeBufferOperationsReadTest.kt#suite-reference;core/common/test/unsafe/UnsafeBufferOperationsWriteTest.kt#suite-reference	Sources/CompilerCore/Stdlib/kotlinx/io/unsafe/UnsafeBufferOperations.kt:522	none	unverified	KUU-1729	in-scope common/native API	KLIB declaration key: kotlinx.io.unsafe/BufferIterationContext|null; source declaration line: public interface BufferIterationContext : SegmentReadContext {
klib-3fa0f868cc4fbb72	core	Kotlin source API / KLIB dump	common	function	yes	kotlinx.io/Sink	flush	abstract fun flush()	0	none	none	@throws IllegalStateException when the sink is closed.; @throws IOException when some I/O error occurs.	core/common/src/Sink.kt:178	jvm-88483d361191dcca	core/common/test/AbstractSinkTest.kt#suite-reference;core/common/test/CommonRealSinkTest.kt#bufferedSinkFlush;core/common/test/CommonRealSinkTest.kt#bytesEmittedToSinkWithFlush;core/common/test/CommonRealSinkTest.kt#bytesNotEmittedToSinkWithoutFlush	Sources/CompilerCore/Stdlib/kotlinx/io/Buffer.kt:167;Sources/CompilerCore/Stdlib/kotlinx/io/JvmCore.kt:37;Sources/CompilerCore/Stdlib/kotlinx/io/RawSink.kt:23;Sources/CompilerCore/Stdlib/kotlinx/io/Sink.kt:71;Sources/CompilerCore/Stdlib/kotlinx/io/RealSink.kt:110;Sources/CompilerCore/Stdlib/kotlinx/io/Core.kt:30;Sources/CompilerCore/Stdlib/kotlinx/io/files/FileSystem.kt:124	none	unverified	KUU-1730	in-scope common/native API	KLIB declaration key: kotlinx.io/Sink.flush|flush(){}; source declaration line: override fun flush()
klib-41e3c3eeaaba19c0	core	Kotlin source API / KLIB dump	common	function	yes	kotlinx.io	writeToInternalBuffer	final inline fun (kotlinx.io/Sink).kotlinx.io/writeToInternalBuffer(kotlin/Function1<kotlinx.io/Buffer, kotlin/Unit>)	0	DelicateIoApi,OptIn	none	@throws IllegalStateException when the sink is closed.; @throws IOException when some I/O error occurs.	core/common/src/Sinks.kt:370	jvm-7fcbba2f1b0c2e73	core/common/test/AbstractSinkTest.kt#suite-reference;core/common/test/CommonRealSinkTest.kt#suite-reference	Sources/CompilerCore/Stdlib/kotlinx/io/Sinks.kt:357	none	unverified	KUU-1729	in-scope common/native API	KLIB declaration key: kotlinx.io/writeToInternalBuffer|writeToInternalBuffer@kotlinx.io.Sink(kotlin.Function1<kotlinx.io.Buffer,kotlin.Unit>){}; source declaration line: public inline fun Sink.writeToInternalBuffer(lambda: (Buffer) -> Unit) {
klib-42970e7fff753d0c	core	Kotlin source API / KLIB dump	common	function	yes	kotlinx.io/Buffer	readLong	final fun readLong(): kotlin/Long	0	none	none	not-declared-in-source	core/common/src/Buffer.kt:148	jvm-29afb60319c25dd1	core/common/test/CommonBufferTest.kt#suite-reference;core/jvm/test/BufferTest.kt#suite-reference	Sources/CompilerCore/Stdlib/kotlinx/io/Buffer.kt:129;Sources/CompilerCore/Stdlib/kotlinx/io/Sources.kt:12;Sources/CompilerCore/Stdlib/kotlinx/io/Sources.kt:149;Sources/CompilerCore/Stdlib/kotlinx/io/Sources.kt:154;Sources/CompilerCore/Stdlib/kotlinx/io/Source.kt:51;Sources/CompilerCore/Stdlib/kotlinx/io/Segment.kt:278;Sources/CompilerCore/Stdlib/kotlinx/io/RealSource.kt:105	none	unverified	KUU-1729	in-scope common/native API	KLIB declaration key: kotlinx.io/Buffer.readLong|readLong(){}; source declaration line: override fun readLong(): Long {
klib-4321c6311cdce9b7	core	Kotlin source API / KLIB dump	common	property	yes	kotlinx.io.files/Path	isAbsolute	final val isAbsolute	0	none	none	not-declared-in-source	core/common/src/files/Paths.kt:41;core/jvm/src/files/PathsJvm.kt:33;core/native/src/files/PathsNative.kt:49;core/nodeFilesystemShared/src/files/PathsNodeJs.kt:38;core/wasmWasi/src/files/PathsWasm.kt:50	jvm-4bc6eebea674f433	core/common/test/files/SmokeFileTest.kt#isAbsolute;core/common/test/files/UtilsTest.kt#suite-reference	Sources/CompilerCore/Stdlib/kotlinx/io/files/Paths.kt:27	Tests/CompilerCoreTests/Sema/KotlinxIOPathSourceTests.swift	unverified	KUU-1725	in-scope common/native API	KLIB declaration key: kotlinx.io.files/Path.isAbsolute|{}isAbsolute; source declaration line: public val isAbsolute: Boolean
klib-4366654b667dcd7f	core	Kotlin source API / KLIB dump	common	function	yes	kotlinx.io	readString	final fun (kotlinx.io/Buffer).kotlinx.io/readString(): kotlin/String	0	OptIn	none	@throws IllegalStateException when the source is closed.; @throws IOException when some I/O error occurs.	core/common/src/Utf8.kt:208;core/common/src/Utf8.kt:220;core/common/src/Utf8.kt:237;core/jvm/src/SourcesJvm.kt:64;core/jvm/src/SourcesJvm.kt:86	jvm-7c34b65de478db79;jvm-f62b571639841c34;jvm-45bb77b8179a1e2a;jvm-9dff839c0379e551;jvm-4d36316be6a084e7	core/common/test/Utf8Test.kt#readStringWithUnderflow;core/common/test/Utf8Test.kt#readStringWithoutContinuationByte;core/jvm/test/NioTest.kt#suite-reference;core/jvm/test/AbstractSourceTestJVM.kt#readStringTooShortThrows	Sources/CompilerCore/Stdlib/kotlinx/io/SourcesJvm.kt:17;Sources/CompilerCore/Stdlib/kotlinx/io/SourcesJvm.kt:23;Sources/CompilerCore/Stdlib/kotlinx/io/Utf8.kt:40;Sources/CompilerCore/Stdlib/kotlinx/io/Utf8.kt:45;Sources/CompilerCore/Stdlib/kotlinx/io/Utf8.kt:47	Tests/CompilerBackendTests/Integration/BundledStdlibExecutionTests+KtorIOCoverage.swift	unverified	KUU-1733	in-scope common/native API	KLIB declaration key: kotlinx.io/readString|readString@kotlinx.io.Buffer(){}; source declaration line: public fun Source.readString(): String {
klib-4709034f040eb8ff	core	Kotlin source API / KLIB dump	common	function	yes	kotlinx.io.files/FileSystem	source	abstract fun source(kotlinx.io.files/Path): kotlinx.io/RawSource	0	none	none	@throws kotlinx.io.files.FileNotFoundException when the file does not exist.; @throws kotlinx.io.IOException when it's not possible to open the file for reading.	core/common/src/files/FileSystem.kt:111		core/common/test/files/SmokeFileTest.kt#closeFileSourceTwice	Sources/CompilerCore/Stdlib/kotlinx/io/files/FileSystem.kt:23;Sources/CompilerCore/Stdlib/kotlinx/io/files/FileSystem.kt:45	Tests/CompilerCoreTests/Sema/KotlinxIOPathSourceTests.swift;Tests/CompilerCoreTests/Sema/KotlinxIOByteStringSurfaceTests.swift;Tests/CompilerBackendTests/Integration/BundledStdlibExecutionTests+KtorIOCoverage.swift;Tests/RuntimeTests/RuntimeIoFileSystemTests.swift	unverified	KUU-1730	in-scope common/native API	KLIB declaration key: kotlinx.io.files/FileSystem.source|source(kotlinx.io.files.Path){}; source declaration line: public fun source(path: Path): RawSource
klib-49fed0452a7d05c0	core	Kotlin source API / KLIB dump	common	function	yes	kotlinx.io/Buffer	writeInt	final fun writeInt(kotlin/Int)	0	none	none	not-declared-in-source	core/common/src/Buffer.kt:511	jvm-a74eb4b69e08f6ce	core/common/test/CommonBufferTest.kt#suite-reference;core/jvm/test/BufferTest.kt#suite-reference	Sources/CompilerCore/Stdlib/kotlinx/io/Buffer.kt:530;Sources/CompilerCore/Stdlib/kotlinx/io/Segment.kt:227;Sources/CompilerCore/Stdlib/kotlinx/io/Sink.kt:61;Sources/CompilerCore/Stdlib/kotlinx/io/RealSink.kt:85	none	unverified	KUU-1729	in-scope common/native API	KLIB declaration key: kotlinx.io/Buffer.writeInt|writeInt(kotlin.Int){}; source declaration line: override fun writeInt(int: Int) {
klib-4aa81c5400af93fe	core	Kotlin source API / KLIB dump	common	property	yes	kotlinx.io/Segment	remainingCapacity	final val remainingCapacity	0	none	none	not-declared-in-source	core/common/src/Segment.kt:361	jvm-a1a5e882e433fb36	core/common/test/AbstractSourceTest.kt#suite-reference;core/common/test/AbstractSinkTest.kt#suite-reference	Sources/CompilerCore/Stdlib/kotlinx/io/Segment.kt:339	none	unverified	KUU-1729	in-scope common/native API	KLIB declaration key: kotlinx.io/Segment.remainingCapacity|{}remainingCapacity; source declaration line: public val remainingCapacity: Int
klib-4ab35f2484026657	core	Kotlin source API / KLIB dump	common	class	yes	kotlinx.io/Segment	Segment	final class kotlinx.io/Segment {	0	none	none	not-declared-in-source	core/common/src/Segment.kt:81	jvm-e405f88094ec1353;jvm-10b30352f0231b23	core/common/test/AbstractSourceTest.kt#readShortSplitAcrossMultipleSegments;core/common/test/AbstractSourceTest.kt#readIntSplitAcrossMultipleSegments;core/common/test/AbstractSourceTest.kt#readLongSplitAcrossMultipleSegments;core/common/test/AbstractSourceTest.kt#readUtf8SpansSegments;core/common/test/AbstractSourceTest.kt#readUtf8Segment;core/common/test/AbstractSourceTest.kt#longHexStringAcrossSegment;core/common/test/AbstractSourceTest.kt#longDecimalStringAcrossSegment;core/common/test/AbstractSourceTest.kt#peekSegmentThenInvalid;core/common/test/AbstractSinkTest.kt#writeLastByteInSegment;core/common/test/AbstractSinkTest.kt#writeLastIntegerInSegment;core/common/test/AbstractSinkTest.kt#writeIntegerDoesNotQuiteFitInSegment	Sources/CompilerCore/Stdlib/kotlinx/io/Segment.kt:66	none	unverified	KUU-1729	in-scope common/native API	KLIB declaration key: kotlinx.io/Segment|null; source declaration line: public class Segment {
klib-4dad9fe908d53ceb	core	Kotlin source API / KLIB dump	common	function	yes	kotlinx.io/Buffer	writeLong	final fun writeLong(kotlin/Long)	0	none	none	not-declared-in-source	core/common/src/Buffer.kt:516	jvm-847dbe1e73357850	core/common/test/CommonBufferTest.kt#suite-reference;core/jvm/test/BufferTest.kt#suite-reference	Sources/CompilerCore/Stdlib/kotlinx/io/Buffer.kt:535;Sources/CompilerCore/Stdlib/kotlinx/io/Segment.kt:237;Sources/CompilerCore/Stdlib/kotlinx/io/Sink.kt:66;Sources/CompilerCore/Stdlib/kotlinx/io/RealSink.kt:91	none	unverified	KUU-1729	in-scope common/native API	KLIB declaration key: kotlinx.io/Buffer.writeLong|writeLong(kotlin.Long){}; source declaration line: override fun writeLong(long: Long) {
klib-4ee0099543291bca	core	Kotlin source API / KLIB dump	common	interface	yes	kotlinx.io.unsafe/SegmentWriteContext	SegmentWriteContext	abstract interface kotlinx.io.unsafe/SegmentWriteContext {	0	UnsafeIoApi	none	not-declared-in-source	core/common/src/unsafe/UnsafeBufferOperations.kt:441	jvm-b7a5748618f52f9c	core/common/test/unsafe/UnsafeBufferOperationsForEachTest.kt#suite-reference;core/common/test/unsafe/UnsafeBufferOperationsIterationTest.kt#suite-reference;core/common/test/unsafe/UnsafeBufferOperationsMoveTest.kt#suite-reference;core/common/test/unsafe/UnsafeBufferOperationsReadTest.kt#suite-reference;core/common/test/unsafe/UnsafeBufferOperationsWriteTest.kt#suite-reference	Sources/CompilerCore/Stdlib/kotlinx/io/unsafe/UnsafeBufferOperations.kt:444	none	unverified	KUU-1729	in-scope common/native API	KLIB declaration key: kotlinx.io.unsafe/SegmentWriteContext|null; source declaration line: public interface SegmentWriteContext {
klib-51d6c72a1f365869	core	Kotlin source API / KLIB dump	common	function	yes	kotlinx.io/Sink	writeByte	abstract fun writeByte(kotlin/Byte)	0	none	none	@throws IllegalStateException when the sink is closed.; @throws IOException when some I/O error occurs.	core/common/src/Sink.kt:131	jvm-80140cb68030c0ac	core/common/test/AbstractSinkTest.kt#writeByteArray;core/common/test/AbstractSinkTest.kt#writeByte;core/common/test/AbstractSinkTest.kt#writeBytes;core/common/test/AbstractSinkTest.kt#writeByteString;core/common/test/AbstractSinkTest.kt#writeByteStringOffset;core/common/test/CommonRealSinkTest.kt#suite-reference	Sources/CompilerCore/Stdlib/kotlinx/io/Buffer.kt:520;Sources/CompilerCore/Stdlib/kotlinx/io/Segment.kt:215;Sources/CompilerCore/Stdlib/kotlinx/io/Sink.kt:51;Sources/CompilerCore/Stdlib/kotlinx/io/RealSink.kt:73	none	unverified	KUU-1731	in-scope common/native API	KLIB declaration key: kotlinx.io/Sink.writeByte|writeByte(kotlin.Byte){}; source declaration line: public fun writeByte(byte: Byte)
klib-539fc5d95ef77842	core	Kotlin source API / KLIB dump	common	interface	yes	kotlinx.io.files/FileSystem	FileSystem	sealed interface kotlinx.io.files/FileSystem {	0	none	none	not-declared-in-source	core/common/src/files/FileSystem.kt:30	jvm-a6e20178732ee016	core/common/test/files/SmokeFileTest.kt#basicFileSystemOps	Sources/CompilerCore/Stdlib/kotlinx/io/files/FileSystem.kt:18	Tests/RuntimeTests/RuntimeIoFileSystemTests.swift	unverified	KUU-1725	in-scope common/native API	KLIB declaration key: kotlinx.io.files/FileSystem|null; source declaration line: public sealed interface FileSystem {
klib-53ba821bab96c77e	core	Kotlin source API / KLIB dump	common	function	yes	kotlinx.io/Buffer	require	final fun require(kotlin/Long)	0	none	none	not-declared-in-source	core/common/src/Buffer.kt:81	jvm-c45b5e3ffce737ca	core/common/test/CommonBufferTest.kt#writePrefixDoesntSplitButRequiresCompact;core/jvm/test/BufferTest.kt#suite-reference	Sources/CompilerCore/Stdlib/kotlinx/io/Buffer.kt:62;Sources/CompilerCore/Stdlib/kotlinx/io/Source.kt:25;Sources/CompilerCore/Stdlib/kotlinx/io/RealSource.kt:39	Tests/CompilerCoreTests/Sema/KotlinxIOPathSourceTests.swift	unverified	KUU-1729	in-scope common/native API	KLIB declaration key: kotlinx.io/Buffer.require|require(kotlin.Long){}; source declaration line: override fun require(byteCount: Long) {
klib-5583f286d28de419	core	Kotlin source API / KLIB dump	common	source-property-accessor	no	kotlinx.io.files/Path	parent	final fun <get-parent>(): kotlinx.io.files/Path?	0	none	none	not-declared-in-source	core/common/src/files/Paths.kt:24;core/jvm/src/files/PathsJvm.kt:14;core/native/src/files/PathsNative.kt:24;core/nodeFilesystemShared/src/files/PathsNodeJs.kt:20;core/wasmWasi/src/files/PathsWasm.kt:26	jvm-3d3e2c3894489dcf	core/common/test/files/SmokeFileTest.kt#pathParent;core/common/test/files/UtilsTest.kt#suite-reference	Sources/CompilerCore/Stdlib/kotlinx/io/files/Paths.kt:15	Tests/CompilerCoreTests/Sema/KotlinxIOPathSourceTests.swift	unverified	KUU-1725	in-scope common/native API	KLIB declaration key: kotlinx.io.files/Path.parent.<get-parent>|<get-parent>(){}; source declaration line: public val parent: Path?; accessor is linked to a source property and is not a separate callable API
klib-55dcad01b8bc6432	core	Kotlin source API / KLIB dump	common	interface	yes	kotlinx.io/RawSource	RawSource	abstract interface kotlinx.io/RawSource : kotlin/AutoCloseable {	0	none	none	not-declared-in-source	core/common/src/RawSource.kt:42	jvm-f8d085329509298b	core/common/test/AbstractSourceTest.kt#suite-reference;core/common/test/CommonRealSourceTest.kt#suite-reference	Sources/CompilerCore/Stdlib/kotlinx/io/RawSource.kt:12	none	unverified	KUU-1730	in-scope common/native API	KLIB declaration key: kotlinx.io/RawSource|null; source declaration line: public interface RawSource : AutoCloseable {
klib-56c50bf69a16e323	core	Kotlin source API / KLIB dump	common	function	yes	kotlinx.io	readUByte	final fun (kotlinx.io/Source).kotlinx.io/readUByte(): kotlin/UByte	0	none	none	@throws EOFException when there are no more bytes to read.; @throws IllegalStateException when the source is closed.; @throws IOException when some I/O error occurs.	core/common/src/Sources.kt:316	jvm-0a72285838b7ee02	core/common/test/AbstractSourceTest.kt#suite-reference;core/common/test/CommonRealSourceTest.kt#suite-reference	Sources/CompilerCore/Stdlib/kotlinx/io/Sources.kt:146	none	unverified	KUU-1731	in-scope common/native API	KLIB declaration key: kotlinx.io/readUByte|readUByte@kotlinx.io.Source(){}; source declaration line: public fun Source.readUByte(): UByte = readByte().toUByte()
klib-58329ccccc665665	core	Kotlin source API / KLIB dump	common	function	yes	kotlinx.io	readFloatLe	final fun (kotlinx.io/Source).kotlinx.io/readFloatLe(): kotlin/Float	0	none	none	@throws EOFException when there are not enough data to read an unsigned int value.; @throws IllegalStateException when the source is closed.; @throws IOException when some I/O error occurs.	core/common/src/Sources.kt:438	jvm-10e465db4093b7d1	core/common/test/AbstractSourceTest.kt#readFloatLe;core/common/test/CommonRealSourceTest.kt#suite-reference	Sources/CompilerCore/Stdlib/kotlinx/io/Sources.kt:155	none	unverified	KUU-1731	in-scope common/native API	KLIB declaration key: kotlinx.io/readFloatLe|readFloatLe@kotlinx.io.Source(){}; source declaration line: public fun Source.readFloatLe(): Float = Float.fromBits(readIntLe())
klib-5864c1c328005421	core	Kotlin source API / KLIB dump	common	function	yes	kotlinx.io	indexOf	final fun (kotlinx.io/Source).kotlinx.io/indexOf(kotlinx.io.bytestring/ByteString, kotlin/Long = ...): kotlin/Long	1	none	none	@throws IllegalStateException when the source is closed.; @throws IllegalArgumentException when `startIndex > endIndex` or either of indices is negative.	core/common/src/Buffers.kt:46;core/common/src/ByteStrings.kt:102;core/common/src/ByteStrings.kt:138;core/common/src/Segment.kt:443;core/common/src/Sources.kt:207	jvm-f6bcd3cd68148c1c;jvm-29a01d1deaf3b966;jvm-f7149091543e4d8d;jvm-c8fed085c1043658;jvm-32ddc189d171b174;jvm-b88878973d5558f7;jvm-e66e0d9e9c4f3788;jvm-5c5fb6c81ee3a3b9	core/common/test/CommonBufferTest.kt#indexOfWithOffset;core/common/test/CommonBufferTest.kt#indexOfByteString;core/jvm/test/BufferTest.kt#suite-reference;core/common/test/AbstractSourceTest.kt#indexOf;core/common/test/AbstractSourceTest.kt#indexOfByteWithStartOffset;core/common/test/AbstractSourceTest.kt#indexOfByteWithIndices;core/common/test/AbstractSourceTest.kt#indexOfByteInvalidBoundsThrows;core/common/test/AbstractSourceTest.kt#indexOfByteWithFromIndex;core/common/test/AbstractSourceTest.kt#indexOfByteString;core/common/test/AbstractSourceTest.kt#indexOfByteStringAtSegmentBoundary;core/common/test/AbstractSourceTest.kt#indexOfDoesNotWrapAround;core/common/test/AbstractSinkTest.kt#suite-reference;core/common/test/CommonRealSourceTest.kt#indexOfStopsReadingAtLimit	Sources/CompilerCore/Stdlib/kotlinx/io/Buffer.kt:263;Sources/CompilerCore/Stdlib/kotlinx/io/ByteStrings.kt:59;Sources/CompilerCore/Stdlib/kotlinx/io/ByteStrings.kt:77;Sources/CompilerCore/Stdlib/kotlinx/io/Sources.kt:83;Sources/CompilerCore/Stdlib/kotlinx/io/Buffers.kt:44;Sources/CompilerCore/Stdlib/kotlinx/io/Segment.kt:417;Sources/CompilerCore/Stdlib/kotlinx/io/bytestring/ByteString.kt:126;Sources/CompilerCore/Stdlib/kotlinx/io/bytestring/ByteString.kt:135;Sources/CompilerCore/Stdlib/kotlinx/io/bytestring/ByteString.kt:138	Tests/CompilerBackendTests/Integration/BundledStdlibExecutionTests+ByteString.swift	unverified	KUU-1729	in-scope common/native API	KLIB declaration key: kotlinx.io/indexOf|indexOf@kotlinx.io.Source(kotlinx.io.bytestring.ByteString;kotlin.Long){}; source declaration line: public fun Buffer.indexOf(byte: Byte, startIndex: Long = 0, endIndex: Long = size): Long {; default expressions are preserved in the pinned source snapshot
klib-5930fa79e883d19e	core	Kotlin source API / KLIB dump	common	function	yes	kotlinx.io/Buffer	copy	final fun copy(): kotlinx.io/Buffer	0	none	none	not-declared-in-source	core/common/src/Buffer.kt:524	jvm-a0744a6e86d2bdcb	core/common/test/CommonBufferTest.kt#copyTo;core/common/test/CommonBufferTest.kt#copyToAll;core/common/test/CommonBufferTest.kt#copyToWithOnlyStartIndex;core/common/test/CommonBufferTest.kt#copyToWithOnlyEndIndex;core/common/test/CommonBufferTest.kt#copyToOnSegmentBoundary;core/common/test/CommonBufferTest.kt#copyToOffSegmentBoundary;core/common/test/CommonBufferTest.kt#copyToSourceAndTargetCanBeTheSame;core/common/test/CommonBufferTest.kt#copyToEmptySource;core/jvm/test/BufferTest.kt#copyToSpanningSegments;core/jvm/test/BufferTest.kt#copyToSkippingSegments;core/jvm/test/BufferTest.kt#copyToStream;core/jvm/test/BufferTest.kt#copyToOutputStream;core/jvm/test/BufferTest.kt#copyToOutputStreamWithStartIndex;core/jvm/test/BufferTest.kt#copyToOutputStreamWithEndIndex;core/jvm/test/BufferTest.kt#copyToOutputStreamWithIndices;core/jvm/test/BufferTest.kt#copyToOutputStreamWithEmptyRange	Sources/CompilerCore/Stdlib/kotlinx/io/Buffer.kt:543	Tests/CompilerBackendTests/Integration/BundledStdlibExecutionTests+KtorIOCoverage.swift	unverified	KUU-1729	in-scope common/native API	KLIB declaration key: kotlinx.io/Buffer.copy|copy(){}; source declaration line: public fun copy(): Buffer {
klib-5b4b7a703c6dd6be	core	Kotlin source API / KLIB dump	common	function	yes	kotlinx.io	readLineStrict	final fun (kotlinx.io/Source).kotlinx.io/readLineStrict(kotlin/Long = ...): kotlin/String	1	OptIn	none	@throws EOFException when the source does not contain a string consisting with at most [limit] bytes followed by; @throws IllegalStateException when the source is closed.; @throws IllegalArgumentException when [limit] is negative.; @throws IOException when some I/O error occurs.	core/common/src/Utf8.kt:343	jvm-e9623fbf6c3de400;jvm-a909d96b4e6edf31	core/common/test/Utf8Test.kt#suite-reference	Sources/CompilerCore/Stdlib/kotlinx/io/Utf8.kt:118	none	unverified	KUU-1733	in-scope common/native API	KLIB declaration key: kotlinx.io/readLineStrict|readLineStrict@kotlinx.io.Source(kotlin.Long){}; source declaration line: public fun Source.readLineStrict(limit: Long = Long.MAX_VALUE): String {; default expressions are preserved in the pinned source snapshot
klib-5bdd91ace02d887d	core	Kotlin source API / KLIB dump	common	function	yes	kotlinx.io.files/FileSystem	list	abstract fun list(kotlinx.io.files/Path): kotlin.collections/Collection<kotlinx.io.files/Path>	0	none	none	@throws FileNotFoundException if [directory] does not exist.; @throws IOException if [directory] points to something other than directory.; @throws IOException if there was an underlying error preventing listing [directory] children.	core/common/src/files/FileSystem.kt:171	jvm-c707e70806512825	core/common/test/files/SmokeFileTest.kt#listDirectory	Sources/CompilerCore/Stdlib/kotlinx/io/files/FileSystem.kt:27;Sources/CompilerCore/Stdlib/kotlinx/io/files/FileSystem.kt:57	Tests/RuntimeTests/RuntimeIoFileSystemTests.swift	unverified	KUU-1725	in-scope common/native API	KLIB declaration key: kotlinx.io.files/FileSystem.list|list(kotlinx.io.files.Path){}; source declaration line: public fun list(directory: Path): Collection<Path>
klib-63d334f6656afcd4	core	Kotlin source API / KLIB dump	common	function	yes	kotlinx.io/Buffer	emit	final fun emit()	0	none	none	not-declared-in-source	core/common/src/Buffer.kt:181	jvm-95408c3fbd2ac210	core/common/test/CommonBufferTest.kt#suite-reference;core/jvm/test/BufferTest.kt#suite-reference	Sources/CompilerCore/Stdlib/kotlinx/io/Buffer.kt:162;Sources/CompilerCore/Stdlib/kotlinx/io/Sink.kt:76;Sources/CompilerCore/Stdlib/kotlinx/io/RealSink.kt:104	none	unverified	KUU-1729	in-scope common/native API	KLIB declaration key: kotlinx.io/Buffer.emit|emit(){}; source declaration line: override fun emit(): Unit = Unit
klib-65e6983c396014fe	core	Kotlin source API / KLIB dump	common	function	yes	kotlinx.io/Buffer	request	final fun request(kotlin/Long): kotlin/Boolean	0	none	none	not-declared-in-source	core/common/src/Buffer.kt:88	jvm-b462e9e0da7a9abd	core/common/test/CommonBufferTest.kt#moveAllRequestedBytesWithRead;core/common/test/CommonBufferTest.kt#moveFewerThanRequestedBytesWithRead;core/jvm/test/BufferTest.kt#suite-reference	Sources/CompilerCore/Stdlib/kotlinx/io/Buffer.kt:69;Sources/CompilerCore/Stdlib/kotlinx/io/Sources.kt:157;Sources/CompilerCore/Stdlib/kotlinx/io/Source.kt:31;Sources/CompilerCore/Stdlib/kotlinx/io/RealSource.kt:43	Tests/CompilerBackendTests/Integration/BundledStdlibExecutionTests+KtorIOCoverage.swift;Tests/RuntimeTests/RuntimeIoFileSystemTests.swift	unverified	KUU-1729	in-scope common/native API	KLIB declaration key: kotlinx.io/Buffer.request|request(kotlin.Long){}; source declaration line: override fun request(byteCount: Long): Boolean {
klib-67716886daea09d4	core	Kotlin source API / KLIB dump	common	function	yes	kotlinx.io.files	Path	final fun kotlinx.io.files/Path(kotlinx.io.files/Path, kotlin/Array<out kotlin/String>...): kotlinx.io.files/Path	0	none	none	not-declared-in-source	core/common/src/files/Paths.kt:75;core/common/src/files/Paths.kt:80;core/common/src/files/Paths.kt:96;core/jvm/src/files/PathsJvm.kt:42;core/native/src/files/PathsNative.kt:65;core/nodeFilesystemShared/src/files/PathsNodeJs.kt:75;core/wasmWasi/src/files/PathsWasm.kt:57	jvm-1f3784b48d97ce4e;jvm-ffdb0d2028ba3065;jvm-3e4062a8e15752f1	core/common/test/files/SmokeFileTest.kt#pathParent;core/common/test/files/SmokeFileTest.kt#pathConcat;core/common/test/files/SmokeFileTest.kt#pathEquality;core/common/test/files/UtilsTest.kt#testPathTrimmingUnix;core/common/test/files/UtilsTest.kt#testPathTrimmingWindows	Sources/CompilerCore/Stdlib/kotlinx/io/files/Paths.kt:58;Sources/CompilerCore/Stdlib/kotlinx/io/files/Paths.kt:65;Sources/CompilerCore/Stdlib/kotlinx/io/files/Paths.kt:77;Sources/CompilerCore/Stdlib/kotlinx/io/files/FileSystem.kt:55	Tests/CompilerCoreTests/Sema/KotlinxIOPathSourceTests.swift;Tests/CompilerBackendTests/Integration/BundledStdlibExecutionTests+KtorIOCoverage.swift;Tests/RuntimeTests/RuntimeIoFileSystemTests.swift	unverified	KUU-1725	in-scope common/native API	KLIB declaration key: kotlinx.io.files/Path|Path(kotlinx.io.files.Path;kotlin.Array<out|kotlin.String>...){}; source declaration line: public expect fun Path(path: String): Path
klib-682923f3d5dba325	core	Kotlin source API / KLIB dump	common	property	yes	kotlinx.io/Source	buffer	abstract val buffer	0	InternalIoApi	none	not-declared-in-source	core/common/src/Source.kt:77	jvm-cadd2dc570822778	core/common/test/AbstractSourceTest.kt#readAtMostToBufferFromSourceWithFilledBuffer;core/common/test/AbstractSourceTest.kt#readAtMostToNonEmptyBufferFromSourceWithFilledBuffer;core/common/test/AbstractSourceTest.kt#readAtMostToByteArrayFromSourceWithFilledBuffer;core/common/test/AbstractSourceTest.kt#readUtf8PartialBuffer;core/common/test/AbstractSourceTest.kt#readUtf8EntireBuffer;core/common/test/CommonRealSourceTest.kt#requireTracksBufferFirst;core/common/test/CommonRealSourceTest.kt#requireIncludesBufferBytes;core/common/test/CommonRealSourceTest.kt#skipTracksBufferFirst	Sources/CompilerCore/Stdlib/kotlinx/io/Buffer.kt:58;Sources/CompilerCore/Stdlib/kotlinx/io/Source.kt:14;Sources/CompilerCore/Stdlib/kotlinx/io/SourcesJvm.kt:45;Sources/CompilerCore/Stdlib/kotlinx/io/Sink.kt:14;Sources/CompilerCore/Stdlib/kotlinx/io/RealSink.kt:19;Sources/CompilerCore/Stdlib/kotlinx/io/RealSource.kt:18;Sources/CompilerCore/Stdlib/kotlinx/io/PeekSource.kt:23;Sources/CompilerCore/Stdlib/kotlinx/io/bytestring/ByteStringBuilder.kt:10	Tests/CompilerCoreTests/Sema/KotlinxIOByteStringSurfaceTests.swift;Tests/CompilerBackendTests/Integration/BundledStdlibExecutionTests+KtorIOCoverage.swift	unverified	KUU-1729	in-scope common/native API	KLIB declaration key: kotlinx.io/Source.buffer|{}buffer; source declaration line: public val buffer: Buffer
klib-68baf701ff31ad9b	core	Kotlin source API / KLIB dump	common	function	yes	kotlinx.io	readUShort	final fun (kotlinx.io/Source).kotlinx.io/readUShort(): kotlin/UShort	0	none	none	@throws EOFException when there are not enough data to read an unsigned short value.; @throws IllegalStateException when the source is closed.; @throws IOException when some I/O error occurs.	core/common/src/Sources.kt:328	jvm-0572ad84e83e240c	core/common/test/AbstractSourceTest.kt#suite-reference;core/common/test/CommonRealSourceTest.kt#suite-reference	Sources/CompilerCore/Stdlib/kotlinx/io/Sources.kt:147	none	unverified	KUU-1731	in-scope common/native API	KLIB declaration key: kotlinx.io/readUShort|readUShort@kotlinx.io.Source(){}; source declaration line: public fun Source.readUShort(): UShort = readShort().toUShort()
klib-6acf344318aaed3d	core	Kotlin source API / KLIB dump	common	function	yes	kotlinx.io	writeULongLe	final fun (kotlinx.io/Sink).kotlinx.io/writeULongLe(kotlin/ULong)	0	none	none	@throws IllegalStateException when the sink is closed.; @throws IOException when some I/O error occurs.	core/common/src/Sinks.kt:266	jvm-4ae42935a225a9af	core/common/test/AbstractSinkTest.kt#writeULongLe;core/common/test/CommonRealSinkTest.kt#suite-reference	Sources/CompilerCore/Stdlib/kotlinx/io/Sinks.kt:254	none	unverified	KUU-1731	in-scope common/native API	KLIB declaration key: kotlinx.io/writeULongLe|writeULongLe@kotlinx.io.Sink(kotlin.ULong){}; source declaration line: public fun Sink.writeULongLe(long: ULong) {
klib-6b0debf09de64260	core	Kotlin source API / KLIB dump	common	function	yes	kotlinx.io/Source	readAtMostTo	abstract fun readAtMostTo(kotlin/ByteArray, kotlin/Int = ..., kotlin/Int = ...): kotlin/Int	2	none	none	@throws IndexOutOfBoundsException when [startIndex] or [endIndex] is out of range of [sink] array indices.; @throws IllegalArgumentException when `startIndex > endIndex`.; @throws IllegalStateException when the source is closed.; @throws IOException when some I/O error occurs.	core/common/src/Source.kt:199	jvm-179cd1d13ff16800;jvm-281a58349eb012c0	core/common/test/AbstractSourceTest.kt#readAtMostToBufferFromSourceWithFilledBuffer;core/common/test/AbstractSourceTest.kt#readAtMostToNonEmptyBufferFromSourceWithFilledBuffer;core/common/test/AbstractSourceTest.kt#readAtMostToByteArrayFromSourceWithFilledBuffer;core/common/test/AbstractSourceTest.kt#readAtMostToByteArray;core/common/test/AbstractSourceTest.kt#readAtMostToByteArrayNotEnough;core/common/test/AbstractSourceTest.kt#readAtMostToByteArrayOffsetAndCount;core/common/test/AbstractSourceTest.kt#readAtMostToByteArrayFromOffset;core/common/test/AbstractSourceTest.kt#readAtMostToByteArrayWithInvalidArguments;core/common/test/CommonRealSourceTest.kt#suite-reference	Sources/CompilerCore/Stdlib/kotlinx/io/Buffer.kt:314;Sources/CompilerCore/Stdlib/kotlinx/io/Buffer.kt:329;Sources/CompilerCore/Stdlib/kotlinx/io/JvmCore.kt:54;Sources/CompilerCore/Stdlib/kotlinx/io/Sources.kt:140;Sources/CompilerCore/Stdlib/kotlinx/io/Source.kt:63;Sources/CompilerCore/Stdlib/kotlinx/io/RawSource.kt:17;Sources/CompilerCore/Stdlib/kotlinx/io/RealSource.kt:21;Sources/CompilerCore/Stdlib/kotlinx/io/RealSource.kt:57;Sources/CompilerCore/Stdlib/kotlinx/io/PeekSource.kt:30;Sources/CompilerCore/Stdlib/kotlinx/io/files/FileSystem.kt:78	none	unverified	KUU-1731	in-scope common/native API	KLIB declaration key: kotlinx.io/Source.readAtMostTo|readAtMostTo(kotlin.ByteArray;kotlin.Int;kotlin.Int){}; source declaration line: public fun readAtMostTo(sink: ByteArray, startIndex: Int = 0, endIndex: Int = sink.size): Int; default expressions are preserved in the pinned source snapshot
klib-6b354812fb812d2e	core	Kotlin source API / KLIB dump	common	class	yes	kotlinx.io.files/Path	Path	final class kotlinx.io.files/Path {	0	none	none	not-declared-in-source	core/common/src/files/Paths.kt:17;core/jvm/src/files/PathsJvm.kt:13;core/native/src/files/PathsNative.kt:18;core/nodeFilesystemShared/src/files/PathsNodeJs.kt:14;core/nodeFilesystemShared/src/node/path.kt:8;core/wasmWasi/src/files/PathsWasm.kt:8	jvm-03f47bd77ab530ed;jvm-1f3784b48d97ce4e;jvm-ffdb0d2028ba3065;jvm-3e4062a8e15752f1	core/common/test/files/SmokeFileTest.kt#pathParent;core/common/test/files/SmokeFileTest.kt#pathConcat;core/common/test/files/SmokeFileTest.kt#pathEquality;core/common/test/files/UtilsTest.kt#testPathTrimmingUnix;core/common/test/files/UtilsTest.kt#testPathTrimmingWindows	Sources/CompilerCore/Stdlib/kotlinx/io/files/Paths.kt:11	Tests/CompilerCoreTests/Sema/KotlinxIOPathSourceTests.swift;Tests/CompilerBackendTests/Integration/BundledStdlibExecutionTests+KtorIOCoverage.swift;Tests/RuntimeTests/RuntimeIoFileSystemTests.swift	unverified	KUU-1725	in-scope common/native API	KLIB declaration key: kotlinx.io.files/Path|null; source declaration line: public expect class Path {
klib-6c944335ca7a6f05	core	Kotlin source API / KLIB dump	common	function	yes	kotlinx.io	readULongLe	final fun (kotlinx.io/Source).kotlinx.io/readULongLe(): kotlin/ULong	0	none	none	@throws EOFException when there are not enough data to read an unsigned long value.; @throws IllegalStateException when the source is closed.; @throws IOException when some I/O error occurs.	core/common/src/Sources.kt:388	jvm-f36bac54d2706e09	core/common/test/AbstractSourceTest.kt#suite-reference;core/common/test/CommonRealSourceTest.kt#suite-reference	Sources/CompilerCore/Stdlib/kotlinx/io/Sources.kt:152	none	unverified	KUU-1731	in-scope common/native API	KLIB declaration key: kotlinx.io/readULongLe|readULongLe@kotlinx.io.Source(){}; source declaration line: public fun Source.readULongLe(): ULong = readLongLe().toULong()
klib-6d1e62412aba1504	core	Kotlin source API / KLIB dump	apple-only	function	yes	kotlinx.io	asSource	final fun (platform.Foundation/NSInputStream).kotlinx.io/asSource(): kotlinx.io/RawSource	0	OptIn,Suppress	none	not-declared-in-source	core/apple/src/AppleCore.kt:77;core/jvm/src/files/FileSystemJvm.kt:91;core/jvm/src/JvmCore.kt:70	jvm-c657cf1f49306a0c	core/apple/test/NSInputStreamSourceTest.kt#suite-reference;core/apple/test/NSOutputStreamSinkTest.kt#suite-reference;core/common/test/files/SmokeFileTest.kt#suite-reference;core/jvm/test/JvmPlatformTest.kt#suite-reference	Sources/CompilerCore/Stdlib/kotlinx/io/JvmCore.kt:49	none	unverified	KUU-1730	in-scope Apple API	KLIB declaration key: kotlinx.io/asSource|asSource@platform.Foundation.NSInputStream(){}; source declaration line: public fun NSInputStream.asSource(): RawSource = NSInputStreamSource(this)
klib-6d6284225d20375c	core	Kotlin source API / KLIB dump	common	function	yes	kotlinx.io	writeUShort	final fun (kotlinx.io/Sink).kotlinx.io/writeUShort(kotlin/UShort)	0	none	none	@throws IllegalStateException when the sink is closed.; @throws IOException when some I/O error occurs.	core/common/src/Sinks.kt:196	jvm-022f17493aed86e5	core/common/test/AbstractSinkTest.kt#writeUShort;core/common/test/AbstractSinkTest.kt#writeUShortLe;core/common/test/CommonRealSinkTest.kt#suite-reference	Sources/CompilerCore/Stdlib/kotlinx/io/Sinks.kt:194	none	unverified	KUU-1731	in-scope common/native API	KLIB declaration key: kotlinx.io/writeUShort|writeUShort@kotlinx.io.Sink(kotlin.UShort){}; source declaration line: public fun Sink.writeUShort(short: UShort) {
klib-6dedd324c4f63d01	core	Kotlin source API / KLIB dump	common	function	yes	kotlinx.io.unsafe/BufferIterationContext	next	abstract fun next(kotlinx.io/Segment): kotlinx.io/Segment?	0	UnsafeIoApi	none	not-declared-in-source	core/common/src/unsafe/UnsafeBufferOperations.kt:528;core/common/src/unsafe/UnsafeBufferOperations.kt:563	jvm-e40abc3b4ec43c19	core/common/test/unsafe/UnsafeBufferOperationsForEachTest.kt#suite-reference;core/common/test/unsafe/UnsafeBufferOperationsIterationTest.kt#suite-reference;core/common/test/unsafe/UnsafeBufferOperationsMoveTest.kt#suite-reference;core/common/test/unsafe/UnsafeBufferOperationsReadTest.kt#suite-reference;core/common/test/unsafe/UnsafeBufferOperationsWriteTest.kt#suite-reference	Sources/CompilerCore/Stdlib/kotlinx/io/unsafe/UnsafeBufferOperations.kt:531;Sources/CompilerCore/Stdlib/kotlinx/io/unsafe/UnsafeBufferOperations.kt:563	none	unverified	KUU-1729	in-scope common/native API	KLIB declaration key: kotlinx.io.unsafe/BufferIterationContext.next|next(kotlinx.io.Segment){}; source declaration line: public fun next(segment: Segment): Segment?
klib-6ec3d2252d99b756	core	Kotlin source API / KLIB dump	common	function	yes	kotlinx.io/Buffer	hintEmit	final fun hintEmit()	0	InternalIoApi	none	not-declared-in-source	core/common/src/Buffer.kt:176	jvm-23aa7a8f63c07fd5	core/common/test/CommonBufferTest.kt#suite-reference;core/jvm/test/BufferTest.kt#suite-reference	Sources/CompilerCore/Stdlib/kotlinx/io/Buffer.kt:157;Sources/CompilerCore/Stdlib/kotlinx/io/Sink.kt:81;Sources/CompilerCore/Stdlib/kotlinx/io/RealSink.kt:98	none	unverified	KUU-1729	in-scope common/native API	KLIB declaration key: kotlinx.io/Buffer.hintEmit|hintEmit(){}; source declaration line: override fun hintEmit(): Unit = Unit
klib-6ffc7a3dfb94a6d5	core	Kotlin source API / KLIB dump	common	function	yes	kotlinx.io	readLongLe	final fun (kotlinx.io/Source).kotlinx.io/readLongLe(): kotlin/Long	0	none	none	@throws EOFException when there are not enough data to read a long value.; @throws IllegalStateException when the source is closed.; @throws IOException when some I/O error occurs.	core/common/src/Sources.kt:43;core/common/src/Sources.kt:388	jvm-c5dba0e754ed0b44	core/common/test/AbstractSourceTest.kt#readLongLe;core/common/test/AbstractSourceTest.kt#readLongLeTooShortThrows;core/common/test/CommonRealSourceTest.kt#suite-reference	Sources/CompilerCore/Stdlib/kotlinx/io/Sources.kt:12;Sources/CompilerCore/Stdlib/kotlinx/io/Sources.kt:152;Sources/CompilerCore/Stdlib/kotlinx/io/Sources.kt:156	none	unverified	KUU-1731	in-scope common/native API	KLIB declaration key: kotlinx.io/readLongLe|readLongLe@kotlinx.io.Source(){}; source declaration line: public fun Source.readLongLe(): Long {
klib-71da4182a46d1646	core	Kotlin source API / KLIB dump	common	function	yes	kotlinx.io	writeDecimalLong	final fun (kotlinx.io/Sink).kotlinx.io/writeDecimalLong(kotlin/Long)	0	OptIn	none	@throws IllegalStateException when the sink is closed.; @throws IOException when some I/O error occurs.	core/common/src/Sinks.kt:72	jvm-0fab5cbf2b013605	core/common/test/AbstractSinkTest.kt#suite-reference;core/common/test/CommonRealSinkTest.kt#suite-reference	Sources/CompilerCore/Stdlib/kotlinx/io/Sinks.kt:77	none	unverified	KUU-1731	in-scope common/native API	KLIB declaration key: kotlinx.io/writeDecimalLong|writeDecimalLong@kotlinx.io.Sink(kotlin.Long){}; source declaration line: public fun Sink.writeDecimalLong(long: Long) {
klib-724db815089ce6a0	core	Kotlin source API / KLIB dump	common	constructor	yes	kotlinx.io/InternalIoApi	<init>	constructor <init>()	0	MustBeDocumented,RequiresOptIn,Retention	none	not-declared-in-source	core/common/src/Annotations.kt:41	jvm-608413ae3cc45466	core/common/test/AbstractSourceTest.kt#suite-reference;core/common/test/AbstractSinkTest.kt#suite-reference	Sources/CompilerCore/Stdlib/kotlinx/io/Annotations.kt:29	none	unverified	KUU-1725	in-scope common/native API	KLIB declaration key: kotlinx.io/InternalIoApi.<init>|<init>(){}; source declaration line: public annotation class InternalIoApi
klib-729acf48b031cbef	core	Kotlin source API / KLIB dump	common	function	yes	kotlinx.io/Buffer	readTo	final fun readTo(kotlinx.io/RawSink, kotlin/Long)	0	none	none	not-declared-in-source	core/common/src/Buffer.kt:329	jvm-39a47d6e7a8bc5c5	core/common/test/CommonBufferTest.kt#suite-reference;core/jvm/test/BufferTest.kt#readToOutputStream;core/jvm/test/BufferTest.kt#readToOutputStreamWithByteCount	Sources/CompilerCore/Stdlib/kotlinx/io/Buffer.kt:337;Sources/CompilerCore/Stdlib/kotlinx/io/Sources.kt:126;Sources/CompilerCore/Stdlib/kotlinx/io/Source.kt:68;Sources/CompilerCore/Stdlib/kotlinx/io/Segment.kt:315;Sources/CompilerCore/Stdlib/kotlinx/io/RealSource.kt:68	none	unverified	KUU-1729	in-scope common/native API	KLIB declaration key: kotlinx.io/Buffer.readTo|readTo(kotlinx.io.RawSink;kotlin.Long){}; source declaration line: override fun readTo(sink: RawSink, byteCount: Long) {
klib-745d0e6a927e88a7	core	Kotlin source API / KLIB dump	common	function	yes	kotlinx.io/Sink	write	abstract fun write(kotlinx.io/RawSource, kotlin/Long)	0	none	none	@throws IndexOutOfBoundsException when [startIndex] or [endIndex] is out of range of [source] array indices.; @throws IllegalArgumentException when `startIndex > endIndex`.; @throws IllegalStateException when the sink is closed.; @throws IOException when some I/O error occurs.	core/common/src/Sink.kt:88;core/common/src/Sink.kt:119	jvm-3f92c68ad1407581;jvm-80721eae2eec84ea;jvm-03ad4cbeb43abc13	core/common/test/AbstractSinkTest.kt#writeByteArray;core/common/test/AbstractSinkTest.kt#writeNothing;core/common/test/AbstractSinkTest.kt#writeByte;core/common/test/AbstractSinkTest.kt#writeBytes;core/common/test/AbstractSinkTest.kt#writeLastByteInSegment;core/common/test/AbstractSinkTest.kt#writeShort;core/common/test/AbstractSinkTest.kt#writeShorts;core/common/test/AbstractSinkTest.kt#writeShortLe;core/common/test/CommonRealSinkTest.kt#writeAll;core/common/test/CommonRealSinkTest.kt#writeAllExhausted;core/common/test/CommonRealSinkTest.kt#writeAllWritesOneSegmentAtATime	Sources/CompilerCore/Stdlib/kotlinx/io/Buffer.kt:384;Sources/CompilerCore/Stdlib/kotlinx/io/Buffer.kt:388;Sources/CompilerCore/Stdlib/kotlinx/io/Buffer.kt:392;Sources/CompilerCore/Stdlib/kotlinx/io/Buffer.kt:404;Sources/CompilerCore/Stdlib/kotlinx/io/Buffer.kt:419;Sources/CompilerCore/Stdlib/kotlinx/io/JvmCore.kt:25;Sources/CompilerCore/Stdlib/kotlinx/io/ByteStrings.kt:16;Sources/CompilerCore/Stdlib/kotlinx/io/RawSink.kt:18;Sources/CompilerCore/Stdlib/kotlinx/io/Segment.kt:321;Sources/CompilerCore/Stdlib/kotlinx/io/Sink.kt:24;Sources/CompilerCore/Stdlib/kotlinx/io/Sink.kt:29;Sources/CompilerCore/Stdlib/kotlinx/io/Sink.kt:35;Sources/CompilerCore/Stdlib/kotlinx/io/Sink.kt:46;Sources/CompilerCore/Stdlib/kotlinx/io/RealSink.kt:22;Sources/CompilerCore/Stdlib/kotlinx/io/RealSink.kt:29;Sources/CompilerCore/Stdlib/kotlinx/io/RealSink.kt:33;Sources/CompilerCore/Stdlib/kotlinx/io/RealSink.kt:37;Sources/CompilerCore/Stdlib/kotlinx/io/RealSink.kt:56;Sources/CompilerCore/Stdlib/kotlinx/io/Core.kt:26;Sources/CompilerCore/Stdlib/kotlinx/io/files/FileSystem.kt:105	Tests/CompilerBackendTests/Integration/BundledStdlibExecutionTests+KtorIOCoverage.swift;Tests/RuntimeTests/RuntimeIoFileSystemTests.swift	unverified	KUU-1730	in-scope common/native API	KLIB declaration key: kotlinx.io/Sink.write|write(kotlinx.io.RawSource;kotlin.Long){}; source declaration line: public fun write(source: ByteArray, startIndex: Int = 0, endIndex: Int = source.size)
klib-7685406bc65d9cbc	core	Kotlin source API / KLIB dump	common	constructor	yes	kotlinx.io/UnsafeIoApi	<init>	constructor <init>()	0	RequiresOptIn,Retention	none	not-declared-in-source	core/common/src/Annotations.kt:55	jvm-9c9df6d3cdf953ae	core/common/test/AbstractSourceTest.kt#suite-reference;core/common/test/AbstractSinkTest.kt#suite-reference	Sources/CompilerCore/Stdlib/kotlinx/io/Annotations.kt:38	none	unverified	KUU-1725	in-scope common/native API	KLIB declaration key: kotlinx.io/UnsafeIoApi.<init>|<init>(){}; source declaration line: public annotation class UnsafeIoApi
klib-77f7b41ec87f091b	core	Kotlin source API / KLIB dump	common	function	yes	kotlinx.io	writeDoubleLe	final fun (kotlinx.io/Sink).kotlinx.io/writeDoubleLe(kotlin/Double)	0	none	none	@throws IllegalStateException when the sink is closed.; @throws IOException when some I/O error occurs.	core/common/src/Sinks.kt:350	jvm-7075c9a9ce37ee08	core/common/test/AbstractSinkTest.kt#writeDoubleLe;core/common/test/CommonRealSinkTest.kt#suite-reference	Sources/CompilerCore/Stdlib/kotlinx/io/Sinks.kt:338	none	unverified	KUU-1731	in-scope common/native API	KLIB declaration key: kotlinx.io/writeDoubleLe|writeDoubleLe@kotlinx.io.Sink(kotlin.Double){}; source declaration line: public fun Sink.writeDoubleLe(double: Double) {
klib-78efa1937a5c8388	core	Kotlin source API / KLIB dump	common	source-property-accessor	no	kotlinx.io.files/FileMetadata	isRegularFile	final fun <get-isRegularFile>(): kotlin/Boolean	0	none	none	not-declared-in-source	core/common/src/files/FileSystem.kt:199	jvm-87760a69523465a0	core/common/test/files/SmokeFileTest.kt#suite-reference	Sources/CompilerCore/Stdlib/kotlinx/io/files/FileSystem.kt:67	none	unverified	KUU-1725	in-scope common/native API	KLIB declaration key: kotlinx.io.files/FileMetadata.isRegularFile.<get-isRegularFile>|<get-isRegularFile>(){}; source declaration line: public val isRegularFile: Boolean = false,; accessor is linked to a source property and is not a separate callable API
klib-795e5c923ef63bf3	core	Kotlin source API / KLIB dump	common	interface	yes	kotlinx.io/Source	Source	sealed interface kotlinx.io/Source : kotlinx.io/RawSource {	0	none	none	not-declared-in-source	core/common/src/Source.kt:67	jvm-629859a56151abf0	core/common/test/AbstractSourceTest.kt#readExhaustedSource;core/common/test/AbstractSourceTest.kt#readZeroBytesFromSource;core/common/test/AbstractSourceTest.kt#readNegativeBytesFromSource;core/common/test/AbstractSourceTest.kt#readFromClosedSource;core/common/test/AbstractSourceTest.kt#readAtMostToBufferFromSourceWithFilledBuffer;core/common/test/AbstractSourceTest.kt#readAtMostToNonEmptyBufferFromSourceWithFilledBuffer;core/common/test/AbstractSourceTest.kt#readAtMostToByteArrayFromSourceWithFilledBuffer;core/common/test/AbstractSourceTest.kt#longHexEmptySourceThrows;core/common/test/CommonRealSourceTest.kt#readAtMostFromEmptySource	Sources/CompilerCore/Stdlib/kotlinx/io/Source.kt:13	Tests/CompilerCoreTests/Sema/KotlinxIOPathSourceTests.swift;Tests/CompilerCoreTests/Sema/KotlinxIOByteStringSurfaceTests.swift;Tests/CompilerBackendTests/Integration/BundledStdlibExecutionTests+KtorIOCoverage.swift;Tests/RuntimeTests/RuntimeIoFileSystemTests.swift	unverified	KUU-1730	in-scope common/native API	KLIB declaration key: kotlinx.io/Source|null; source declaration line: public sealed interface Source : RawSource {
klib-7a2c4e3a724afd01	core	Kotlin source API / KLIB dump	common	class	yes	kotlinx.io/EOFException	EOFException	open class kotlinx.io/EOFException : kotlinx.io/IOException {	0	none	none	not-declared-in-source	core/common/src/-CommonPlatform.kt:37;core/native/src/-NonJvmPlatform.kt:35;core/js/src/-PlatformJs.kt:18;core/wasm/src/-PlatformWasm.kt:18		core/common/test/AbstractSourceTest.kt#suite-reference;core/common/test/AbstractSinkTest.kt#suite-reference	Sources/CompilerCore/Stdlib/kotlinx/io/-CommonPlatform.kt:39	none	unverified	KUU-1725	in-scope common/native API	KLIB declaration key: kotlinx.io/EOFException|null; source declaration line: public expect open class EOFException : IOException {
klib-7b507920fd698e70	core	Kotlin source API / KLIB dump	common	function	yes	kotlinx.io.unsafe/UnsafeBufferOperations	readFromHead	final inline fun readFromHead(kotlinx.io/Buffer, kotlin/Function3<kotlin/ByteArray, kotlin/Int, kotlin/Int, kotlin/Int>): kotlin/Int	0	none	none	@throws IllegalStateException when [readAction] returns negative value or a values exceeding; @throws IllegalArgumentException when the [buffer] is empty.	core/common/src/unsafe/UnsafeBufferOperations.kt:91;core/common/src/unsafe/UnsafeBufferOperations.kt:138	jvm-4126d0bf9cb3cb8a;jvm-bf5f99192593d26b	core/common/test/unsafe/UnsafeBufferOperationsForEachTest.kt#suite-reference;core/common/test/unsafe/UnsafeBufferOperationsIterationTest.kt#suite-reference;core/common/test/unsafe/UnsafeBufferOperationsMoveTest.kt#suite-reference;core/common/test/unsafe/UnsafeBufferOperationsReadTest.kt#suite-reference;core/common/test/unsafe/UnsafeBufferOperationsWriteTest.kt#suite-reference	Sources/CompilerCore/Stdlib/kotlinx/io/unsafe/UnsafeBufferOperations.kt:95;Sources/CompilerCore/Stdlib/kotlinx/io/unsafe/UnsafeBufferOperations.kt:142	none	unverified	KUU-1729	in-scope common/native API	KLIB declaration key: kotlinx.io.unsafe/UnsafeBufferOperations.readFromHead|readFromHead(kotlinx.io.Buffer;kotlin.Function3<kotlin.ByteArray,kotlin.Int,kotlin.Int,kotlin.Int>){}; source declaration line: public inline fun readFromHead(
klib-7c6ab4850e567de3	core	Kotlin source API / KLIB dump	common	function	yes	kotlinx.io/Sink	hintEmit	abstract fun hintEmit()	0	InternalIoApi	none	@throws IllegalStateException when the sink is closed.; @throws IOException when some I/O error occurs.	core/common/src/Sink.kt:210	jvm-f027c1f031dc19fe	core/common/test/AbstractSinkTest.kt#suite-reference;core/common/test/CommonRealSinkTest.kt#suite-reference	Sources/CompilerCore/Stdlib/kotlinx/io/Buffer.kt:157;Sources/CompilerCore/Stdlib/kotlinx/io/Sink.kt:81;Sources/CompilerCore/Stdlib/kotlinx/io/RealSink.kt:98	none	unverified	KUU-1730	in-scope common/native API	KLIB declaration key: kotlinx.io/Sink.hintEmit|hintEmit(){}; source declaration line: public fun hintEmit()
klib-7f75d8253eaeafaf	core	Kotlin source API / KLIB dump	common	function	yes	kotlinx.io/Sink	writeLong	abstract fun writeLong(kotlin/Long)	0	none	none	@throws IllegalStateException when the sink is closed.; @throws IOException when some I/O error occurs.	core/common/src/Sink.kt:167	jvm-79e246ccb1187bfa	core/common/test/AbstractSinkTest.kt#writeLong;core/common/test/AbstractSinkTest.kt#writeLongs;core/common/test/AbstractSinkTest.kt#writeLongLe;core/common/test/CommonRealSinkTest.kt#suite-reference	Sources/CompilerCore/Stdlib/kotlinx/io/Buffer.kt:535;Sources/CompilerCore/Stdlib/kotlinx/io/Segment.kt:237;Sources/CompilerCore/Stdlib/kotlinx/io/Sink.kt:66;Sources/CompilerCore/Stdlib/kotlinx/io/RealSink.kt:91	none	unverified	KUU-1731	in-scope common/native API	KLIB declaration key: kotlinx.io/Sink.writeLong|writeLong(kotlin.Long){}; source declaration line: public fun writeLong(long: Long)
klib-7fa788e47483b1b4	core	Kotlin source API / KLIB dump	common	property	yes	kotlinx.io/Sink	buffer	abstract val buffer	0	InternalIoApi	none	not-declared-in-source	core/common/src/Sink.kt:72	jvm-39cb321f548e7fe0	core/common/test/AbstractSinkTest.kt#writeBufferThrowsIAE;core/common/test/AbstractSinkTest.kt#writeBufferWithNegativeBytesCount;core/common/test/AbstractSinkTest.kt#closeEmitsBufferedBytes;core/common/test/CommonRealSinkTest.kt#bufferedSinkEmitsTailWhenItIsComplete;core/common/test/CommonRealSinkTest.kt#bufferedSinkEmitMultipleSegments;core/common/test/CommonRealSinkTest.kt#bufferedSinkFlush	Sources/CompilerCore/Stdlib/kotlinx/io/Buffer.kt:58;Sources/CompilerCore/Stdlib/kotlinx/io/Source.kt:14;Sources/CompilerCore/Stdlib/kotlinx/io/SourcesJvm.kt:45;Sources/CompilerCore/Stdlib/kotlinx/io/Sink.kt:14;Sources/CompilerCore/Stdlib/kotlinx/io/RealSink.kt:19;Sources/CompilerCore/Stdlib/kotlinx/io/RealSource.kt:18;Sources/CompilerCore/Stdlib/kotlinx/io/PeekSource.kt:23;Sources/CompilerCore/Stdlib/kotlinx/io/bytestring/ByteStringBuilder.kt:10	Tests/CompilerCoreTests/Sema/KotlinxIOByteStringSurfaceTests.swift;Tests/CompilerBackendTests/Integration/BundledStdlibExecutionTests+KtorIOCoverage.swift	unverified	KUU-1729	in-scope common/native API	KLIB declaration key: kotlinx.io/Sink.buffer|{}buffer; source declaration line: public val buffer: Buffer
klib-8069f1495ab8ee86	core	Kotlin source API / KLIB dump	common	function	yes	kotlinx.io.files	Path	final fun kotlinx.io.files/Path(kotlin/String): kotlinx.io.files/Path	0	none	none	not-declared-in-source	core/common/src/files/Paths.kt:75;core/common/src/files/Paths.kt:80;core/common/src/files/Paths.kt:96;core/jvm/src/files/PathsJvm.kt:42;core/native/src/files/PathsNative.kt:65;core/nodeFilesystemShared/src/files/PathsNodeJs.kt:75;core/wasmWasi/src/files/PathsWasm.kt:57	jvm-1f3784b48d97ce4e;jvm-ffdb0d2028ba3065;jvm-3e4062a8e15752f1	core/common/test/files/SmokeFileTest.kt#pathParent;core/common/test/files/SmokeFileTest.kt#pathConcat;core/common/test/files/SmokeFileTest.kt#pathEquality;core/common/test/files/UtilsTest.kt#testPathTrimmingUnix;core/common/test/files/UtilsTest.kt#testPathTrimmingWindows	Sources/CompilerCore/Stdlib/kotlinx/io/files/Paths.kt:58;Sources/CompilerCore/Stdlib/kotlinx/io/files/Paths.kt:65;Sources/CompilerCore/Stdlib/kotlinx/io/files/Paths.kt:77;Sources/CompilerCore/Stdlib/kotlinx/io/files/FileSystem.kt:55	Tests/CompilerCoreTests/Sema/KotlinxIOPathSourceTests.swift;Tests/CompilerBackendTests/Integration/BundledStdlibExecutionTests+KtorIOCoverage.swift;Tests/RuntimeTests/RuntimeIoFileSystemTests.swift	unverified	KUU-1725	in-scope common/native API	KLIB declaration key: kotlinx.io.files/Path|Path(kotlin.String){}; source declaration line: public expect fun Path(path: String): Path
klib-82fdcdfcc61c4db5	core	Kotlin source API / KLIB dump	common	function	yes	kotlinx.io/Source	request	abstract fun request(kotlin/Long): kotlin/Boolean	0	none	none	@throws IllegalArgumentException when [byteCount] is negative.; @throws IllegalStateException when the source is closed.; @throws IOException when some I/O error occurs.	core/common/src/Source.kt:124	jvm-bfd02271844a2e18	core/common/test/AbstractSourceTest.kt#request;core/common/test/AbstractSourceTest.kt#requestZeroBytes;core/common/test/AbstractSourceTest.kt#requestNegativeNumberOfBytes;core/common/test/CommonRealSourceTest.kt#suite-reference	Sources/CompilerCore/Stdlib/kotlinx/io/Buffer.kt:69;Sources/CompilerCore/Stdlib/kotlinx/io/Sources.kt:157;Sources/CompilerCore/Stdlib/kotlinx/io/Source.kt:31;Sources/CompilerCore/Stdlib/kotlinx/io/RealSource.kt:43	Tests/CompilerBackendTests/Integration/BundledStdlibExecutionTests+KtorIOCoverage.swift;Tests/RuntimeTests/RuntimeIoFileSystemTests.swift	unverified	KUU-1725	in-scope common/native API	KLIB declaration key: kotlinx.io/Source.request|request(kotlin.Long){}; source declaration line: public fun request(byteCount: Long): Boolean
klib-836f7033c3a627e8	core	Kotlin source API / KLIB dump	common	function	yes	kotlinx.io	writeCodePointValue	final fun (kotlinx.io/Sink).kotlinx.io/writeCodePointValue(kotlin/Int)	0	OptIn	none	@throws IllegalStateException when the sink is closed.; @throws IllegalArgumentException when [codePoint] value is negative, or greater than `U+10ffff`.; @throws IOException when some I/O error occurs.	core/common/src/Utf8.kt:152	jvm-e7978a6f64c9246f	core/common/test/Utf8Test.kt#suite-reference	Sources/CompilerCore/Stdlib/kotlinx/io/Utf8.kt:24	none	unverified	KUU-1733	in-scope common/native API	KLIB declaration key: kotlinx.io/writeCodePointValue|writeCodePointValue@kotlinx.io.Sink(kotlin.Int){}; source declaration line: public fun Sink.writeCodePointValue(codePoint: Int): Unit =
klib-8408acee5eedc7d9	core	Kotlin source API / KLIB dump	common	function	yes	kotlinx.io.unsafe/SegmentReadContext	getUnchecked	abstract fun getUnchecked(kotlinx.io/Segment, kotlin/Int): kotlin/Byte	0	UnsafeIoApi	none	not-declared-in-source	core/common/src/unsafe/UnsafeBufferOperations.kt:403;core/common/src/unsafe/UnsafeBufferOperations.kt:535;core/common/src/unsafe/UnsafeBufferOperations.kt:565	jvm-0caaa0484d9a8094	core/common/test/unsafe/UnsafeBufferOperationsForEachTest.kt#suite-reference;core/common/test/unsafe/UnsafeBufferOperationsIterationTest.kt#suite-reference;core/common/test/unsafe/UnsafeBufferOperationsMoveTest.kt#suite-reference;core/common/test/unsafe/UnsafeBufferOperationsReadTest.kt#suite-reference;core/common/test/unsafe/UnsafeBufferOperationsWriteTest.kt#suite-reference	Sources/CompilerCore/Stdlib/kotlinx/io/Segment.kt:366;Sources/CompilerCore/Stdlib/kotlinx/io/unsafe/UnsafeBufferOperations.kt:407;Sources/CompilerCore/Stdlib/kotlinx/io/unsafe/UnsafeBufferOperations.kt:537;Sources/CompilerCore/Stdlib/kotlinx/io/unsafe/UnsafeBufferOperations.kt:565	none	unverified	KUU-1729	in-scope common/native API	KLIB declaration key: kotlinx.io.unsafe/SegmentReadContext.getUnchecked|getUnchecked(kotlinx.io.Segment;kotlin.Int){}; source declaration line: public fun getUnchecked(segment: Segment, offset: Int): Byte
klib-8416a9e9b75b5da0	core	Kotlin source API / KLIB dump	common	source-property-accessor	no	kotlinx.io/Source	buffer	abstract fun <get-buffer>(): kotlinx.io/Buffer	0	InternalIoApi	none	not-declared-in-source	core/common/src/Source.kt:77	jvm-cadd2dc570822778	core/common/test/AbstractSourceTest.kt#readAtMostToBufferFromSourceWithFilledBuffer;core/common/test/AbstractSourceTest.kt#readAtMostToNonEmptyBufferFromSourceWithFilledBuffer;core/common/test/AbstractSourceTest.kt#readAtMostToByteArrayFromSourceWithFilledBuffer;core/common/test/AbstractSourceTest.kt#readUtf8PartialBuffer;core/common/test/AbstractSourceTest.kt#readUtf8EntireBuffer;core/common/test/CommonRealSourceTest.kt#requireTracksBufferFirst;core/common/test/CommonRealSourceTest.kt#requireIncludesBufferBytes;core/common/test/CommonRealSourceTest.kt#skipTracksBufferFirst	Sources/CompilerCore/Stdlib/kotlinx/io/Buffer.kt:58;Sources/CompilerCore/Stdlib/kotlinx/io/Source.kt:14;Sources/CompilerCore/Stdlib/kotlinx/io/SourcesJvm.kt:45;Sources/CompilerCore/Stdlib/kotlinx/io/Sink.kt:14;Sources/CompilerCore/Stdlib/kotlinx/io/RealSink.kt:19;Sources/CompilerCore/Stdlib/kotlinx/io/RealSource.kt:18;Sources/CompilerCore/Stdlib/kotlinx/io/PeekSource.kt:23;Sources/CompilerCore/Stdlib/kotlinx/io/bytestring/ByteStringBuilder.kt:10	Tests/CompilerCoreTests/Sema/KotlinxIOByteStringSurfaceTests.swift;Tests/CompilerBackendTests/Integration/BundledStdlibExecutionTests+KtorIOCoverage.swift	unverified	KUU-1729	in-scope common/native API	KLIB declaration key: kotlinx.io/Source.buffer.<get-buffer>|<get-buffer>(){}; source declaration line: public val buffer: Buffer; accessor is linked to a source property and is not a separate callable API
klib-8493cb924a1ec5ce	core	Kotlin source API / KLIB dump	common	function	yes	kotlinx.io/Source	readTo	abstract fun readTo(kotlinx.io/RawSink, kotlin/Long)	0	none	none	@throws IllegalArgumentException when [byteCount] is negative.; @throws EOFException when the requested number of bytes cannot be read.; @throws IllegalStateException when the source or [sink] is closed.; @throws IOException when some I/O error occurs.	core/common/src/Source.kt:214	jvm-38612e8e60928dd6	core/common/test/AbstractSourceTest.kt#readToSink;core/common/test/AbstractSourceTest.kt#readToSinkTooShortThrows;core/common/test/AbstractSourceTest.kt#readToSinkWithNegativeByteCount;core/common/test/AbstractSourceTest.kt#readToSinkZeroBytes;core/common/test/AbstractSourceTest.kt#readToByteArray;core/common/test/AbstractSourceTest.kt#readToByteArraySubrange;core/common/test/AbstractSourceTest.kt#readToByteArrayInvalidArguments;core/common/test/AbstractSourceTest.kt#readToByteArrayTooShortThrows;core/common/test/CommonRealSourceTest.kt#suite-reference	Sources/CompilerCore/Stdlib/kotlinx/io/Buffer.kt:337;Sources/CompilerCore/Stdlib/kotlinx/io/Sources.kt:126;Sources/CompilerCore/Stdlib/kotlinx/io/Source.kt:68;Sources/CompilerCore/Stdlib/kotlinx/io/Segment.kt:315;Sources/CompilerCore/Stdlib/kotlinx/io/RealSource.kt:68	none	unverified	KUU-1730	in-scope common/native API	KLIB declaration key: kotlinx.io/Source.readTo|readTo(kotlinx.io.RawSink;kotlin.Long){}; source declaration line: public fun readTo(sink: RawSink, byteCount: Long)
klib-84c73602fe199d0b	core	Kotlin source API / KLIB dump	common	function	yes	kotlinx.io/Source	skip	abstract fun skip(kotlin/Long)	0	none	none	@throws EOFException when the source is exhausted before the requested number of bytes can be skipped.; @throws IllegalArgumentException when [byteCount] is negative.; @throws IllegalStateException when the source is closed.; @throws IOException when some I/O error occurs.	core/common/src/Source.kt:182	jvm-140b01d46bf52666	core/common/test/AbstractSourceTest.kt#skip;core/common/test/AbstractSourceTest.kt#skipInsufficientData;core/common/test/AbstractSourceTest.kt#skipNegativeNumberOfBytes;core/common/test/CommonRealSourceTest.kt#skipReadsOneSegmentAtATime;core/common/test/CommonRealSourceTest.kt#skipTracksBufferFirst	Sources/CompilerCore/Stdlib/kotlinx/io/Buffer.kt:290;Sources/CompilerCore/Stdlib/kotlinx/io/Buffer.kt:297;Sources/CompilerCore/Stdlib/kotlinx/io/Source.kt:56;Sources/CompilerCore/Stdlib/kotlinx/io/RealSource.kt:110	Tests/CompilerBackendTests/Integration/BundledStdlibExecutionTests+KtorIOCoverage.swift	unverified	KUU-1725	in-scope common/native API	KLIB declaration key: kotlinx.io/Source.skip|skip(kotlin.Long){}; source declaration line: public fun skip(byteCount: Long)
klib-878bd78d78a70078	core	Kotlin source API / KLIB dump	common	property	yes	kotlinx.io.unsafe/UnsafeBufferOperations	maxSafeWriteCapacity	final val maxSafeWriteCapacity	0	OptIn,UnsafeIoApi	none	not-declared-in-source	core/common/src/unsafe/UnsafeBufferOperations.kt:20	jvm-e315837196a4115e	core/common/test/unsafe/UnsafeBufferOperationsForEachTest.kt#suite-reference;core/common/test/unsafe/UnsafeBufferOperationsIterationTest.kt#suite-reference;core/common/test/unsafe/UnsafeBufferOperationsMoveTest.kt#suite-reference;core/common/test/unsafe/UnsafeBufferOperationsReadTest.kt#suite-reference;core/common/test/unsafe/UnsafeBufferOperationsWriteTest.kt#suite-reference	Sources/CompilerCore/Stdlib/kotlinx/io/unsafe/UnsafeBufferOperations.kt:24	none	unverified	KUU-1729	in-scope common/native API	KLIB declaration key: kotlinx.io.unsafe/UnsafeBufferOperations.maxSafeWriteCapacity|{}maxSafeWriteCapacity; source declaration line: public val maxSafeWriteCapacity: Int get() = Segment.SIZE
klib-8882e2c069f67a5b	core	Kotlin source API / KLIB dump	common	function	yes	kotlinx.io	buffered	final fun (kotlinx.io/RawSink).kotlinx.io/buffered(): kotlinx.io/Sink	0	none	none	not-declared-in-source	core/common/src/Buffer.kt:346;core/common/src/Core.kt:28;core/common/src/Core.kt:34;core/common/src/files/Paths.kt:115;core/common/src/files/Paths.kt:133;core/jvm/src/files/PathsJvm.kt:48;core/jvm/src/files/PathsJvm.kt:54	jvm-e3e7bf31cf53409e;jvm-906fe479ddffb96f	core/common/test/CommonBufferTest.kt#suite-reference;core/jvm/test/BufferTest.kt#suite-reference;core/common/test/files/SmokeFileTest.kt#suite-reference;core/common/test/files/UtilsTest.kt#suite-reference	Sources/CompilerCore/Stdlib/kotlinx/io/Buffer.kt:354;Sources/CompilerCore/Stdlib/kotlinx/io/Core.kt:13;Sources/CompilerCore/Stdlib/kotlinx/io/Core.kt:18	Tests/CompilerBackendTests/Integration/BundledStdlibExecutionTests+KtorIOCoverage.swift	unverified	KUU-1729	in-scope common/native API	KLIB declaration key: kotlinx.io/buffered|buffered@kotlinx.io.RawSink(){}; source declaration line: override fun peek(): Source = PeekSource(this).buffered()
klib-88bbb664f38f686c	core	Kotlin source API / KLIB dump	common	function	yes	kotlinx.io/Source	readLong	abstract fun readLong(): kotlin/Long	0	none	none	@throws EOFException when there are not enough data to read a long value.; @throws IllegalStateException when the source is closed.; @throws IOException when some I/O error occurs.	core/common/src/Source.kt:168	jvm-73b626df96dff787	core/common/test/AbstractSourceTest.kt#readLong;core/common/test/AbstractSourceTest.kt#readLongLe;core/common/test/AbstractSourceTest.kt#readLongSplitAcrossMultipleSegments;core/common/test/AbstractSourceTest.kt#readLongTooShortThrows;core/common/test/AbstractSourceTest.kt#readLongLeTooShortThrows;core/common/test/CommonRealSourceTest.kt#suite-reference	Sources/CompilerCore/Stdlib/kotlinx/io/Buffer.kt:129;Sources/CompilerCore/Stdlib/kotlinx/io/Sources.kt:12;Sources/CompilerCore/Stdlib/kotlinx/io/Sources.kt:149;Sources/CompilerCore/Stdlib/kotlinx/io/Sources.kt:154;Sources/CompilerCore/Stdlib/kotlinx/io/Source.kt:51;Sources/CompilerCore/Stdlib/kotlinx/io/Segment.kt:278;Sources/CompilerCore/Stdlib/kotlinx/io/RealSource.kt:105	none	unverified	KUU-1731	in-scope common/native API	KLIB declaration key: kotlinx.io/Source.readLong|readLong(){}; source declaration line: public fun readLong(): Long
klib-8a4d65b40a0bf57d	core	Kotlin source API / KLIB dump	common	function	yes	kotlinx.io/Source	readByte	abstract fun readByte(): kotlin/Byte	0	none	none	@throws EOFException when there are no more bytes to read.; @throws IllegalStateException when the source is closed.; @throws IOException when some I/O error occurs.	core/common/src/Source.kt:135	jvm-5c3bef896dc26e90	core/common/test/AbstractSourceTest.kt#readBytes;core/common/test/AbstractSourceTest.kt#readByteTooShortThrows;core/common/test/AbstractSourceTest.kt#readByteArray;core/common/test/AbstractSourceTest.kt#readByteArrayPartial;core/common/test/AbstractSourceTest.kt#readByteArrayTooShortThrows;core/common/test/AbstractSourceTest.kt#readByteArrayWithNegativeSizeThrows;core/common/test/AbstractSourceTest.kt#readByteString;core/common/test/AbstractSourceTest.kt#readByteStringPartial;core/common/test/CommonRealSourceTest.kt#suite-reference	Sources/CompilerCore/Stdlib/kotlinx/io/Buffer.kt:74;Sources/CompilerCore/Stdlib/kotlinx/io/Sources.kt:146;Sources/CompilerCore/Stdlib/kotlinx/io/Source.kt:36;Sources/CompilerCore/Stdlib/kotlinx/io/Segment.kt:251;Sources/CompilerCore/Stdlib/kotlinx/io/RealSource.kt:52	none	unverified	KUU-1731	in-scope common/native API	KLIB declaration key: kotlinx.io/Source.readByte|readByte(){}; source declaration line: public fun readByte(): Byte
klib-8ad508ac6d89d176	core	Kotlin source API / KLIB dump	common	constructor	yes	kotlinx.io.files/FileMetadata	<init>	constructor <init>(kotlin/Boolean = ..., kotlin/Boolean = ..., kotlin/Long = ...)	3	none	none	not-declared-in-source	core/common/src/files/FileSystem.kt:195	jvm-011b45a35d483266;jvm-8acfcceaf995d5fa;jvm-334d56b57e8b5279;jvm-89c4197097b4b6d3	core/common/test/files/SmokeFileTest.kt#fileMetadata	Sources/CompilerCore/Stdlib/kotlinx/io/files/FileSystem.kt:66	none	unverified	KUU-1725	in-scope common/native API	KLIB declaration key: kotlinx.io.files/FileMetadata.<init>|<init>(kotlin.Boolean;kotlin.Boolean;kotlin.Long){}; source declaration line: public class FileMetadata(; default expressions are preserved in the pinned source snapshot
klib-8b2ad25426b57149	core	Kotlin source API / KLIB dump	common	function	yes	kotlinx.io.files/Path	equals	final fun equals(kotlin/Any?): kotlin/Boolean	0	none	none	not-declared-in-source	core/common/src/files/Paths.kt:60;core/jvm/src/files/PathsJvm.kt:22;core/native/src/files/PathsNative.kt:38;core/nodeFilesystemShared/src/files/PathsNodeJs.kt:57;core/wasmWasi/src/files/PathsWasm.kt:13	jvm-3628a4749103ed23	core/common/test/files/SmokeFileTest.kt#suite-reference;core/common/test/files/UtilsTest.kt#suite-reference	Sources/CompilerCore/Stdlib/kotlinx/io/bytestring/ByteString.kt:46;Sources/CompilerCore/Stdlib/kotlinx/io/files/Paths.kt:46	none	unverified	KUU-1725	in-scope common/native API	KLIB declaration key: kotlinx.io.files/Path.equals|equals(kotlin.Any?){}; source declaration line: override fun equals(other: Any?): Boolean
klib-8bffc09edd89a6f5	core	Kotlin source API / KLIB dump	common	function	yes	kotlinx.io	readDecimalLong	final fun (kotlinx.io/Source).kotlinx.io/readDecimalLong(): kotlin/Long	0	OptIn	none	@throws NumberFormatException if the found digits do not fit into a `long` or a decimal; @throws EOFException if the source is exhausted before a call of this method.; @throws IllegalStateException when the source is closed.; @throws IOException when some I/O error occurs.	core/common/src/Sources.kt:66	jvm-72a75cc5e96b4e66	core/common/test/AbstractSourceTest.kt#suite-reference;core/common/test/CommonRealSourceTest.kt#suite-reference	Sources/CompilerCore/Stdlib/kotlinx/io/Sources.kt:17	none	unverified	KUU-1731	in-scope common/native API	KLIB declaration key: kotlinx.io/readDecimalLong|readDecimalLong@kotlinx.io.Source(){}; source declaration line: public fun Source.readDecimalLong(): Long {
klib-8cb9bc77e047d21d	core	Kotlin source API / KLIB dump	common	function	yes	kotlinx.io/Source	transferTo	abstract fun transferTo(kotlinx.io/RawSink): kotlin/Long	0	IgnorableReturnValue	none	@throws IllegalStateException when the source or [sink] is closed.; @throws IOException when some I/O error occurs.	core/common/src/Source.kt:230	jvm-12cb7f6a60cf218c	core/common/test/AbstractSourceTest.kt#transferTo;core/common/test/AbstractSourceTest.kt#transferToExhausted;core/common/test/CommonRealSourceTest.kt#transferToReadsOneSegmentAtATime	Sources/CompilerCore/Stdlib/kotlinx/io/Buffer.kt:346;Sources/CompilerCore/Stdlib/kotlinx/io/Source.kt:74;Sources/CompilerCore/Stdlib/kotlinx/io/RealSource.kt:79	none	unverified	KUU-1730	in-scope common/native API	KLIB declaration key: kotlinx.io/Source.transferTo|transferTo(kotlinx.io.RawSink){}; source declaration line: public fun transferTo(sink: RawSink): Long
klib-8f2cd67956fefb8b	core	Kotlin source API / KLIB dump	common	function	yes	kotlinx.io	indexOf	final fun (kotlinx.io/Buffer).kotlinx.io/indexOf(kotlin/Byte, kotlin/Long = ..., kotlin/Long = ...): kotlin/Long	2	none	none	@throws IllegalStateException when the source is closed.; @throws IllegalArgumentException when `startIndex > endIndex` or either of indices is negative.	core/common/src/Buffers.kt:46;core/common/src/ByteStrings.kt:102;core/common/src/ByteStrings.kt:138;core/common/src/Segment.kt:443;core/common/src/Sources.kt:207	jvm-f6bcd3cd68148c1c;jvm-29a01d1deaf3b966;jvm-f7149091543e4d8d;jvm-c8fed085c1043658;jvm-32ddc189d171b174;jvm-b88878973d5558f7;jvm-e66e0d9e9c4f3788;jvm-5c5fb6c81ee3a3b9	core/common/test/CommonBufferTest.kt#indexOfWithOffset;core/common/test/CommonBufferTest.kt#indexOfByteString;core/jvm/test/BufferTest.kt#suite-reference;core/common/test/AbstractSourceTest.kt#indexOf;core/common/test/AbstractSourceTest.kt#indexOfByteWithStartOffset;core/common/test/AbstractSourceTest.kt#indexOfByteWithIndices;core/common/test/AbstractSourceTest.kt#indexOfByteInvalidBoundsThrows;core/common/test/AbstractSourceTest.kt#indexOfByteWithFromIndex;core/common/test/AbstractSourceTest.kt#indexOfByteString;core/common/test/AbstractSourceTest.kt#indexOfByteStringAtSegmentBoundary;core/common/test/AbstractSourceTest.kt#indexOfDoesNotWrapAround;core/common/test/AbstractSinkTest.kt#suite-reference;core/common/test/CommonRealSourceTest.kt#indexOfStopsReadingAtLimit	Sources/CompilerCore/Stdlib/kotlinx/io/Buffer.kt:263;Sources/CompilerCore/Stdlib/kotlinx/io/ByteStrings.kt:59;Sources/CompilerCore/Stdlib/kotlinx/io/ByteStrings.kt:77;Sources/CompilerCore/Stdlib/kotlinx/io/Sources.kt:83;Sources/CompilerCore/Stdlib/kotlinx/io/Buffers.kt:44;Sources/CompilerCore/Stdlib/kotlinx/io/Segment.kt:417;Sources/CompilerCore/Stdlib/kotlinx/io/bytestring/ByteString.kt:126;Sources/CompilerCore/Stdlib/kotlinx/io/bytestring/ByteString.kt:135;Sources/CompilerCore/Stdlib/kotlinx/io/bytestring/ByteString.kt:138	Tests/CompilerBackendTests/Integration/BundledStdlibExecutionTests+ByteString.swift	unverified	KUU-1729	in-scope common/native API	KLIB declaration key: kotlinx.io/indexOf|indexOf@kotlinx.io.Buffer(kotlin.Byte;kotlin.Long;kotlin.Long){}; source declaration line: public fun Buffer.indexOf(byte: Byte, startIndex: Long = 0, endIndex: Long = size): Long {; default expressions are preserved in the pinned source snapshot
klib-91d3efd901de8c9b	core	Kotlin source API / KLIB dump	common	function	yes	kotlinx.io.files	sink	final fun (kotlinx.io.files/Path).kotlinx.io.files/sink(): kotlinx.io/Sink	0	none	none	@throws kotlinx.io.IOException when it's not possible to open the file for writing.	core/common/src/files/FileSystem.kt:130;core/common/src/files/Paths.kt:133;core/jvm/src/files/FileSystemJvm.kt:93;core/jvm/src/files/PathsJvm.kt:54;core/native/src/files/FileSystemNative.kt:86;core/nodeFilesystemShared/src/files/FileSystemNodeJs.kt:95;core/wasmWasi/src/files/FileSystemWasm.kt:176	jvm-23bdc46eecb769ad	core/common/test/files/SmokeFileTest.kt#createAnEmptyFileUsingSink;core/common/test/files/SmokeFileTest.kt#closeFileSinkTwice;core/common/test/files/UtilsTest.kt#suite-reference	Sources/CompilerCore/Stdlib/kotlinx/io/files/FileSystem.kt:24;Sources/CompilerCore/Stdlib/kotlinx/io/files/FileSystem.kt:47	none	unverified	KUU-1725	in-scope common/native API	KLIB declaration key: kotlinx.io.files/sink|sink@kotlinx.io.files.Path(){}; source declaration line: public fun sink(path: Path, append: Boolean = false): RawSink
klib-92b4e36ec81ec0e2	core	Kotlin source API / KLIB dump	common	source-property-accessor	no	kotlinx.io.files/FileMetadata	size	final fun <get-size>(): kotlin/Long	0	none	none	not-declared-in-source	core/common/src/files/FileSystem.kt:207	jvm-45067c0de5010493	core/common/test/files/SmokeFileTest.kt#fileSize	Sources/CompilerCore/Stdlib/kotlinx/io/Buffer.kt:48;Sources/CompilerCore/Stdlib/kotlinx/io/SourcesJvm.kt:47;Sources/CompilerCore/Stdlib/kotlinx/io/Segment.kt:331;Sources/CompilerCore/Stdlib/kotlinx/io/bytestring/ByteString.kt:21;Sources/CompilerCore/Stdlib/kotlinx/io/bytestring/ByteStringBuilder.kt:13;Sources/CompilerCore/Stdlib/kotlinx/io/internal/-Utf8.kt:147;Sources/CompilerCore/Stdlib/kotlinx/io/files/FileSystem.kt:69	Tests/CompilerCoreTests/Sema/KotlinxIOByteStringSurfaceTests.swift;Tests/CompilerBackendTests/Integration/BundledStdlibExecutionTests+ByteString.swift;Tests/CompilerBackendTests/Integration/BundledStdlibExecutionTests+KtorIOCoverage.swift;Tests/RuntimeTests/RuntimeIoFileSystemTests.swift	unverified	KUU-1725	in-scope common/native API	KLIB declaration key: kotlinx.io.files/FileMetadata.size.<get-size>|<get-size>(){}; source declaration line: public val size: Long = 0L; accessor is linked to a source property and is not a separate callable API
klib-949bc5840b14cbe8	core	Kotlin source API / KLIB dump	common	constructor	yes	kotlinx.io/EOFException	<init>	constructor <init>(kotlin/String?)	0	none	none	not-declared-in-source	core/common/src/-CommonPlatform.kt:28;core/common/src/-CommonPlatform.kt:29;core/common/src/-CommonPlatform.kt:30;core/common/src/-CommonPlatform.kt:31;core/common/src/-CommonPlatform.kt:38;core/common/src/-CommonPlatform.kt:39;core/common/src/-CommonPlatform.kt:37;core/native/src/-NonJvmPlatform.kt:26;core/native/src/-NonJvmPlatform.kt:28;core/native/src/-NonJvmPlatform.kt:30;core/native/src/-NonJvmPlatform.kt:32;core/native/src/-NonJvmPlatform.kt:36;core/native/src/-NonJvmPlatform.kt:38;core/native/src/-NonJvmPlatform.kt:40;core/native/src/-NonJvmPlatform.kt:35;core/js/src/-PlatformJs.kt:9;core/js/src/-PlatformJs.kt:11;core/js/src/-PlatformJs.kt:13;core/js/src/-PlatformJs.kt:15;core/js/src/-PlatformJs.kt:19;core/js/src/-PlatformJs.kt:21;core/js/src/-PlatformJs.kt:23;core/js/src/-PlatformJs.kt:18;core/wasm/src/-PlatformWasm.kt:9;core/wasm/src/-PlatformWasm.kt:11;core/wasm/src/-PlatformWasm.kt:13;core/wasm/src/-PlatformWasm.kt:15;core/wasm/src/-PlatformWasm.kt:19;core/wasm/src/-PlatformWasm.kt:21;core/wasm/src/-PlatformWasm.kt:23;core/wasm/src/-PlatformWasm.kt:18		core/common/test/AbstractSourceTest.kt#suite-reference;core/common/test/AbstractSinkTest.kt#suite-reference	Sources/CompilerCore/Stdlib/kotlinx/io/-CommonPlatform.kt:39	none	unverified	KUU-1725	in-scope common/native API	KLIB declaration key: kotlinx.io/EOFException.<init>|<init>(kotlin.String?){}; source declaration line: public constructor()
klib-9861041e617245e8	core	Kotlin source API / KLIB dump	common	constructor	yes	kotlinx.io/IOException	<init>	constructor <init>(kotlin/Throwable?)	0	none	none	not-declared-in-source	core/common/src/-CommonPlatform.kt:28;core/common/src/-CommonPlatform.kt:29;core/common/src/-CommonPlatform.kt:30;core/common/src/-CommonPlatform.kt:31;core/common/src/-CommonPlatform.kt:38;core/common/src/-CommonPlatform.kt:39;core/common/src/-CommonPlatform.kt:27;core/native/src/-NonJvmPlatform.kt:26;core/native/src/-NonJvmPlatform.kt:28;core/native/src/-NonJvmPlatform.kt:30;core/native/src/-NonJvmPlatform.kt:32;core/native/src/-NonJvmPlatform.kt:36;core/native/src/-NonJvmPlatform.kt:38;core/native/src/-NonJvmPlatform.kt:40;core/native/src/-NonJvmPlatform.kt:25;core/js/src/-PlatformJs.kt:9;core/js/src/-PlatformJs.kt:11;core/js/src/-PlatformJs.kt:13;core/js/src/-PlatformJs.kt:15;core/js/src/-PlatformJs.kt:19;core/js/src/-PlatformJs.kt:21;core/js/src/-PlatformJs.kt:23;core/js/src/-PlatformJs.kt:8;core/wasm/src/-PlatformWasm.kt:9;core/wasm/src/-PlatformWasm.kt:11;core/wasm/src/-PlatformWasm.kt:13;core/wasm/src/-PlatformWasm.kt:15;core/wasm/src/-PlatformWasm.kt:19;core/wasm/src/-PlatformWasm.kt:21;core/wasm/src/-PlatformWasm.kt:23;core/wasm/src/-PlatformWasm.kt:8		core/common/test/AbstractSourceTest.kt#suite-reference;core/common/test/AbstractSinkTest.kt#suite-reference	Sources/CompilerCore/Stdlib/kotlinx/io/-CommonPlatform.kt:17	Tests/RuntimeTests/RuntimeIoFileSystemTests.swift	unverified	KUU-1725	in-scope common/native API	KLIB declaration key: kotlinx.io/IOException.<init>|<init>(kotlin.Throwable?){}; source declaration line: public constructor()
klib-99561fb55e3c6768	core	Kotlin source API / KLIB dump	common	function	yes	kotlinx.io	writeShortLe	final fun (kotlinx.io/Sink).kotlinx.io/writeShortLe(kotlin/Short)	0	none	none	@throws IllegalStateException when the sink is closed.; @throws IOException when some I/O error occurs.	core/common/src/Sinks.kt:27	jvm-fa434709385784cd	core/common/test/AbstractSinkTest.kt#writeShortLe;core/common/test/CommonRealSinkTest.kt#suite-reference	Sources/CompilerCore/Stdlib/kotlinx/io/Sinks.kt:39	none	unverified	KUU-1731	in-scope common/native API	KLIB declaration key: kotlinx.io/writeShortLe|writeShortLe@kotlinx.io.Sink(kotlin.Short){}; source declaration line: public fun Sink.writeShortLe(short: Short) {
klib-998e3a41ef776da3	core	Kotlin source API / KLIB dump	common	class	yes	kotlinx.io.files/FileMetadata	FileMetadata	final class kotlinx.io.files/FileMetadata {	0	none	none	not-declared-in-source	core/common/src/files/FileSystem.kt:195	jvm-011b45a35d483266;jvm-8acfcceaf995d5fa;jvm-334d56b57e8b5279;jvm-89c4197097b4b6d3	core/common/test/files/SmokeFileTest.kt#fileMetadata	Sources/CompilerCore/Stdlib/kotlinx/io/files/FileSystem.kt:66	none	unverified	KUU-1725	in-scope common/native API	KLIB declaration key: kotlinx.io.files/FileMetadata|null; source declaration line: public class FileMetadata(
klib-9c9c8d555bae0054	core	Kotlin source API / KLIB dump	common	property	yes	kotlinx.io.files/FileMetadata	isRegularFile	final val isRegularFile	0	none	none	not-declared-in-source	core/common/src/files/FileSystem.kt:199	jvm-87760a69523465a0	core/common/test/files/SmokeFileTest.kt#suite-reference	Sources/CompilerCore/Stdlib/kotlinx/io/files/FileSystem.kt:67	none	unverified	KUU-1725	in-scope common/native API	KLIB declaration key: kotlinx.io.files/FileMetadata.isRegularFile|{}isRegularFile; source declaration line: public val isRegularFile: Boolean = false,
klib-9d0cebae9efff846	core	Kotlin source API / KLIB dump	common	function	yes	kotlinx.io/RawSink	flush	abstract fun flush()	0	none	none	@throws IllegalStateException when the sink is closed.; @throws IOException when some I/O error occurs.	core/common/src/RawSink.kt:61;core/jvm/src/RawSink.kt:30;core/native/src/RawSink.kt:26;core/js/src/RawSink.kt:11;core/wasm/src/RawSink.kt:11	jvm-8b0603e3054adb04	core/common/test/AbstractSinkTest.kt#suite-reference;core/common/test/CommonRealSinkTest.kt#bufferedSinkFlush;core/common/test/CommonRealSinkTest.kt#bytesEmittedToSinkWithFlush;core/common/test/CommonRealSinkTest.kt#bytesNotEmittedToSinkWithoutFlush	Sources/CompilerCore/Stdlib/kotlinx/io/Buffer.kt:167;Sources/CompilerCore/Stdlib/kotlinx/io/JvmCore.kt:37;Sources/CompilerCore/Stdlib/kotlinx/io/RawSink.kt:23;Sources/CompilerCore/Stdlib/kotlinx/io/Sink.kt:71;Sources/CompilerCore/Stdlib/kotlinx/io/RealSink.kt:110;Sources/CompilerCore/Stdlib/kotlinx/io/Core.kt:30;Sources/CompilerCore/Stdlib/kotlinx/io/files/FileSystem.kt:124	none	unverified	KUU-1730	in-scope common/native API	KLIB declaration key: kotlinx.io/RawSink.flush|flush(){}; source declaration line: public fun flush()
klib-9d2139e2b8e2d1da	core	Kotlin source API / KLIB dump	common	function	yes	kotlinx.io.files	Path	final fun kotlinx.io.files/Path(kotlin/String, kotlin/Array<out kotlin/String>...): kotlinx.io.files/Path	0	none	none	not-declared-in-source	core/common/src/files/Paths.kt:75;core/common/src/files/Paths.kt:80;core/common/src/files/Paths.kt:96;core/jvm/src/files/PathsJvm.kt:42;core/native/src/files/PathsNative.kt:65;core/nodeFilesystemShared/src/files/PathsNodeJs.kt:75;core/wasmWasi/src/files/PathsWasm.kt:57	jvm-1f3784b48d97ce4e;jvm-ffdb0d2028ba3065;jvm-3e4062a8e15752f1	core/common/test/files/SmokeFileTest.kt#pathParent;core/common/test/files/SmokeFileTest.kt#pathConcat;core/common/test/files/SmokeFileTest.kt#pathEquality;core/common/test/files/UtilsTest.kt#testPathTrimmingUnix;core/common/test/files/UtilsTest.kt#testPathTrimmingWindows	Sources/CompilerCore/Stdlib/kotlinx/io/files/Paths.kt:58;Sources/CompilerCore/Stdlib/kotlinx/io/files/Paths.kt:65;Sources/CompilerCore/Stdlib/kotlinx/io/files/Paths.kt:77;Sources/CompilerCore/Stdlib/kotlinx/io/files/FileSystem.kt:55	Tests/CompilerCoreTests/Sema/KotlinxIOPathSourceTests.swift;Tests/CompilerBackendTests/Integration/BundledStdlibExecutionTests+KtorIOCoverage.swift;Tests/RuntimeTests/RuntimeIoFileSystemTests.swift	unverified	KUU-1725	in-scope common/native API	KLIB declaration key: kotlinx.io.files/Path|Path(kotlin.String;kotlin.Array<out|kotlin.String>...){}; source declaration line: public expect fun Path(path: String): Path
klib-9f044f29c7d0c7f7	core	Kotlin source API / KLIB dump	common	function	yes	kotlinx.io.unsafe/UnsafeBufferOperations	forEachSegment	final inline fun forEachSegment(kotlinx.io/Buffer, kotlin/Function2<kotlinx.io.unsafe/SegmentReadContext, kotlinx.io/Segment, kotlin/Unit>)	0	none	none	not-declared-in-source	core/common/src/unsafe/UnsafeBufferOperations.kt:374	jvm-709483a19513e860	core/common/test/unsafe/UnsafeBufferOperationsForEachTest.kt#suite-reference;core/common/test/unsafe/UnsafeBufferOperationsIterationTest.kt#suite-reference;core/common/test/unsafe/UnsafeBufferOperationsMoveTest.kt#suite-reference;core/common/test/unsafe/UnsafeBufferOperationsReadTest.kt#suite-reference;core/common/test/unsafe/UnsafeBufferOperationsWriteTest.kt#suite-reference	Sources/CompilerCore/Stdlib/kotlinx/io/unsafe/UnsafeBufferOperations.kt:378	none	unverified	KUU-1729	in-scope common/native API	KLIB declaration key: kotlinx.io.unsafe/UnsafeBufferOperations.forEachSegment|forEachSegment(kotlinx.io.Buffer;kotlin.Function2<kotlinx.io.unsafe.SegmentReadContext,kotlinx.io.Segment,kotlin.Unit>){}; source declaration line: public inline fun forEachSegment(
klib-9f0ca3fb595dae3d	core	Kotlin source API / KLIB dump	platform-only:androidNativeArm32, androidNativeArm64, androidNativeX64, androidNativeX86, iosArm64, iosSimulatorArm64, iosX64, js, linuxArm32Hfp, linuxArm64, linuxX64, macosArm64, macosX64, mingwX64, tvosArm64, tvosSimulatorArm64, tvosX64, wasmJs, wasmWasi, watchosArm32, watchosArm64, watchosDeviceArm64, watchosSimulatorArm64, watchosX64	annotation class	yes	kotlinx.io/DelicateIoApi	DelicateIoApi	open annotation class kotlinx.io/DelicateIoApi : kotlin/Annotation {	0	MustBeDocumented,RequiresOptIn,Retention	none	not-declared-in-source	core/common/src/Annotations.kt:21	jvm-1ade859ef0485010	core/common/test/AbstractSourceTest.kt#suite-reference;core/common/test/AbstractSinkTest.kt#suite-reference	Sources/CompilerCore/Stdlib/kotlinx/io/Annotations.kt:17	none	unverified	KUU-1725	in-scope common/native API	KLIB declaration key: kotlinx.io/DelicateIoApi|null; source declaration line: public annotation class DelicateIoApi
klib-a00bfbcc6ee356ae	core	Kotlin source API / KLIB dump	common	function	yes	kotlinx.io.unsafe/UnsafeBufferOperations	writeToTail	final inline fun writeToTail(kotlinx.io/Buffer, kotlin/Int, kotlin/Function2<kotlinx.io.unsafe/SegmentWriteContext, kotlinx.io/Segment, kotlin/Int>): kotlin/Int	0	none	none	@throws IllegalStateException when [minimumCapacity] is too large and could not be fulfilled.; @throws IllegalStateException when [writeAction] returns a negative value or a value exceeding	core/common/src/unsafe/UnsafeBufferOperations.kt:187;core/common/src/unsafe/UnsafeBufferOperations.kt:254	jvm-5d384cf91a15d6e5;jvm-34d3eda5c5e365c8	core/common/test/unsafe/UnsafeBufferOperationsForEachTest.kt#suite-reference;core/common/test/unsafe/UnsafeBufferOperationsIterationTest.kt#suite-reference;core/common/test/unsafe/UnsafeBufferOperationsMoveTest.kt#suite-reference;core/common/test/unsafe/UnsafeBufferOperationsReadTest.kt#suite-reference;core/common/test/unsafe/UnsafeBufferOperationsWriteTest.kt#suite-reference	Sources/CompilerCore/Stdlib/kotlinx/io/unsafe/UnsafeBufferOperations.kt:191;Sources/CompilerCore/Stdlib/kotlinx/io/unsafe/UnsafeBufferOperations.kt:258	none	unverified	KUU-1729	in-scope common/native API	KLIB declaration key: kotlinx.io.unsafe/UnsafeBufferOperations.writeToTail|writeToTail(kotlinx.io.Buffer;kotlin.Int;kotlin.Function2<kotlinx.io.unsafe.SegmentWriteContext,kotlinx.io.Segment,kotlin.Int>){}; source declaration line: public inline fun writeToTail(
klib-a0fc40513a876e95	core	Kotlin source API / KLIB dump	common	function	yes	kotlinx.io/Buffer	clear	final fun clear()	0	none	none	not-declared-in-source	core/common/src/Buffer.kt:282	jvm-158cb8abe3fb65ef	core/common/test/CommonBufferTest.kt#suite-reference;core/jvm/test/BufferTest.kt#suite-reference	Sources/CompilerCore/Stdlib/kotlinx/io/Buffer.kt:290	none	unverified	KUU-1729	in-scope common/native API	KLIB declaration key: kotlinx.io/Buffer.clear|clear(){}; source declaration line: public fun clear(): Unit = skip(size)
klib-a2b1cbfac0177a93	core	Kotlin source API / KLIB dump	common	source-property-accessor	no	kotlinx.io/Segment	remainingCapacity	final fun <get-remainingCapacity>(): kotlin/Int	0	none	none	not-declared-in-source	core/common/src/Segment.kt:361	jvm-a1a5e882e433fb36	core/common/test/AbstractSourceTest.kt#suite-reference;core/common/test/AbstractSinkTest.kt#suite-reference	Sources/CompilerCore/Stdlib/kotlinx/io/Segment.kt:339	none	unverified	KUU-1729	in-scope common/native API	KLIB declaration key: kotlinx.io/Segment.remainingCapacity.<get-remainingCapacity>|<get-remainingCapacity>(){}; source declaration line: public val remainingCapacity: Int; accessor is linked to a source property and is not a separate callable API
klib-a547abadbdde0d10	core	Kotlin source API / KLIB dump	common	property	yes	kotlinx.io.files/FileMetadata	size	final val size	0	none	none	not-declared-in-source	core/common/src/files/FileSystem.kt:207	jvm-45067c0de5010493	core/common/test/files/SmokeFileTest.kt#fileSize	Sources/CompilerCore/Stdlib/kotlinx/io/Buffer.kt:48;Sources/CompilerCore/Stdlib/kotlinx/io/SourcesJvm.kt:47;Sources/CompilerCore/Stdlib/kotlinx/io/Segment.kt:331;Sources/CompilerCore/Stdlib/kotlinx/io/bytestring/ByteString.kt:21;Sources/CompilerCore/Stdlib/kotlinx/io/bytestring/ByteStringBuilder.kt:13;Sources/CompilerCore/Stdlib/kotlinx/io/internal/-Utf8.kt:147;Sources/CompilerCore/Stdlib/kotlinx/io/files/FileSystem.kt:69	Tests/CompilerCoreTests/Sema/KotlinxIOByteStringSurfaceTests.swift;Tests/CompilerBackendTests/Integration/BundledStdlibExecutionTests+ByteString.swift;Tests/CompilerBackendTests/Integration/BundledStdlibExecutionTests+KtorIOCoverage.swift;Tests/RuntimeTests/RuntimeIoFileSystemTests.swift	unverified	KUU-1725	in-scope common/native API	KLIB declaration key: kotlinx.io.files/FileMetadata.size|{}size; source declaration line: public val size: Long = 0L
klib-a6ee175ecb9390e8	core	Kotlin source API / KLIB dump	common	function	yes	kotlinx.io	readByteString	final fun (kotlinx.io/Source).kotlinx.io/readByteString(): kotlinx.io.bytestring/ByteString	0	OptIn	none	@throws IllegalStateException if the source is closed.; @throws IOException when some I/O error occurs.	core/common/src/ByteStrings.kt:62;core/common/src/ByteStrings.kt:79	jvm-a4980e7a35cefade;jvm-de8a9217ce53f3a0	core/common/test/AbstractSourceTest.kt#readByteString;core/common/test/AbstractSourceTest.kt#readByteStringPartial;core/common/test/AbstractSourceTest.kt#readByteStringTooShortThrows;core/common/test/AbstractSinkTest.kt#suite-reference;core/common/test/CommonBufferTest.kt#suite-reference	Sources/CompilerCore/Stdlib/kotlinx/io/ByteStrings.kt:36;Sources/CompilerCore/Stdlib/kotlinx/io/ByteStrings.kt:47	none	unverified	KUU-1731	in-scope common/native API	KLIB declaration key: kotlinx.io/readByteString|readByteString@kotlinx.io.Source(){}; source declaration line: public fun Source.readByteString(): ByteString {
klib-a97fa5c19fd45e36	core	Kotlin source API / KLIB dump	common	function	yes	kotlinx.io	readDoubleLe	final fun (kotlinx.io/Source).kotlinx.io/readDoubleLe(): kotlin/Double	0	none	none	@throws EOFException when there are not enough data to read an unsigned int value.; @throws IllegalStateException when the source is closed.; @throws IOException when some I/O error occurs.	core/common/src/Sources.kt:452	jvm-77e36e4af86a3950	core/common/test/AbstractSourceTest.kt#readDoubleLe;core/common/test/CommonRealSourceTest.kt#suite-reference	Sources/CompilerCore/Stdlib/kotlinx/io/Sources.kt:156	none	unverified	KUU-1731	in-scope common/native API	KLIB declaration key: kotlinx.io/readDoubleLe|readDoubleLe@kotlinx.io.Source(){}; source declaration line: public fun Source.readDoubleLe(): Double = Double.fromBits(readLongLe())
klib-ac359cf3beddc6af	core	Kotlin source API / KLIB dump	common	function	yes	kotlinx.io	readShortLe	final fun (kotlinx.io/Source).kotlinx.io/readShortLe(): kotlin/Short	0	none	none	@throws EOFException when there are not enough data to read a short value.; @throws IllegalStateException when the source is closed.; @throws IOException when some I/O error occurs.	core/common/src/Sources.kt:17;core/common/src/Sources.kt:364	jvm-8dc418db14f6ea4b	core/common/test/AbstractSourceTest.kt#readShortLe;core/common/test/AbstractSourceTest.kt#readShortLeTooShortThrows;core/common/test/CommonRealSourceTest.kt#suite-reference	Sources/CompilerCore/Stdlib/kotlinx/io/Sources.kt:10;Sources/CompilerCore/Stdlib/kotlinx/io/Sources.kt:150	none	unverified	KUU-1731	in-scope common/native API	KLIB declaration key: kotlinx.io/readShortLe|readShortLe@kotlinx.io.Source(){}; source declaration line: public fun Source.readShortLe(): Short {
klib-ad970e42737004ba	core	Kotlin source API / KLIB dump	common	function	yes	kotlinx.io/Buffer	copyTo	final fun copyTo(kotlinx.io/Buffer, kotlin/Long = ..., kotlin/Long = ...)	2	none	none	@throws IndexOutOfBoundsException when [startIndex] or [endIndex] is out of this buffer bounds; @throws IllegalArgumentException when `startIndex > endIndex`.	core/common/src/Buffer.kt:203	jvm-058c936aca1c886f;jvm-3ca45621ab7698c8	core/common/test/CommonBufferTest.kt#copyTo;core/common/test/CommonBufferTest.kt#copyToAll;core/common/test/CommonBufferTest.kt#copyToWithOnlyStartIndex;core/common/test/CommonBufferTest.kt#copyToWithOnlyEndIndex;core/common/test/CommonBufferTest.kt#copyToOnSegmentBoundary;core/common/test/CommonBufferTest.kt#copyToOffSegmentBoundary;core/common/test/CommonBufferTest.kt#copyToSourceAndTargetCanBeTheSame;core/common/test/CommonBufferTest.kt#copyToEmptySource;core/jvm/test/BufferTest.kt#copyToSpanningSegments;core/jvm/test/BufferTest.kt#copyToSkippingSegments;core/jvm/test/BufferTest.kt#copyToStream;core/jvm/test/BufferTest.kt#copyToOutputStream;core/jvm/test/BufferTest.kt#copyToOutputStreamWithStartIndex;core/jvm/test/BufferTest.kt#copyToOutputStreamWithEndIndex;core/jvm/test/BufferTest.kt#copyToOutputStreamWithIndices;core/jvm/test/BufferTest.kt#copyToOutputStreamWithEmptyRange	Sources/CompilerCore/Stdlib/kotlinx/io/Buffer.kt:184	none	unverified	KUU-1729	in-scope common/native API	KLIB declaration key: kotlinx.io/Buffer.copyTo|copyTo(kotlinx.io.Buffer;kotlin.Long;kotlin.Long){}; source declaration line: public fun copyTo(; default expressions are preserved in the pinned source snapshot
klib-ae2e25bc70cb0f81	core	Kotlin source API / KLIB dump	common	function	yes	kotlinx.io	writeDouble	final fun (kotlinx.io/Sink).kotlinx.io/writeDouble(kotlin/Double)	0	none	none	@throws IllegalStateException when the sink is closed.; @throws IOException when some I/O error occurs.	core/common/src/Sinks.kt:308	jvm-4b69844a79a4681d	core/common/test/AbstractSinkTest.kt#writeDouble;core/common/test/AbstractSinkTest.kt#writeDoubleLe;core/common/test/CommonRealSinkTest.kt#suite-reference	Sources/CompilerCore/Stdlib/kotlinx/io/Sinks.kt:296	none	unverified	KUU-1731	in-scope common/native API	KLIB declaration key: kotlinx.io/writeDouble|writeDouble@kotlinx.io.Sink(kotlin.Double){}; source declaration line: public fun Sink.writeDouble(double: Double) {
klib-af3495d0cd999087	core	Kotlin source API / KLIB dump	common	property	yes	kotlinx.io.files/Path	parent	final val parent	0	none	none	not-declared-in-source	core/common/src/files/Paths.kt:24;core/jvm/src/files/PathsJvm.kt:14;core/native/src/files/PathsNative.kt:24;core/nodeFilesystemShared/src/files/PathsNodeJs.kt:20;core/wasmWasi/src/files/PathsWasm.kt:26	jvm-3d3e2c3894489dcf	core/common/test/files/SmokeFileTest.kt#pathParent;core/common/test/files/UtilsTest.kt#suite-reference	Sources/CompilerCore/Stdlib/kotlinx/io/files/Paths.kt:15	Tests/CompilerCoreTests/Sema/KotlinxIOPathSourceTests.swift	unverified	KUU-1725	in-scope common/native API	KLIB declaration key: kotlinx.io.files/Path.parent|{}parent; source declaration line: public val parent: Path?
klib-b0cbc86985848be3	core	Kotlin source API / KLIB dump	common	function	yes	kotlinx.io	readByteArray	final fun (kotlinx.io/Source).kotlinx.io/readByteArray(kotlin/Int): kotlin/ByteArray	0	none	none	@throws IllegalStateException when the source is closed.; @throws IOException when some I/O error occurs.	core/common/src/Sources.kt:236;core/common/src/Sources.kt:252	jvm-7c06065c07f38677;jvm-df3a84de360ddc45	core/common/test/AbstractSourceTest.kt#readByteArray;core/common/test/AbstractSourceTest.kt#readByteArrayPartial;core/common/test/AbstractSourceTest.kt#readByteArrayTooShortThrows;core/common/test/AbstractSourceTest.kt#readByteArrayWithNegativeSizeThrows;core/common/test/CommonRealSourceTest.kt#suite-reference	Sources/CompilerCore/Stdlib/kotlinx/io/Sources.kt:102;Sources/CompilerCore/Stdlib/kotlinx/io/Sources.kt:104	none	unverified	KUU-1731	in-scope common/native API	KLIB declaration key: kotlinx.io/readByteArray|readByteArray@kotlinx.io.Source(kotlin.Int){}; source declaration line: public fun Source.readByteArray(): ByteArray {
klib-b2e78491a07af06a	core	Kotlin source API / KLIB dump	common	function	yes	kotlinx.io.unsafe/UnsafeBufferOperations	writeToTail	final inline fun writeToTail(kotlinx.io/Buffer, kotlin/Int, kotlin/Function3<kotlin/ByteArray, kotlin/Int, kotlin/Int, kotlin/Int>): kotlin/Int	0	none	none	@throws IllegalStateException when [minimumCapacity] is too large and could not be fulfilled.; @throws IllegalStateException when [writeAction] returns a negative value or a value exceeding	core/common/src/unsafe/UnsafeBufferOperations.kt:187;core/common/src/unsafe/UnsafeBufferOperations.kt:254	jvm-5d384cf91a15d6e5;jvm-34d3eda5c5e365c8	core/common/test/unsafe/UnsafeBufferOperationsForEachTest.kt#suite-reference;core/common/test/unsafe/UnsafeBufferOperationsIterationTest.kt#suite-reference;core/common/test/unsafe/UnsafeBufferOperationsMoveTest.kt#suite-reference;core/common/test/unsafe/UnsafeBufferOperationsReadTest.kt#suite-reference;core/common/test/unsafe/UnsafeBufferOperationsWriteTest.kt#suite-reference	Sources/CompilerCore/Stdlib/kotlinx/io/unsafe/UnsafeBufferOperations.kt:191;Sources/CompilerCore/Stdlib/kotlinx/io/unsafe/UnsafeBufferOperations.kt:258	none	unverified	KUU-1729	in-scope common/native API	KLIB declaration key: kotlinx.io.unsafe/UnsafeBufferOperations.writeToTail|writeToTail(kotlinx.io.Buffer;kotlin.Int;kotlin.Function3<kotlin.ByteArray,kotlin.Int,kotlin.Int,kotlin.Int>){}; source declaration line: public inline fun writeToTail(
klib-b33ce5b385a93879	core	Kotlin source API / KLIB dump	common	function	yes	kotlinx.io	indexOf	final fun (kotlinx.io/Buffer).kotlinx.io/indexOf(kotlinx.io.bytestring/ByteString, kotlin/Long = ...): kotlin/Long	1	none	none	@throws IllegalStateException when the source is closed.; @throws IllegalArgumentException when `startIndex > endIndex` or either of indices is negative.	core/common/src/Buffers.kt:46;core/common/src/ByteStrings.kt:102;core/common/src/ByteStrings.kt:138;core/common/src/Segment.kt:443;core/common/src/Sources.kt:207	jvm-f6bcd3cd68148c1c;jvm-29a01d1deaf3b966;jvm-f7149091543e4d8d;jvm-c8fed085c1043658;jvm-32ddc189d171b174;jvm-b88878973d5558f7;jvm-e66e0d9e9c4f3788;jvm-5c5fb6c81ee3a3b9	core/common/test/CommonBufferTest.kt#indexOfWithOffset;core/common/test/CommonBufferTest.kt#indexOfByteString;core/jvm/test/BufferTest.kt#suite-reference;core/common/test/AbstractSourceTest.kt#indexOf;core/common/test/AbstractSourceTest.kt#indexOfByteWithStartOffset;core/common/test/AbstractSourceTest.kt#indexOfByteWithIndices;core/common/test/AbstractSourceTest.kt#indexOfByteInvalidBoundsThrows;core/common/test/AbstractSourceTest.kt#indexOfByteWithFromIndex;core/common/test/AbstractSourceTest.kt#indexOfByteString;core/common/test/AbstractSourceTest.kt#indexOfByteStringAtSegmentBoundary;core/common/test/AbstractSourceTest.kt#indexOfDoesNotWrapAround;core/common/test/AbstractSinkTest.kt#suite-reference;core/common/test/CommonRealSourceTest.kt#indexOfStopsReadingAtLimit	Sources/CompilerCore/Stdlib/kotlinx/io/Buffer.kt:263;Sources/CompilerCore/Stdlib/kotlinx/io/ByteStrings.kt:59;Sources/CompilerCore/Stdlib/kotlinx/io/ByteStrings.kt:77;Sources/CompilerCore/Stdlib/kotlinx/io/Sources.kt:83;Sources/CompilerCore/Stdlib/kotlinx/io/Buffers.kt:44;Sources/CompilerCore/Stdlib/kotlinx/io/Segment.kt:417;Sources/CompilerCore/Stdlib/kotlinx/io/bytestring/ByteString.kt:126;Sources/CompilerCore/Stdlib/kotlinx/io/bytestring/ByteString.kt:135;Sources/CompilerCore/Stdlib/kotlinx/io/bytestring/ByteString.kt:138	Tests/CompilerBackendTests/Integration/BundledStdlibExecutionTests+ByteString.swift	unverified	KUU-1729	in-scope common/native API	KLIB declaration key: kotlinx.io/indexOf|indexOf@kotlinx.io.Buffer(kotlinx.io.bytestring.ByteString;kotlin.Long){}; source declaration line: public fun Buffer.indexOf(byte: Byte, startIndex: Long = 0, endIndex: Long = size): Long {; default expressions are preserved in the pinned source snapshot
klib-b375c9addf24d27c	core	Kotlin source API / KLIB dump	common	function	yes	kotlinx.io/Buffer	toString	final fun toString(): kotlin/String	0	OptIn	none	not-declared-in-source	core/common/src/Buffer.kt:558	jvm-f2d299b28dbccbfe	core/common/test/CommonBufferTest.kt#bufferToString;core/jvm/test/BufferTest.kt#suite-reference	Sources/CompilerCore/Stdlib/kotlinx/io/Buffer.kt:577;Sources/CompilerCore/Stdlib/kotlinx/io/JvmCore.kt:41;Sources/CompilerCore/Stdlib/kotlinx/io/JvmCore.kt:72;Sources/CompilerCore/Stdlib/kotlinx/io/RealSink.kt:143;Sources/CompilerCore/Stdlib/kotlinx/io/RealSource.kt:139;Sources/CompilerCore/Stdlib/kotlinx/io/bytestring/ByteString.kt:66;Sources/CompilerCore/Stdlib/kotlinx/io/files/Paths.kt:44;Sources/CompilerCore/Stdlib/kotlinx/io/files/FileSystem.kt:31;Sources/CompilerCore/Stdlib/kotlinx/io/files/FileSystem.kt:45;Sources/CompilerCore/Stdlib/kotlinx/io/files/FileSystem.kt:55;Sources/CompilerCore/Stdlib/kotlinx/io/files/FileSystem.kt:98;Sources/CompilerCore/Stdlib/kotlinx/io/files/FileSystem.kt:134	Tests/CompilerCoreTests/Sema/KotlinxIOByteStringSurfaceTests.swift;Tests/CompilerBackendTests/Integration/BundledStdlibExecutionTests+ByteString.swift;Tests/CompilerBackendTests/Integration/BundledStdlibExecutionTests+ByteStringCodec.swift	unverified	KUU-1729	in-scope common/native API	KLIB declaration key: kotlinx.io/Buffer.toString|toString(){}; source declaration line: override fun toString(): String {
klib-b4c0c7877dbf9c38	core	Kotlin source API / KLIB dump	common	function	yes	kotlinx.io	readIntLe	final fun (kotlinx.io/Source).kotlinx.io/readIntLe(): kotlin/Int	0	none	none	@throws EOFException when there are not enough data to read an int value.; @throws IllegalStateException when the source is closed.; @throws IOException when some I/O error occurs.	core/common/src/Sources.kt:30;core/common/src/Sources.kt:376	jvm-de5785cc388ce549	core/common/test/AbstractSourceTest.kt#readIntLe;core/common/test/AbstractSourceTest.kt#readIntLeTooShortThrows;core/common/test/CommonRealSourceTest.kt#suite-reference	Sources/CompilerCore/Stdlib/kotlinx/io/Sources.kt:11;Sources/CompilerCore/Stdlib/kotlinx/io/Sources.kt:151;Sources/CompilerCore/Stdlib/kotlinx/io/Sources.kt:155	none	unverified	KUU-1731	in-scope common/native API	KLIB declaration key: kotlinx.io/readIntLe|readIntLe@kotlinx.io.Source(){}; source declaration line: public fun Source.readIntLe(): Int {
klib-b6239168ccc071cf	core	Kotlin source API / KLIB dump	common	function	yes	kotlinx.io	writeFloat	final fun (kotlinx.io/Sink).kotlinx.io/writeFloat(kotlin/Float)	0	none	none	@throws IllegalStateException when the sink is closed.; @throws IOException when some I/O error occurs.	core/common/src/Sinks.kt:289	jvm-45b7590907ce46a4	core/common/test/AbstractSinkTest.kt#writeFloat;core/common/test/AbstractSinkTest.kt#writeFloatLe;core/common/test/CommonRealSinkTest.kt#suite-reference	Sources/CompilerCore/Stdlib/kotlinx/io/Sinks.kt:275	none	unverified	KUU-1731	in-scope common/native API	KLIB declaration key: kotlinx.io/writeFloat|writeFloat@kotlinx.io.Sink(kotlin.Float){}; source declaration line: public fun Sink.writeFloat(float: Float) {
klib-b7a1e3746605766a	core	Kotlin source API / KLIB dump	common	function	yes	kotlinx.io	write	final fun (kotlinx.io/Sink).kotlinx.io/write(kotlinx.io.bytestring/ByteString, kotlin/Int = ..., kotlin/Int = ...)	2	OptIn	none	not-declared-in-source	core/apple/src/AppleCore.kt:36;core/apple/src/BuffersApple.kt:20;core/apple/src/SinksApple.kt:79;core/common/src/Buffer.kt:375;core/common/src/Buffer.kt:387;core/common/src/Buffer.kt:402;core/common/src/ByteStrings.kt:31;core/common/src/Core.kt:42;core/common/src/RawSink.kt:53;core/common/src/RealSink.kt:38;core/common/src/RealSink.kt:45;core/common/src/RealSink.kt:64;core/common/src/Segment.kt:343;core/common/src/Sink.kt:88;core/common/src/Sink.kt:119;core/jvm/src/BuffersJvm.kt:58;core/jvm/src/BuffersJvm.kt:65;core/jvm/src/BuffersJvm.kt:199;core/jvm/src/JvmCore.kt:43;core/jvm/src/RawSink.kt:28;core/jvm/src/SinksJvm.kt:67;core/jvm/src/SinksJvm.kt:72;core/jvm/src/SinksJvm.kt:101;core/jvm/src/SinksJvm.kt:127;core/native/src/files/PathsNative.kt:127;core/native/src/RawSink.kt:24;core/js/src/RawSink.kt:9;core/nodeFilesystemShared/src/files/PathsNodeJs.kt:148;core/wasm/src/RawSink.kt:9;core/wasmWasi/src/files/FileSystemWasm.kt:476	jvm-3dca21e87c304e48;jvm-333505a6bd4cfc77;jvm-ff3de7f8d455d172;jvm-8592e640ea83a724	core/apple/test/NSInputStreamSourceTest.kt#suite-reference;core/apple/test/NSOutputStreamSinkTest.kt#suite-reference;core/apple/test/SinkNSOutputStreamTest.kt#multipleWrites;core/common/test/CommonBufferTest.kt#readAndWriteUtf8;core/common/test/CommonBufferTest.kt#writeSplitSourceBufferLeft;core/common/test/CommonBufferTest.kt#writeSplitSourceBufferRight;core/common/test/CommonBufferTest.kt#writePrefixDoesntSplit;core/common/test/CommonBufferTest.kt#writePrefixDoesntSplitButRequiresCompact;core/common/test/CommonBufferTest.kt#writeSourceWithNegativeNumberOfBytes;core/common/test/CommonBufferTest.kt#writePrefixToEmptyBuffer;core/common/test/CommonBufferTest.kt#readAllWritesAllSegmentsAtOnce;core/jvm/test/BufferTest.kt#writeToSpanningSegments;core/jvm/test/BufferTest.kt#writeToStream;core/common/test/AbstractSourceTest.kt#suite-reference;core/common/test/AbstractSinkTest.kt#writeByteArray;core/common/test/AbstractSinkTest.kt#writeNothing;core/common/test/AbstractSinkTest.kt#writeByte;core/common/test/AbstractSinkTest.kt#writeBytes;core/common/test/AbstractSinkTest.kt#writeLastByteInSegment;core/common/test/AbstractSinkTest.kt#writeShort;core/common/test/AbstractSinkTest.kt#writeShorts;core/common/test/AbstractSinkTest.kt#writeShortLe;core/common/test/CommonRealSinkTest.kt#writeAll;core/common/test/CommonRealSinkTest.kt#writeAllExhausted;core/common/test/CommonRealSinkTest.kt#writeAllWritesOneSegmentAtATime;core/jvm/test/NioTest.kt#suite-reference;core/jvm/test/JvmPlatformTest.kt#outputStreamSinkWriteZeroBytes;core/jvm/test/JvmPlatformTest.kt#outputStreamSinkWriteNegativeNumberOfBytes;core/jvm/test/JvmPlatformTest.kt#outputStreamSinkWritePartOfTheBuffer;core/jvm/test/AbstractSinkTestJVM.kt#writeToClosedOutputStream;core/jvm/test/AbstractSinkTestJVM.kt#writeNioBuffer;core/jvm/test/AbstractSinkTestJVM.kt#writeLargeNioBufferWritesAllData;core/jvm/test/AbstractSinkTestJVM.kt#writeNioBufferToClosedSink;core/jvm/test/AbstractSinkTestJVM.kt#writeStringWithCharset;core/jvm/test/AbstractSinkTestJVM.kt#writeSubstringWithCharset;core/jvm/test/AbstractSinkTestJVM.kt#writeUtf8SubstringWithCharset	Sources/CompilerCore/Stdlib/kotlinx/io/Buffer.kt:384;Sources/CompilerCore/Stdlib/kotlinx/io/Buffer.kt:388;Sources/CompilerCore/Stdlib/kotlinx/io/Buffer.kt:392;Sources/CompilerCore/Stdlib/kotlinx/io/Buffer.kt:404;Sources/CompilerCore/Stdlib/kotlinx/io/Buffer.kt:419;Sources/CompilerCore/Stdlib/kotlinx/io/JvmCore.kt:25;Sources/CompilerCore/Stdlib/kotlinx/io/ByteStrings.kt:16;Sources/CompilerCore/Stdlib/kotlinx/io/RawSink.kt:18;Sources/CompilerCore/Stdlib/kotlinx/io/Segment.kt:321;Sources/CompilerCore/Stdlib/kotlinx/io/Sink.kt:24;Sources/CompilerCore/Stdlib/kotlinx/io/Sink.kt:29;Sources/CompilerCore/Stdlib/kotlinx/io/Sink.kt:35;Sources/CompilerCore/Stdlib/kotlinx/io/Sink.kt:46;Sources/CompilerCore/Stdlib/kotlinx/io/RealSink.kt:22;Sources/CompilerCore/Stdlib/kotlinx/io/RealSink.kt:29;Sources/CompilerCore/Stdlib/kotlinx/io/RealSink.kt:33;Sources/CompilerCore/Stdlib/kotlinx/io/RealSink.kt:37;Sources/CompilerCore/Stdlib/kotlinx/io/RealSink.kt:56;Sources/CompilerCore/Stdlib/kotlinx/io/Core.kt:26;Sources/CompilerCore/Stdlib/kotlinx/io/files/FileSystem.kt:105	Tests/CompilerBackendTests/Integration/BundledStdlibExecutionTests+KtorIOCoverage.swift;Tests/RuntimeTests/RuntimeIoFileSystemTests.swift	unverified	KUU-1729	in-scope common/native API	KLIB declaration key: kotlinx.io/write|write@kotlinx.io.Sink(kotlinx.io.bytestring.ByteString;kotlin.Int;kotlin.Int){}; source declaration line: override fun write(source: Buffer, byteCount: Long) {; default expressions are preserved in the pinned source snapshot
klib-b7a338c0ee96e901	core	Kotlin source API / KLIB dump	common	class	yes	kotlinx.io/IOException	IOException	open class kotlinx.io/IOException : kotlin/Exception {	0	none	none	not-declared-in-source	core/common/src/-CommonPlatform.kt:27;core/native/src/-NonJvmPlatform.kt:25;core/js/src/-PlatformJs.kt:8;core/wasm/src/-PlatformWasm.kt:8		core/common/test/AbstractSourceTest.kt#suite-reference;core/common/test/AbstractSinkTest.kt#suite-reference	Sources/CompilerCore/Stdlib/kotlinx/io/-CommonPlatform.kt:17	Tests/RuntimeTests/RuntimeIoFileSystemTests.swift	unverified	KUU-1725	in-scope common/native API	KLIB declaration key: kotlinx.io/IOException|null; source declaration line: public expect open class IOException : Exception {
klib-b8615ffaceb2162f	core	Kotlin source API / KLIB dump	common	function	yes	kotlinx.io.unsafe/SegmentWriteContext	setUnchecked	abstract fun setUnchecked(kotlinx.io/Segment, kotlin/Int, kotlin/Byte)	0	JvmSynthetic,OptIn,UnsafeIoApi	none	not-declared-in-source	core/common/src/unsafe/UnsafeBufferOperations.kt:456;core/common/src/unsafe/UnsafeBufferOperations.kt:473;core/common/src/unsafe/UnsafeBufferOperations.kt:491;core/common/src/unsafe/UnsafeBufferOperations.kt:512;core/common/src/unsafe/UnsafeBufferOperations.kt:542;core/common/src/unsafe/UnsafeBufferOperations.kt:546;core/common/src/unsafe/UnsafeBufferOperations.kt:550;core/common/src/unsafe/UnsafeBufferOperations.kt:554	jvm-184249263a53bd1c;jvm-4c7d8cabace27adf;jvm-e648005c75c9a635;jvm-fa7bf8ebed5bf8aa	core/common/test/unsafe/UnsafeBufferOperationsForEachTest.kt#suite-reference;core/common/test/unsafe/UnsafeBufferOperationsIterationTest.kt#suite-reference;core/common/test/unsafe/UnsafeBufferOperationsMoveTest.kt#suite-reference;core/common/test/unsafe/UnsafeBufferOperationsReadTest.kt#suite-reference;core/common/test/unsafe/UnsafeBufferOperationsWriteTest.kt#suite-reference	Sources/CompilerCore/Stdlib/kotlinx/io/Segment.kt:370;Sources/CompilerCore/Stdlib/kotlinx/io/Segment.kt:374;Sources/CompilerCore/Stdlib/kotlinx/io/Segment.kt:381;Sources/CompilerCore/Stdlib/kotlinx/io/Segment.kt:389;Sources/CompilerCore/Stdlib/kotlinx/io/unsafe/UnsafeBufferOperations.kt:459;Sources/CompilerCore/Stdlib/kotlinx/io/unsafe/UnsafeBufferOperations.kt:476;Sources/CompilerCore/Stdlib/kotlinx/io/unsafe/UnsafeBufferOperations.kt:494;Sources/CompilerCore/Stdlib/kotlinx/io/unsafe/UnsafeBufferOperations.kt:515;Sources/CompilerCore/Stdlib/kotlinx/io/unsafe/UnsafeBufferOperations.kt:543;Sources/CompilerCore/Stdlib/kotlinx/io/unsafe/UnsafeBufferOperations.kt:547;Sources/CompilerCore/Stdlib/kotlinx/io/unsafe/UnsafeBufferOperations.kt:551;Sources/CompilerCore/Stdlib/kotlinx/io/unsafe/UnsafeBufferOperations.kt:555	none	unverified	KUU-1729	in-scope common/native API	KLIB declaration key: kotlinx.io.unsafe/SegmentWriteContext.setUnchecked|setUnchecked(kotlinx.io.Segment;kotlin.Int;kotlin.Byte){}; source declaration line: public fun setUnchecked(segment: Segment, offset: Int, value: Byte)
klib-b8cef78e807482ab	core	Kotlin source API / KLIB dump	common	function	yes	kotlinx.io	readHexadecimalUnsignedLong	final fun (kotlinx.io/Source).kotlinx.io/readHexadecimalUnsignedLong(): kotlin/Long	0	OptIn	none	@throws NumberFormatException if the found hexadecimal does not fit into a `long` or; @throws EOFException if the source is exhausted before a call of this method.; @throws IllegalStateException when the source is closed.; @throws IOException when some I/O error occurs.	core/common/src/Sources.kt:146	jvm-178a4ef8cf26e827	core/common/test/AbstractSourceTest.kt#suite-reference;core/common/test/CommonRealSourceTest.kt#suite-reference	Sources/CompilerCore/Stdlib/kotlinx/io/Sources.kt:61	none	unverified	KUU-1731	in-scope common/native API	KLIB declaration key: kotlinx.io/readHexadecimalUnsignedLong|readHexadecimalUnsignedLong@kotlinx.io.Source(){}; source declaration line: public fun Source.readHexadecimalUnsignedLong(): Long {
klib-b8d3dfb575d2ea24	core	Kotlin source API / KLIB dump	common	interface	yes	kotlinx.io/RawSink	RawSink	abstract interface kotlinx.io/RawSink : kotlin/AutoCloseable {	0	none	none	not-declared-in-source	core/common/src/RawSink.kt:42;core/jvm/src/RawSink.kt:27;core/native/src/RawSink.kt:23;core/js/src/RawSink.kt:8;core/wasm/src/RawSink.kt:8	jvm-3cd294dd8616b98c	core/common/test/AbstractSinkTest.kt#suite-reference;core/common/test/CommonRealSinkTest.kt#suite-reference	Sources/CompilerCore/Stdlib/kotlinx/io/RawSink.kt:14	none	unverified	KUU-1730	in-scope common/native API	KLIB declaration key: kotlinx.io/RawSink|null; source declaration line: public expect interface RawSink : AutoCloseable {
klib-b99e5e474e73e737	core	Kotlin source API / KLIB dump	common	function	yes	kotlinx.io.files/FileSystem	exists	abstract fun exists(kotlinx.io.files/Path): kotlin/Boolean	0	none	none	@throws kotlinx.io.IOException when the attempt to check the existence of the [path] failed.	core/common/src/files/FileSystem.kt:39	jvm-6a932c6426b8f974	core/common/test/files/SmokeFileTest.kt#suite-reference	Sources/CompilerCore/Stdlib/kotlinx/io/files/FileSystem.kt:19;Sources/CompilerCore/Stdlib/kotlinx/io/files/FileSystem.kt:31	Tests/RuntimeTests/RuntimeIoFileSystemTests.swift	unverified	KUU-1725	in-scope common/native API	KLIB declaration key: kotlinx.io.files/FileSystem.exists|exists(kotlinx.io.files.Path){}; source declaration line: public fun exists(path: Path): Boolean
klib-ba8f18b87d64cda0	core	Kotlin source API / KLIB dump	common	property	yes	kotlinx.io.files/Path	name	final val name	0	none	none	not-declared-in-source	core/common/src/files/Paths.kt:34;core/jvm/src/files/PathsJvm.kt:35;core/native/src/files/PathsNative.kt:50;core/nodeFilesystemShared/src/files/PathsNodeJs.kt:43;core/wasmWasi/src/files/PathsWasm.kt:40	jvm-e6072d51480377ce	core/common/test/files/SmokeFileTest.kt#fileName;core/common/test/files/UtilsTest.kt#suite-reference	Sources/CompilerCore/Stdlib/kotlinx/io/files/Paths.kt:24	Tests/CompilerCoreTests/Sema/KotlinxIOPathSourceTests.swift;Tests/CompilerBackendTests/Integration/BundledStdlibExecutionTests+ByteStringCodec.swift;Tests/RuntimeTests/RuntimeIoFileSystemTests.swift	unverified	KUU-1725	in-scope common/native API	KLIB declaration key: kotlinx.io.files/Path.name|{}name; source declaration line: public val name: String
klib-bb9ffc979ba60de7	core	Kotlin source API / KLIB dump	common	function	yes	kotlinx.io	readUInt	final fun (kotlinx.io/Source).kotlinx.io/readUInt(): kotlin/UInt	0	none	none	@throws EOFException when there are not enough data to read an unsigned int value.; @throws IllegalStateException when the source is closed.; @throws IOException when some I/O error occurs.	core/common/src/Sources.kt:340	jvm-ef0e3eca7bbbef5d	core/common/test/AbstractSourceTest.kt#suite-reference;core/common/test/CommonRealSourceTest.kt#suite-reference	Sources/CompilerCore/Stdlib/kotlinx/io/Sources.kt:148	none	unverified	KUU-1731	in-scope common/native API	KLIB declaration key: kotlinx.io/readUInt|readUInt@kotlinx.io.Source(){}; source declaration line: public fun Source.readUInt(): UInt = readInt().toUInt()
klib-bde5eb900e619836	core	Kotlin source API / KLIB dump	common	source-property-accessor	no	kotlinx.io/Buffer	size	final fun <get-size>(): kotlin/Long	0	none	none	not-declared-in-source	core/common/src/Buffer.kt:65	jvm-89801695cd85ddbf	core/common/test/CommonBufferTest.kt#suite-reference;core/jvm/test/BufferTest.kt#suite-reference	Sources/CompilerCore/Stdlib/kotlinx/io/Buffer.kt:48;Sources/CompilerCore/Stdlib/kotlinx/io/SourcesJvm.kt:47;Sources/CompilerCore/Stdlib/kotlinx/io/Segment.kt:331;Sources/CompilerCore/Stdlib/kotlinx/io/bytestring/ByteString.kt:21;Sources/CompilerCore/Stdlib/kotlinx/io/bytestring/ByteStringBuilder.kt:13;Sources/CompilerCore/Stdlib/kotlinx/io/internal/-Utf8.kt:147;Sources/CompilerCore/Stdlib/kotlinx/io/files/FileSystem.kt:69	Tests/CompilerCoreTests/Sema/KotlinxIOByteStringSurfaceTests.swift;Tests/CompilerBackendTests/Integration/BundledStdlibExecutionTests+ByteString.swift;Tests/CompilerBackendTests/Integration/BundledStdlibExecutionTests+KtorIOCoverage.swift;Tests/RuntimeTests/RuntimeIoFileSystemTests.swift	unverified	KUU-1729	in-scope common/native API	KLIB declaration key: kotlinx.io/Buffer.size.<get-size>|<get-size>(){}; source declaration line: public val size: Long; accessor is linked to a source property and is not a separate callable API
klib-bdf28cb8bae382ca	core	Kotlin source API / KLIB dump	common	function	yes	kotlinx.io/RawSource	close	abstract fun close()	0	none	none	@throws IOException when some I/O error occurs.	core/common/src/RawSource.kt:64	jvm-ea5de737d7c3b4a8	core/common/test/AbstractSourceTest.kt#readFromClosedSource;core/common/test/CommonRealSourceTest.kt#operationsAfterClose;core/common/test/CommonRealSourceTest.kt#closeMultipleTimes	Sources/CompilerCore/Stdlib/kotlinx/io/Buffer.kt:566;Sources/CompilerCore/Stdlib/kotlinx/io/JvmCore.kt:39;Sources/CompilerCore/Stdlib/kotlinx/io/JvmCore.kt:70;Sources/CompilerCore/Stdlib/kotlinx/io/RawSink.kt:25;Sources/CompilerCore/Stdlib/kotlinx/io/RealSink.kt:118;Sources/CompilerCore/Stdlib/kotlinx/io/Core.kt:33;Sources/CompilerCore/Stdlib/kotlinx/io/RawSource.kt:19;Sources/CompilerCore/Stdlib/kotlinx/io/RealSource.kt:132;Sources/CompilerCore/Stdlib/kotlinx/io/PeekSource.kt:58;Sources/CompilerCore/Stdlib/kotlinx/io/files/FileSystem.kt:90;Sources/CompilerCore/Stdlib/kotlinx/io/files/FileSystem.kt:126	Tests/RuntimeTests/RuntimeIoFileSystemTests.swift	unverified	KUU-1730	in-scope common/native API	KLIB declaration key: kotlinx.io/RawSource.close|close(){}; source declaration line: override fun close()
klib-c16a9382b66a0d92	core	Kotlin source API / KLIB dump	common	annotation class	yes	kotlinx.io/UnsafeIoApi	UnsafeIoApi	open annotation class kotlinx.io/UnsafeIoApi : kotlin/Annotation {	0	RequiresOptIn,Retention	none	not-declared-in-source	core/common/src/Annotations.kt:55	jvm-9c9df6d3cdf953ae	core/common/test/AbstractSourceTest.kt#suite-reference;core/common/test/AbstractSinkTest.kt#suite-reference	Sources/CompilerCore/Stdlib/kotlinx/io/Annotations.kt:38	none	unverified	KUU-1725	in-scope common/native API	KLIB declaration key: kotlinx.io/UnsafeIoApi|null; source declaration line: public annotation class UnsafeIoApi
klib-c2b35bc7da1ac135	core	Kotlin source API / KLIB dump	common	function	yes	kotlinx.io/Source	exhausted	abstract fun exhausted(): kotlin/Boolean	0	none	none	@throws IllegalStateException when the source is closed.; @throws IOException when some I/O error occurs.	core/common/src/Source.kt:89	jvm-b68de8e99f9104f6	core/common/test/AbstractSourceTest.kt#exhausted;core/common/test/AbstractSourceTest.kt#transferToExhausted;core/common/test/AbstractSourceTest.kt#readExhaustedSource;core/common/test/AbstractSourceTest.kt#codePointsFromExhaustedSource;core/common/test/CommonRealSourceTest.kt#suite-reference	Sources/CompilerCore/Stdlib/kotlinx/io/Buffer.kt:60;Sources/CompilerCore/Stdlib/kotlinx/io/Source.kt:19;Sources/CompilerCore/Stdlib/kotlinx/io/RealSource.kt:34	none	unverified	KUU-1725	in-scope common/native API	KLIB declaration key: kotlinx.io/Source.exhausted|exhausted(){}; source declaration line: public fun exhausted(): Boolean
klib-c3277008519120a1	core	Kotlin source API / KLIB dump	common	source-property-accessor	no	kotlinx.io/Sink	buffer	abstract fun <get-buffer>(): kotlinx.io/Buffer	0	InternalIoApi	none	not-declared-in-source	core/common/src/Sink.kt:72	jvm-39cb321f548e7fe0	core/common/test/AbstractSinkTest.kt#writeBufferThrowsIAE;core/common/test/AbstractSinkTest.kt#writeBufferWithNegativeBytesCount;core/common/test/AbstractSinkTest.kt#closeEmitsBufferedBytes;core/common/test/CommonRealSinkTest.kt#bufferedSinkEmitsTailWhenItIsComplete;core/common/test/CommonRealSinkTest.kt#bufferedSinkEmitMultipleSegments;core/common/test/CommonRealSinkTest.kt#bufferedSinkFlush	Sources/CompilerCore/Stdlib/kotlinx/io/Buffer.kt:58;Sources/CompilerCore/Stdlib/kotlinx/io/Source.kt:14;Sources/CompilerCore/Stdlib/kotlinx/io/SourcesJvm.kt:45;Sources/CompilerCore/Stdlib/kotlinx/io/Sink.kt:14;Sources/CompilerCore/Stdlib/kotlinx/io/RealSink.kt:19;Sources/CompilerCore/Stdlib/kotlinx/io/RealSource.kt:18;Sources/CompilerCore/Stdlib/kotlinx/io/PeekSource.kt:23;Sources/CompilerCore/Stdlib/kotlinx/io/bytestring/ByteStringBuilder.kt:10	Tests/CompilerCoreTests/Sema/KotlinxIOByteStringSurfaceTests.swift;Tests/CompilerBackendTests/Integration/BundledStdlibExecutionTests+KtorIOCoverage.swift	unverified	KUU-1729	in-scope common/native API	KLIB declaration key: kotlinx.io/Sink.buffer.<get-buffer>|<get-buffer>(){}; source declaration line: public val buffer: Buffer; accessor is linked to a source property and is not a separate callable API
klib-c45ea1b4106a5cfc	core	Kotlin source API / KLIB dump	common	constructor	yes	kotlinx.io/IOException	<init>	constructor <init>(kotlin/String?, kotlin/Throwable?)	0	none	none	not-declared-in-source	core/common/src/-CommonPlatform.kt:28;core/common/src/-CommonPlatform.kt:29;core/common/src/-CommonPlatform.kt:30;core/common/src/-CommonPlatform.kt:31;core/common/src/-CommonPlatform.kt:38;core/common/src/-CommonPlatform.kt:39;core/common/src/-CommonPlatform.kt:27;core/native/src/-NonJvmPlatform.kt:26;core/native/src/-NonJvmPlatform.kt:28;core/native/src/-NonJvmPlatform.kt:30;core/native/src/-NonJvmPlatform.kt:32;core/native/src/-NonJvmPlatform.kt:36;core/native/src/-NonJvmPlatform.kt:38;core/native/src/-NonJvmPlatform.kt:40;core/native/src/-NonJvmPlatform.kt:25;core/js/src/-PlatformJs.kt:9;core/js/src/-PlatformJs.kt:11;core/js/src/-PlatformJs.kt:13;core/js/src/-PlatformJs.kt:15;core/js/src/-PlatformJs.kt:19;core/js/src/-PlatformJs.kt:21;core/js/src/-PlatformJs.kt:23;core/js/src/-PlatformJs.kt:8;core/wasm/src/-PlatformWasm.kt:9;core/wasm/src/-PlatformWasm.kt:11;core/wasm/src/-PlatformWasm.kt:13;core/wasm/src/-PlatformWasm.kt:15;core/wasm/src/-PlatformWasm.kt:19;core/wasm/src/-PlatformWasm.kt:21;core/wasm/src/-PlatformWasm.kt:23;core/wasm/src/-PlatformWasm.kt:8		core/common/test/AbstractSourceTest.kt#suite-reference;core/common/test/AbstractSinkTest.kt#suite-reference	Sources/CompilerCore/Stdlib/kotlinx/io/-CommonPlatform.kt:17	Tests/RuntimeTests/RuntimeIoFileSystemTests.swift	unverified	KUU-1725	in-scope common/native API	KLIB declaration key: kotlinx.io/IOException.<init>|<init>(kotlin.String?;kotlin.Throwable?){}; source declaration line: public constructor()
klib-c5967cbbd4139ae7	core	Kotlin source API / KLIB dump	common	function	yes	kotlinx.io/Source	require	abstract fun require(kotlin/Long)	0	none	none	@throws EOFException when the source is exhausted before the required bytes count could be read.; @throws IllegalStateException when the source is closed.; @throws IllegalArgumentException when [byteCount] is negative.; @throws IOException when some I/O error occurs.	core/common/src/Source.kt:107	jvm-b09bb24774f02122	core/common/test/AbstractSourceTest.kt#require;core/common/test/AbstractSourceTest.kt#requireZeroBytes;core/common/test/AbstractSourceTest.kt#requireNegativeNumberOfBytes;core/common/test/CommonRealSourceTest.kt#requireTracksBufferFirst;core/common/test/CommonRealSourceTest.kt#requireIncludesBufferBytes;core/common/test/CommonRealSourceTest.kt#requireInsufficientData;core/common/test/CommonRealSourceTest.kt#requireReadsOneSegmentAtATime	Sources/CompilerCore/Stdlib/kotlinx/io/Buffer.kt:62;Sources/CompilerCore/Stdlib/kotlinx/io/Source.kt:25;Sources/CompilerCore/Stdlib/kotlinx/io/RealSource.kt:39	Tests/CompilerCoreTests/Sema/KotlinxIOPathSourceTests.swift	unverified	KUU-1725	in-scope common/native API	KLIB declaration key: kotlinx.io/Source.require|require(kotlin.Long){}; source declaration line: public fun require(byteCount: Long)
klib-c69fb04271e9017f	core	Kotlin source API / KLIB dump	common	function	yes	kotlinx.io/Buffer	flush	final fun flush()	0	none	none	not-declared-in-source	core/common/src/Buffer.kt:186	jvm-f48ec015844f81c7	core/common/test/CommonBufferTest.kt#suite-reference;core/jvm/test/BufferTest.kt#suite-reference	Sources/CompilerCore/Stdlib/kotlinx/io/Buffer.kt:167;Sources/CompilerCore/Stdlib/kotlinx/io/JvmCore.kt:37;Sources/CompilerCore/Stdlib/kotlinx/io/RawSink.kt:23;Sources/CompilerCore/Stdlib/kotlinx/io/Sink.kt:71;Sources/CompilerCore/Stdlib/kotlinx/io/RealSink.kt:110;Sources/CompilerCore/Stdlib/kotlinx/io/Core.kt:30;Sources/CompilerCore/Stdlib/kotlinx/io/files/FileSystem.kt:124	none	unverified	KUU-1729	in-scope common/native API	KLIB declaration key: kotlinx.io/Buffer.flush|flush(){}; source declaration line: override fun flush(): Unit = Unit
klib-ca6de80d87f0db05	core	Kotlin source API / KLIB dump	common	constructor	yes	kotlinx.io/DelicateIoApi	<init>	constructor <init>()	0	MustBeDocumented,RequiresOptIn,Retention	none	not-declared-in-source	core/common/src/Annotations.kt:21	jvm-1ade859ef0485010	core/common/test/AbstractSourceTest.kt#suite-reference;core/common/test/AbstractSinkTest.kt#suite-reference	Sources/CompilerCore/Stdlib/kotlinx/io/Annotations.kt:17	none	unverified	KUU-1725	in-scope common/native API	KLIB declaration key: kotlinx.io/DelicateIoApi.<init>|<init>(){}; source declaration line: public annotation class DelicateIoApi
klib-caa6adf5c94ccba4	core	Kotlin source API / KLIB dump	common	function	yes	kotlinx.io.unsafe/UnsafeBufferOperations	iterate	final inline fun iterate(kotlinx.io/Buffer, kotlin/Long, kotlin/Function3<kotlinx.io.unsafe/BufferIterationContext, kotlinx.io/Segment?, kotlin/Long, kotlin/Unit>)	0	none	none	not-declared-in-source	core/common/src/unsafe/UnsafeBufferOperations.kt:307;core/common/src/unsafe/UnsafeBufferOperations.kt:339	jvm-97b82426ab3fe218;jvm-40d5b12f05b60d0b	core/common/test/unsafe/UnsafeBufferOperationsForEachTest.kt#suite-reference;core/common/test/unsafe/UnsafeBufferOperationsIterationTest.kt#suite-reference;core/common/test/unsafe/UnsafeBufferOperationsMoveTest.kt#suite-reference;core/common/test/unsafe/UnsafeBufferOperationsReadTest.kt#suite-reference;core/common/test/unsafe/UnsafeBufferOperationsWriteTest.kt#suite-reference	Sources/CompilerCore/Stdlib/kotlinx/io/unsafe/UnsafeBufferOperations.kt:311;Sources/CompilerCore/Stdlib/kotlinx/io/unsafe/UnsafeBufferOperations.kt:343	none	unverified	KUU-1729	in-scope common/native API	KLIB declaration key: kotlinx.io.unsafe/UnsafeBufferOperations.iterate|iterate(kotlinx.io.Buffer;kotlin.Long;kotlin.Function3<kotlinx.io.unsafe.BufferIterationContext,kotlinx.io.Segment?,kotlin.Long,kotlin.Unit>){}; source declaration line: public inline fun iterate(
klib-cc0b8375fc87baf1	core	Kotlin source API / KLIB dump	common	function	yes	kotlinx.io	writeIntLe	final fun (kotlinx.io/Sink).kotlinx.io/writeIntLe(kotlin/Int)	0	none	none	@throws IllegalStateException when the sink is closed.; @throws IOException when some I/O error occurs.	core/common/src/Sinks.kt:41	jvm-7fa32c3de0d53395	core/common/test/AbstractSinkTest.kt#writeIntLe;core/common/test/CommonRealSinkTest.kt#suite-reference	Sources/CompilerCore/Stdlib/kotlinx/io/Sinks.kt:51	none	unverified	KUU-1731	in-scope common/native API	KLIB declaration key: kotlinx.io/writeIntLe|writeIntLe@kotlinx.io.Sink(kotlin.Int){}; source declaration line: public fun Sink.writeIntLe(int: Int) {
klib-cd211a43d894fda6	core	Kotlin source API / KLIB dump	common	function	yes	kotlinx.io/Buffer	close	final fun close()	0	none	none	not-declared-in-source	core/common/src/Buffer.kt:547	jvm-a79656c35014f069	core/common/test/CommonBufferTest.kt#suite-reference;core/jvm/test/BufferTest.kt#suite-reference	Sources/CompilerCore/Stdlib/kotlinx/io/Buffer.kt:566;Sources/CompilerCore/Stdlib/kotlinx/io/JvmCore.kt:39;Sources/CompilerCore/Stdlib/kotlinx/io/JvmCore.kt:70;Sources/CompilerCore/Stdlib/kotlinx/io/RawSink.kt:25;Sources/CompilerCore/Stdlib/kotlinx/io/RealSink.kt:118;Sources/CompilerCore/Stdlib/kotlinx/io/Core.kt:33;Sources/CompilerCore/Stdlib/kotlinx/io/RawSource.kt:19;Sources/CompilerCore/Stdlib/kotlinx/io/RealSource.kt:132;Sources/CompilerCore/Stdlib/kotlinx/io/PeekSource.kt:58;Sources/CompilerCore/Stdlib/kotlinx/io/files/FileSystem.kt:90;Sources/CompilerCore/Stdlib/kotlinx/io/files/FileSystem.kt:126	Tests/RuntimeTests/RuntimeIoFileSystemTests.swift	unverified	KUU-1729	in-scope common/native API	KLIB declaration key: kotlinx.io/Buffer.close|close(){}; source declaration line: override fun close(): Unit = Unit
klib-ce7c92aa2bfb72dc	core	Kotlin source API / KLIB dump	common	property	yes	kotlinx.io	SystemLineSeparator	final val kotlinx.io/SystemLineSeparator	0	none	none	not-declared-in-source	core/apple/src/-PlatformApple.kt:13;core/common/src/Core.kt:54;core/jvm/src/JvmCore.kt:103;core/js/src/-PlatformJs.kt:41;core/mingw/src/-PlatformMingw.kt:13;core/unix/src/-PlatformUnix.kt:13;core/wasmJs/src/-PlatformWasmJs.kt:34;core/wasmWasi/src/-PlatformWasmWasi.kt:13	jvm-ae7562b2dc9d8f45	core/jvm/test/JvmPlatformTest.kt#suite-reference	Sources/CompilerCore/Stdlib/kotlinx/io/Core.kt:39	none	unverified	KUU-1725	in-scope common/native API	"KLIB declaration key: kotlinx.io/SystemLineSeparator|{}SystemLineSeparator; source declaration line: public actual val SystemLineSeparator: String = ""\n"""
klib-ce945f0c6b51afec	core	Kotlin source API / KLIB dump	common	constructor	yes	kotlinx.io/IOException	<init>	constructor <init>(kotlin/String?)	0	none	none	not-declared-in-source	core/common/src/-CommonPlatform.kt:28;core/common/src/-CommonPlatform.kt:29;core/common/src/-CommonPlatform.kt:30;core/common/src/-CommonPlatform.kt:31;core/common/src/-CommonPlatform.kt:38;core/common/src/-CommonPlatform.kt:39;core/common/src/-CommonPlatform.kt:27;core/native/src/-NonJvmPlatform.kt:26;core/native/src/-NonJvmPlatform.kt:28;core/native/src/-NonJvmPlatform.kt:30;core/native/src/-NonJvmPlatform.kt:32;core/native/src/-NonJvmPlatform.kt:36;core/native/src/-NonJvmPlatform.kt:38;core/native/src/-NonJvmPlatform.kt:40;core/native/src/-NonJvmPlatform.kt:25;core/js/src/-PlatformJs.kt:9;core/js/src/-PlatformJs.kt:11;core/js/src/-PlatformJs.kt:13;core/js/src/-PlatformJs.kt:15;core/js/src/-PlatformJs.kt:19;core/js/src/-PlatformJs.kt:21;core/js/src/-PlatformJs.kt:23;core/js/src/-PlatformJs.kt:8;core/wasm/src/-PlatformWasm.kt:9;core/wasm/src/-PlatformWasm.kt:11;core/wasm/src/-PlatformWasm.kt:13;core/wasm/src/-PlatformWasm.kt:15;core/wasm/src/-PlatformWasm.kt:19;core/wasm/src/-PlatformWasm.kt:21;core/wasm/src/-PlatformWasm.kt:23;core/wasm/src/-PlatformWasm.kt:8		core/common/test/AbstractSourceTest.kt#suite-reference;core/common/test/AbstractSinkTest.kt#suite-reference	Sources/CompilerCore/Stdlib/kotlinx/io/-CommonPlatform.kt:17	Tests/RuntimeTests/RuntimeIoFileSystemTests.swift	unverified	KUU-1725	in-scope common/native API	KLIB declaration key: kotlinx.io/IOException.<init>|<init>(kotlin.String?){}; source declaration line: public constructor()
klib-cedf0ff273d5d352	core	Kotlin source API / KLIB dump	common	function	yes	kotlinx.io.unsafe/UnsafeBufferOperations	moveToTail	final fun moveToTail(kotlinx.io/Buffer, kotlin/ByteArray, kotlin/Int = ..., kotlin/Int = ...)	2	none	none	@throws IndexOutOfBoundsException when [startIndex] or [endIndex] are not within [bytes] bounds; @throws IllegalArgumentException when `startIndex > endIndex`	core/common/src/unsafe/UnsafeBufferOperations.kt:42	jvm-5f92c233bc706dc6;jvm-8178a8b4ccb3fdd8	core/common/test/unsafe/UnsafeBufferOperationsForEachTest.kt#suite-reference;core/common/test/unsafe/UnsafeBufferOperationsIterationTest.kt#suite-reference;core/common/test/unsafe/UnsafeBufferOperationsMoveTest.kt#suite-reference;core/common/test/unsafe/UnsafeBufferOperationsReadTest.kt#suite-reference;core/common/test/unsafe/UnsafeBufferOperationsWriteTest.kt#suite-reference	Sources/CompilerCore/Stdlib/kotlinx/io/unsafe/UnsafeBufferOperations.kt:46	none	unverified	KUU-1729	in-scope common/native API	KLIB declaration key: kotlinx.io.unsafe/UnsafeBufferOperations.moveToTail|moveToTail(kotlinx.io.Buffer;kotlin.ByteArray;kotlin.Int;kotlin.Int){}; source declaration line: public fun moveToTail(buffer: Buffer, bytes: ByteArray, startIndex: Int = 0, endIndex: Int = bytes.size) {; default expressions are preserved in the pinned source snapshot
klib-d02d17dc3ff2b0ff	core	Kotlin source API / KLIB dump	common	property	yes	kotlinx.io/Buffer	size	final val size	0	none	none	not-declared-in-source	core/common/src/Buffer.kt:65	jvm-89801695cd85ddbf	core/common/test/CommonBufferTest.kt#suite-reference;core/jvm/test/BufferTest.kt#suite-reference	Sources/CompilerCore/Stdlib/kotlinx/io/Buffer.kt:48;Sources/CompilerCore/Stdlib/kotlinx/io/SourcesJvm.kt:47;Sources/CompilerCore/Stdlib/kotlinx/io/Segment.kt:331;Sources/CompilerCore/Stdlib/kotlinx/io/bytestring/ByteString.kt:21;Sources/CompilerCore/Stdlib/kotlinx/io/bytestring/ByteStringBuilder.kt:13;Sources/CompilerCore/Stdlib/kotlinx/io/internal/-Utf8.kt:147;Sources/CompilerCore/Stdlib/kotlinx/io/files/FileSystem.kt:69	Tests/CompilerCoreTests/Sema/KotlinxIOByteStringSurfaceTests.swift;Tests/CompilerBackendTests/Integration/BundledStdlibExecutionTests+ByteString.swift;Tests/CompilerBackendTests/Integration/BundledStdlibExecutionTests+KtorIOCoverage.swift;Tests/RuntimeTests/RuntimeIoFileSystemTests.swift	unverified	KUU-1729	in-scope common/native API	KLIB declaration key: kotlinx.io/Buffer.size|{}size; source declaration line: public val size: Long
klib-d25f65883abb449b	core	Kotlin source API / KLIB dump	common	constructor	yes	kotlinx.io/EOFException	<init>	constructor <init>()	0	none	none	not-declared-in-source	core/common/src/-CommonPlatform.kt:28;core/common/src/-CommonPlatform.kt:29;core/common/src/-CommonPlatform.kt:30;core/common/src/-CommonPlatform.kt:31;core/common/src/-CommonPlatform.kt:38;core/common/src/-CommonPlatform.kt:39;core/common/src/-CommonPlatform.kt:37;core/native/src/-NonJvmPlatform.kt:26;core/native/src/-NonJvmPlatform.kt:28;core/native/src/-NonJvmPlatform.kt:30;core/native/src/-NonJvmPlatform.kt:32;core/native/src/-NonJvmPlatform.kt:36;core/native/src/-NonJvmPlatform.kt:38;core/native/src/-NonJvmPlatform.kt:40;core/native/src/-NonJvmPlatform.kt:35;core/js/src/-PlatformJs.kt:9;core/js/src/-PlatformJs.kt:11;core/js/src/-PlatformJs.kt:13;core/js/src/-PlatformJs.kt:15;core/js/src/-PlatformJs.kt:19;core/js/src/-PlatformJs.kt:21;core/js/src/-PlatformJs.kt:23;core/js/src/-PlatformJs.kt:18;core/wasm/src/-PlatformWasm.kt:9;core/wasm/src/-PlatformWasm.kt:11;core/wasm/src/-PlatformWasm.kt:13;core/wasm/src/-PlatformWasm.kt:15;core/wasm/src/-PlatformWasm.kt:19;core/wasm/src/-PlatformWasm.kt:21;core/wasm/src/-PlatformWasm.kt:23;core/wasm/src/-PlatformWasm.kt:18		core/common/test/AbstractSourceTest.kt#suite-reference;core/common/test/AbstractSinkTest.kt#suite-reference	Sources/CompilerCore/Stdlib/kotlinx/io/-CommonPlatform.kt:39	none	unverified	KUU-1725	in-scope common/native API	KLIB declaration key: kotlinx.io/EOFException.<init>|<init>(){}; source declaration line: public constructor()
klib-d2f38ed9026aca01	core	Kotlin source API / KLIB dump	common	function	yes	kotlinx.io	writeString	final fun (kotlinx.io/Sink).kotlinx.io/writeString(kotlin/CharSequence, kotlin/Int = ..., kotlin/Int = ...)	2	OptIn	none	@throws IndexOutOfBoundsException when [startIndex] or [endIndex] is out of range of [string] indices.; @throws IllegalArgumentException when `startIndex > endIndex`.; @throws IllegalStateException when the sink is closed.; @throws IOException when some I/O error occurs.	core/common/src/Utf8.kt:170;core/common/src/Utf8.kt:191;core/jvm/src/SinksJvm.kt:45	jvm-dda61f0299dd8305;jvm-9996895f35860b5d;jvm-bb21970a40e60525;jvm-87944bacdbf3ca79;jvm-804266071f0ab846;jvm-2a9d7e102164fbd2	core/common/test/Utf8Test.kt#suite-reference;core/jvm/test/NioTest.kt#suite-reference;core/jvm/test/AbstractSinkTestJVM.kt#writeStringWithCharset	Sources/CompilerCore/Stdlib/kotlinx/io/Utf8.kt:14;Sources/CompilerCore/Stdlib/kotlinx/io/Utf8.kt:19	Tests/CompilerBackendTests/Integration/BundledStdlibExecutionTests+KtorIOCoverage.swift	unverified	KUU-1733	in-scope common/native API	KLIB declaration key: kotlinx.io/writeString|writeString@kotlinx.io.Sink(kotlin.CharSequence;kotlin.Int;kotlin.Int){}; source declaration line: public fun Sink.writeString(string: String, startIndex: Int = 0, endIndex: Int = string.length) {; default expressions are preserved in the pinned source snapshot
klib-d622a899b3e52773	core	Kotlin source API / KLIB dump	common	function	yes	kotlinx.io	writeUIntLe	final fun (kotlinx.io/Sink).kotlinx.io/writeUIntLe(kotlin/UInt)	0	none	none	@throws IllegalStateException when the sink is closed.; @throws IOException when some I/O error occurs.	core/common/src/Sinks.kt:252	jvm-29cc07701ed1028a	core/common/test/AbstractSinkTest.kt#writeUIntLe;core/common/test/CommonRealSinkTest.kt#suite-reference	Sources/CompilerCore/Stdlib/kotlinx/io/Sinks.kt:242	none	unverified	KUU-1731	in-scope common/native API	KLIB declaration key: kotlinx.io/writeUIntLe|writeUIntLe@kotlinx.io.Sink(kotlin.UInt){}; source declaration line: public fun Sink.writeUIntLe(int: UInt) {
klib-da327fd9f523ef4d	core	Kotlin source API / KLIB dump	common	function	yes	kotlinx.io/Buffer	peek	final fun peek(): kotlinx.io/Source	0	none	none	not-declared-in-source	core/common/src/Buffer.kt:346	jvm-326bd66ccd57e3fb	core/common/test/CommonBufferTest.kt#suite-reference;core/jvm/test/BufferTest.kt#suite-reference	Sources/CompilerCore/Stdlib/kotlinx/io/Buffer.kt:354;Sources/CompilerCore/Stdlib/kotlinx/io/Source.kt:79;Sources/CompilerCore/Stdlib/kotlinx/io/RealSource.kt:127	none	unverified	KUU-1729	in-scope common/native API	KLIB declaration key: kotlinx.io/Buffer.peek|peek(){}; source declaration line: override fun peek(): Source = PeekSource(this).buffered()
klib-db19efa34d4c840f	core	Kotlin source API / KLIB dump	common	function	yes	kotlinx.io/Buffer	writeShort	final fun writeShort(kotlin/Short)	0	none	none	not-declared-in-source	core/common/src/Buffer.kt:506	jvm-2b894f9b4aec8ca4	core/common/test/CommonBufferTest.kt#suite-reference;core/jvm/test/BufferTest.kt#suite-reference	Sources/CompilerCore/Stdlib/kotlinx/io/Buffer.kt:525;Sources/CompilerCore/Stdlib/kotlinx/io/Segment.kt:219;Sources/CompilerCore/Stdlib/kotlinx/io/Sink.kt:56;Sources/CompilerCore/Stdlib/kotlinx/io/RealSink.kt:79	none	unverified	KUU-1729	in-scope common/native API	KLIB declaration key: kotlinx.io/Buffer.writeShort|writeShort(kotlin.Short){}; source declaration line: override fun writeShort(short: Short) {
klib-db1be29554216403	core	Kotlin source API / KLIB dump	common	function	yes	kotlinx.io	writeHexadecimalUnsignedLong	final fun (kotlinx.io/Sink).kotlinx.io/writeHexadecimalUnsignedLong(kotlin/Long)	0	OptIn	none	@throws IllegalStateException when the sink is closed.; @throws IOException when some I/O error occurs.	core/common/src/Sinks.kt:151	jvm-9e229e67e2df65ed	core/common/test/AbstractSinkTest.kt#suite-reference;core/common/test/CommonRealSinkTest.kt#suite-reference	Sources/CompilerCore/Stdlib/kotlinx/io/Sinks.kt:156	none	unverified	KUU-1731	in-scope common/native API	KLIB declaration key: kotlinx.io/writeHexadecimalUnsignedLong|writeHexadecimalUnsignedLong@kotlinx.io.Sink(kotlin.Long){}; source declaration line: public fun Sink.writeHexadecimalUnsignedLong(long: Long) {
klib-dee8509151e67b6c	core	Kotlin source API / KLIB dump	common	constructor	yes	kotlinx.io.files/FileNotFoundException	<init>	constructor <init>(kotlin/String?)	0	none	none	not-declared-in-source	core/common/src/files/FileSystem.kt:213;core/native/src/files/FileSystemNative.kt:117;core/nodeFilesystemShared/src/files/FileSystemNodeJs.kt:127;core/wasmWasi/src/files/FileSystemWasm.kt:371		core/common/test/files/SmokeFileTest.kt#suite-reference	Sources/CompilerCore/Stdlib/kotlinx/io/files/FileNotFoundException.kt:10	Tests/CompilerCoreTests/Sema/KotlinxIOPathSourceTests.swift;Tests/RuntimeTests/RuntimeIoFileSystemTests.swift	unverified	KUU-1725	in-scope common/native API	KLIB declaration key: kotlinx.io.files/FileNotFoundException.<init>|<init>(kotlin.String?){}; source declaration line: public expect class FileNotFoundException(message: String?) : IOException
klib-defd9573ba737c05	core	Kotlin source API / KLIB dump	common	function	yes	kotlinx.io	readULong	final fun (kotlinx.io/Source).kotlinx.io/readULong(): kotlin/ULong	0	none	none	@throws EOFException when there are not enough data to read an unsigned long value.; @throws IllegalStateException when the source is closed.; @throws IOException when some I/O error occurs.	core/common/src/Sources.kt:352	jvm-18694923f3970c73	core/common/test/AbstractSourceTest.kt#suite-reference;core/common/test/CommonRealSourceTest.kt#suite-reference	Sources/CompilerCore/Stdlib/kotlinx/io/Sources.kt:149	none	unverified	KUU-1731	in-scope common/native API	KLIB declaration key: kotlinx.io/readULong|readULong@kotlinx.io.Source(){}; source declaration line: public fun Source.readULong(): ULong = readLong().toULong()
klib-dfc8f292cc42fe63	core	Kotlin source API / KLIB dump	common	function	yes	kotlinx.io	writeLongLe	final fun (kotlinx.io/Sink).kotlinx.io/writeLongLe(kotlin/Long)	0	none	none	@throws IllegalStateException when the sink is closed.; @throws IOException when some I/O error occurs.	core/common/src/Sinks.kt:55	jvm-b6e3ad377f1a3391	core/common/test/AbstractSinkTest.kt#writeLongLe;core/common/test/CommonRealSinkTest.kt#suite-reference	Sources/CompilerCore/Stdlib/kotlinx/io/Sinks.kt:63	none	unverified	KUU-1731	in-scope common/native API	KLIB declaration key: kotlinx.io/writeLongLe|writeLongLe@kotlinx.io.Sink(kotlin.Long){}; source declaration line: public fun Sink.writeLongLe(long: Long) {
klib-e1f76e75c682b718	core	Kotlin source API / KLIB dump	common	property	yes	kotlinx.io/Buffer	buffer	final val buffer	0	InternalIoApi	none	not-declared-in-source	core/common/src/Buffer.kt:77;core/nodeFilesystemShared/src/node/buffer.kt:25	jvm-d53cc9894b43d9de	core/common/test/CommonBufferTest.kt#bufferToString;core/common/test/CommonBufferTest.kt#multipleSegmentBuffers;core/common/test/CommonBufferTest.kt#moveBytesBetweenBuffersShareSegment;core/common/test/CommonBufferTest.kt#moveBytesBetweenBuffersReassignSegment;core/common/test/CommonBufferTest.kt#moveBytesBetweenBuffersMultipleSegments;core/common/test/CommonBufferTest.kt#writeSplitSourceBufferLeft;core/common/test/CommonBufferTest.kt#writeSplitSourceBufferRight;core/common/test/CommonBufferTest.kt#getByteOfEmptyBuffer;core/jvm/test/BufferTest.kt#bufferInputStreamByteByByte;core/jvm/test/BufferTest.kt#bufferInputStreamBulkReads;core/jvm/test/BufferTest.kt#readEmptyBufferToByteBuffer	Sources/CompilerCore/Stdlib/kotlinx/io/Buffer.kt:58;Sources/CompilerCore/Stdlib/kotlinx/io/Source.kt:14;Sources/CompilerCore/Stdlib/kotlinx/io/SourcesJvm.kt:45;Sources/CompilerCore/Stdlib/kotlinx/io/Sink.kt:14;Sources/CompilerCore/Stdlib/kotlinx/io/RealSink.kt:19;Sources/CompilerCore/Stdlib/kotlinx/io/RealSource.kt:18;Sources/CompilerCore/Stdlib/kotlinx/io/PeekSource.kt:23;Sources/CompilerCore/Stdlib/kotlinx/io/bytestring/ByteStringBuilder.kt:10	Tests/CompilerCoreTests/Sema/KotlinxIOByteStringSurfaceTests.swift;Tests/CompilerBackendTests/Integration/BundledStdlibExecutionTests+KtorIOCoverage.swift	unverified	KUU-1729	in-scope common/native API	KLIB declaration key: kotlinx.io/Buffer.buffer|{}buffer; source declaration line: override val buffer: Buffer get() = this
klib-e233eb9801031701	core	Kotlin source API / KLIB dump	common	source-property-accessor	no	kotlinx.io.files	SystemTemporaryDirectory	final fun <get-SystemTemporaryDirectory>(): kotlinx.io.files/Path	0	none	none	not-declared-in-source	core/apple/src/files/FileSystemApple.kt:21;core/common/src/files/FileSystem.kt:189;core/jvm/src/files/FileSystemJvm.kt:113;core/nativeNonApple/src/files/FileSystemNativeNonApple.kt:13;core/nodeFilesystemShared/src/files/FileSystemNodeJs.kt:122;core/wasmWasi/src/files/FileSystemWasm.kt:19	jvm-6dcae71c67e2278f	core/common/test/files/SmokeFileTest.kt#suite-reference	Sources/CompilerCore/Stdlib/kotlinx/io/files/Paths.kt:55	Tests/CompilerCoreTests/Sema/KotlinxIOPathSourceTests.swift	unverified	KUU-1725	in-scope common/native API	KLIB declaration key: kotlinx.io.files/SystemTemporaryDirectory.<get-SystemTemporaryDirectory>|<get-SystemTemporaryDirectory>(){}; source declaration line: public actual val SystemTemporaryDirectory: Path; accessor is linked to a source property and is not a separate callable API
klib-e375bc5c05e11b68	core	Kotlin source API / KLIB dump	common	source-property-accessor	no	kotlinx.io.files	SystemPathSeparator	final fun <get-SystemPathSeparator>(): kotlin/Char	0	none	none	not-declared-in-source	core/common/src/files/Paths.kt:70;core/jvm/src/files/PathsJvm.kt:40;core/native/src/files/PathsNative.kt:57;core/nodeFilesystemShared/src/files/PathsNodeJs.kt:69;core/wasmWasi/src/files/PathsWasm.kt:55	jvm-a1d46eb1f6c5e933	core/common/test/files/SmokeFileTest.kt#suite-reference;core/common/test/files/UtilsTest.kt#suite-reference	Sources/CompilerCore/Stdlib/kotlinx/io/files/Paths.kt:52	Tests/CompilerCoreTests/Sema/KotlinxIOPathSourceTests.swift	unverified	KUU-1725	in-scope common/native API	KLIB declaration key: kotlinx.io.files/SystemPathSeparator.<get-SystemPathSeparator>|<get-SystemPathSeparator>(){}; source declaration line: public expect val SystemPathSeparator: Char; accessor is linked to a source property and is not a separate callable API
klib-e6692e8ba9801df3	core	Kotlin source API / KLIB dump	common	function	yes	kotlinx.io	buffered	final fun (kotlinx.io/RawSource).kotlinx.io/buffered(): kotlinx.io/Source	0	none	none	not-declared-in-source	core/common/src/Buffer.kt:346;core/common/src/Core.kt:28;core/common/src/Core.kt:34;core/common/src/files/Paths.kt:115;core/common/src/files/Paths.kt:133;core/jvm/src/files/PathsJvm.kt:48;core/jvm/src/files/PathsJvm.kt:54	jvm-e3e7bf31cf53409e;jvm-906fe479ddffb96f	core/common/test/CommonBufferTest.kt#suite-reference;core/jvm/test/BufferTest.kt#suite-reference;core/common/test/files/SmokeFileTest.kt#suite-reference;core/common/test/files/UtilsTest.kt#suite-reference	Sources/CompilerCore/Stdlib/kotlinx/io/Buffer.kt:354;Sources/CompilerCore/Stdlib/kotlinx/io/Core.kt:13;Sources/CompilerCore/Stdlib/kotlinx/io/Core.kt:18	Tests/CompilerBackendTests/Integration/BundledStdlibExecutionTests+KtorIOCoverage.swift	unverified	KUU-1729	in-scope common/native API	KLIB declaration key: kotlinx.io/buffered|buffered@kotlinx.io.RawSource(){}; source declaration line: override fun peek(): Source = PeekSource(this).buffered()
klib-e73c2ae9564dc892	core	Kotlin source API / KLIB dump	common	function	yes	kotlinx.io/Buffer	transferTo	final fun transferTo(kotlinx.io/RawSink): kotlin/Long	0	none	none	not-declared-in-source	core/common/src/Buffer.kt:338	jvm-e66948d3f7b556c0	core/common/test/CommonBufferTest.kt#suite-reference;core/jvm/test/BufferTest.kt#suite-reference	Sources/CompilerCore/Stdlib/kotlinx/io/Buffer.kt:346;Sources/CompilerCore/Stdlib/kotlinx/io/Source.kt:74;Sources/CompilerCore/Stdlib/kotlinx/io/RealSource.kt:79	none	unverified	KUU-1729	in-scope common/native API	KLIB declaration key: kotlinx.io/Buffer.transferTo|transferTo(kotlinx.io.RawSink){}; source declaration line: override fun transferTo(sink: RawSink): Long {
klib-e872d95c8706832c	core	Kotlin source API / KLIB dump	common	function	yes	kotlinx.io/Source	peek	abstract fun peek(): kotlinx.io/Source	0	none	none	@throws IllegalStateException when the source is closed.	core/common/src/Source.kt:248	jvm-0fb040a3d4b87bb5	core/common/test/AbstractSourceTest.kt#peek;core/common/test/AbstractSourceTest.kt#peekMultiple;core/common/test/AbstractSourceTest.kt#peekLarge;core/common/test/AbstractSourceTest.kt#peekInvalid;core/common/test/AbstractSourceTest.kt#peekSegmentThenInvalid;core/common/test/AbstractSourceTest.kt#peekDoesntReadTooMuch;core/common/test/CommonRealSourceTest.kt#suite-reference	Sources/CompilerCore/Stdlib/kotlinx/io/Buffer.kt:354;Sources/CompilerCore/Stdlib/kotlinx/io/Source.kt:79;Sources/CompilerCore/Stdlib/kotlinx/io/RealSource.kt:127	none	unverified	KUU-1730	in-scope common/native API	KLIB declaration key: kotlinx.io/Source.peek|peek(){}; source declaration line: public fun peek(): Source
klib-ea2a6bf9a5d93882	core	Kotlin source API / KLIB dump	common	function	yes	kotlinx.io/Buffer	transferFrom	final fun transferFrom(kotlinx.io/RawSource): kotlin/Long	0	none	none	not-declared-in-source	core/common/src/Buffer.kt:491	jvm-a8cbdcc4d712e68f	core/common/test/CommonBufferTest.kt#suite-reference;core/jvm/test/BufferTest.kt#suite-reference	Sources/CompilerCore/Stdlib/kotlinx/io/Buffer.kt:510;Sources/CompilerCore/Stdlib/kotlinx/io/Sink.kt:41;Sources/CompilerCore/Stdlib/kotlinx/io/RealSink.kt:44	none	unverified	KUU-1729	in-scope common/native API	KLIB declaration key: kotlinx.io/Buffer.transferFrom|transferFrom(kotlinx.io.RawSource){}; source declaration line: override fun transferFrom(source: RawSource): Long {
klib-ea45816decad6959	core	Kotlin source API / KLIB dump	common	function	yes	kotlinx.io	writeString	final fun (kotlinx.io/Sink).kotlinx.io/writeString(kotlin/String, kotlin/Int = ..., kotlin/Int = ...)	2	OptIn	none	@throws IndexOutOfBoundsException when [startIndex] or [endIndex] is out of range of [string] indices.; @throws IllegalArgumentException when `startIndex > endIndex`.; @throws IllegalStateException when the sink is closed.; @throws IOException when some I/O error occurs.	core/common/src/Utf8.kt:170;core/common/src/Utf8.kt:191;core/jvm/src/SinksJvm.kt:45	jvm-dda61f0299dd8305;jvm-9996895f35860b5d;jvm-bb21970a40e60525;jvm-87944bacdbf3ca79;jvm-804266071f0ab846;jvm-2a9d7e102164fbd2	core/common/test/Utf8Test.kt#suite-reference;core/jvm/test/NioTest.kt#suite-reference;core/jvm/test/AbstractSinkTestJVM.kt#writeStringWithCharset	Sources/CompilerCore/Stdlib/kotlinx/io/Utf8.kt:14;Sources/CompilerCore/Stdlib/kotlinx/io/Utf8.kt:19	Tests/CompilerBackendTests/Integration/BundledStdlibExecutionTests+KtorIOCoverage.swift	unverified	KUU-1733	in-scope common/native API	KLIB declaration key: kotlinx.io/writeString|writeString@kotlinx.io.Sink(kotlin.String;kotlin.Int;kotlin.Int){}; source declaration line: public fun Sink.writeString(string: String, startIndex: Int = 0, endIndex: Int = string.length) {; default expressions are preserved in the pinned source snapshot
klib-eb2e0cdf209de26a	core	Kotlin source API / KLIB dump	common	property	yes	kotlinx.io.files	SystemFileSystem	final val kotlinx.io.files/SystemFileSystem	0	none	none	not-declared-in-source	core/common/src/files/FileSystem.kt:182;core/jvm/src/files/FileSystemJvm.kt:52;core/native/src/files/FileSystemNative.kt:18;core/nodeFilesystemShared/src/files/FileSystemNodeJs.kt:15;core/wasmWasi/src/files/FileSystemWasm.kt:34	jvm-3ecb129cb4283041	core/common/test/files/SmokeFileTest.kt#suite-reference	none	none	missing	KUU-1725	in-scope common/native API	KLIB declaration key: kotlinx.io.files/SystemFileSystem|{}SystemFileSystem; source declaration line: public expect val SystemFileSystem: FileSystem
klib-ec16724d485f26fc	core	Kotlin source API / KLIB dump	common	function	yes	kotlinx.io.files	source	final fun (kotlinx.io.files/Path).kotlinx.io.files/source(): kotlinx.io/Source	0	none	none	@throws kotlinx.io.files.FileNotFoundException when the file does not exist.; @throws kotlinx.io.IOException when it's not possible to open the file for reading.	core/common/src/files/FileSystem.kt:111;core/common/src/files/Paths.kt:115;core/jvm/src/files/FileSystemJvm.kt:91;core/jvm/src/files/PathsJvm.kt:48;core/native/src/files/FileSystemNative.kt:75;core/nodeFilesystemShared/src/files/FileSystemNodeJs.kt:91;core/wasmWasi/src/files/FileSystemWasm.kt:147	jvm-4a6ead57ff31eb51	core/common/test/files/SmokeFileTest.kt#closeFileSourceTwice;core/common/test/files/UtilsTest.kt#suite-reference	Sources/CompilerCore/Stdlib/kotlinx/io/files/FileSystem.kt:23;Sources/CompilerCore/Stdlib/kotlinx/io/files/FileSystem.kt:45	Tests/CompilerCoreTests/Sema/KotlinxIOPathSourceTests.swift;Tests/CompilerCoreTests/Sema/KotlinxIOByteStringSurfaceTests.swift;Tests/CompilerBackendTests/Integration/BundledStdlibExecutionTests+KtorIOCoverage.swift;Tests/RuntimeTests/RuntimeIoFileSystemTests.swift	unverified	KUU-1725	in-scope common/native API	KLIB declaration key: kotlinx.io.files/source|source@kotlinx.io.files.Path(){}; source declaration line: public fun source(path: Path): RawSource
klib-ee2aa30f1e1a735f	core	Kotlin source API / KLIB dump	apple-only	function	yes	kotlinx.io	asNSOutputStream	final fun (kotlinx.io/Sink).kotlinx.io/asNSOutputStream(): platform.Foundation/NSOutputStream	0	none	none	not-declared-in-source	core/apple/src/SinksApple.kt:34;core/apple/src/SinksApple.kt:159		core/apple/test/NSOutputStreamSinkTest.kt#suite-reference;core/apple/test/SinkNSOutputStreamTest.kt#suite-reference	none	none	missing	KUU-1725	in-scope Apple API	KLIB declaration key: kotlinx.io/asNSOutputStream|asNSOutputStream@kotlinx.io.Sink(){}; source declaration line: public fun Sink.asNSOutputStream(): NSOutputStream = SinkNSOutputStream(this)
klib-ee51a94316134963	core	Kotlin source API / KLIB dump	common	property	yes	kotlinx.io.files	SystemTemporaryDirectory	final val kotlinx.io.files/SystemTemporaryDirectory	0	none	none	not-declared-in-source	core/apple/src/files/FileSystemApple.kt:21;core/common/src/files/FileSystem.kt:189;core/jvm/src/files/FileSystemJvm.kt:113;core/nativeNonApple/src/files/FileSystemNativeNonApple.kt:13;core/nodeFilesystemShared/src/files/FileSystemNodeJs.kt:122;core/wasmWasi/src/files/FileSystemWasm.kt:19	jvm-6dcae71c67e2278f	core/common/test/files/SmokeFileTest.kt#suite-reference	Sources/CompilerCore/Stdlib/kotlinx/io/files/Paths.kt:55	Tests/CompilerCoreTests/Sema/KotlinxIOPathSourceTests.swift	unverified	KUU-1725	in-scope common/native API	KLIB declaration key: kotlinx.io.files/SystemTemporaryDirectory|{}SystemTemporaryDirectory; source declaration line: public actual val SystemTemporaryDirectory: Path
klib-f10f01d0ac1d5ee1	core	Kotlin source API / KLIB dump	common	function	yes	kotlinx.io/Buffer	readAtMostTo	final fun readAtMostTo(kotlinx.io/Buffer, kotlin/Long): kotlin/Long	0	none	none	not-declared-in-source	core/common/src/Buffer.kt:306;core/common/src/Buffer.kt:321	jvm-44a7c06e326b8c71;jvm-a71ab8891416ac7d	core/common/test/CommonBufferTest.kt#suite-reference;core/jvm/test/BufferTest.kt#suite-reference	Sources/CompilerCore/Stdlib/kotlinx/io/Buffer.kt:314;Sources/CompilerCore/Stdlib/kotlinx/io/Buffer.kt:329;Sources/CompilerCore/Stdlib/kotlinx/io/JvmCore.kt:54;Sources/CompilerCore/Stdlib/kotlinx/io/Sources.kt:140;Sources/CompilerCore/Stdlib/kotlinx/io/Source.kt:63;Sources/CompilerCore/Stdlib/kotlinx/io/RawSource.kt:17;Sources/CompilerCore/Stdlib/kotlinx/io/RealSource.kt:21;Sources/CompilerCore/Stdlib/kotlinx/io/RealSource.kt:57;Sources/CompilerCore/Stdlib/kotlinx/io/PeekSource.kt:30;Sources/CompilerCore/Stdlib/kotlinx/io/files/FileSystem.kt:78	none	unverified	KUU-1729	in-scope common/native API	KLIB declaration key: kotlinx.io/Buffer.readAtMostTo|readAtMostTo(kotlinx.io.Buffer;kotlin.Long){}; source declaration line: override fun readAtMostTo(sink: ByteArray, startIndex: Int, endIndex: Int): Int {
klib-f22691bc91e16f23	core	Kotlin source API / KLIB dump	common	function	yes	kotlinx.io/Buffer	readByte	final fun readByte(): kotlin/Byte	0	none	none	not-declared-in-source	core/common/src/Buffer.kt:93	jvm-2e47df9450ac4b28	core/common/test/CommonBufferTest.kt#suite-reference;core/jvm/test/BufferTest.kt#suite-reference	Sources/CompilerCore/Stdlib/kotlinx/io/Buffer.kt:74;Sources/CompilerCore/Stdlib/kotlinx/io/Sources.kt:146;Sources/CompilerCore/Stdlib/kotlinx/io/Source.kt:36;Sources/CompilerCore/Stdlib/kotlinx/io/Segment.kt:251;Sources/CompilerCore/Stdlib/kotlinx/io/RealSource.kt:52	none	unverified	KUU-1729	in-scope common/native API	KLIB declaration key: kotlinx.io/Buffer.readByte|readByte(){}; source declaration line: override fun readByte(): Byte {
klib-f24361849bd7cfdd	core	Kotlin source API / KLIB dump	common	function	yes	kotlinx.io	discardingSink	final fun kotlinx.io/discardingSink(): kotlinx.io/RawSink	0	none	none	not-declared-in-source	core/common/src/Core.kt:39	jvm-04f9c66bafd8712c	core/common/test/AbstractSourceTest.kt#suite-reference;core/common/test/AbstractSinkTest.kt#suite-reference	Sources/CompilerCore/Stdlib/kotlinx/io/Core.kt:23	none	unverified	KUU-1730	in-scope common/native API	KLIB declaration key: kotlinx.io/discardingSink|discardingSink(){}; source declaration line: public fun discardingSink(): RawSink = DiscardingSink()
klib-f2a10f7f196b05da	core	Kotlin source API / KLIB dump	common	function	yes	kotlinx.io/Buffer	writeByte	final fun writeByte(kotlin/Byte)	0	none	none	not-declared-in-source	core/common/src/Buffer.kt:501	jvm-9bc3705a81c99755	core/common/test/CommonBufferTest.kt#suite-reference;core/jvm/test/BufferTest.kt#suite-reference	Sources/CompilerCore/Stdlib/kotlinx/io/Buffer.kt:520;Sources/CompilerCore/Stdlib/kotlinx/io/Segment.kt:215;Sources/CompilerCore/Stdlib/kotlinx/io/Sink.kt:51;Sources/CompilerCore/Stdlib/kotlinx/io/RealSink.kt:73	none	unverified	KUU-1729	in-scope common/native API	KLIB declaration key: kotlinx.io/Buffer.writeByte|writeByte(kotlin.Byte){}; source declaration line: override fun writeByte(byte: Byte) {
klib-f570c311693d6703	core	Kotlin source API / KLIB dump	common	function	yes	kotlinx.io.unsafe/SegmentWriteContext	setUnchecked	abstract fun setUnchecked(kotlinx.io/Segment, kotlin/Int, kotlin/Byte, kotlin/Byte, kotlin/Byte)	0	JvmSynthetic,OptIn,UnsafeIoApi	none	not-declared-in-source	core/common/src/unsafe/UnsafeBufferOperations.kt:456;core/common/src/unsafe/UnsafeBufferOperations.kt:473;core/common/src/unsafe/UnsafeBufferOperations.kt:491;core/common/src/unsafe/UnsafeBufferOperations.kt:512;core/common/src/unsafe/UnsafeBufferOperations.kt:542;core/common/src/unsafe/UnsafeBufferOperations.kt:546;core/common/src/unsafe/UnsafeBufferOperations.kt:550;core/common/src/unsafe/UnsafeBufferOperations.kt:554	jvm-184249263a53bd1c;jvm-4c7d8cabace27adf;jvm-e648005c75c9a635;jvm-fa7bf8ebed5bf8aa	core/common/test/unsafe/UnsafeBufferOperationsForEachTest.kt#suite-reference;core/common/test/unsafe/UnsafeBufferOperationsIterationTest.kt#suite-reference;core/common/test/unsafe/UnsafeBufferOperationsMoveTest.kt#suite-reference;core/common/test/unsafe/UnsafeBufferOperationsReadTest.kt#suite-reference;core/common/test/unsafe/UnsafeBufferOperationsWriteTest.kt#suite-reference	Sources/CompilerCore/Stdlib/kotlinx/io/Segment.kt:370;Sources/CompilerCore/Stdlib/kotlinx/io/Segment.kt:374;Sources/CompilerCore/Stdlib/kotlinx/io/Segment.kt:381;Sources/CompilerCore/Stdlib/kotlinx/io/Segment.kt:389;Sources/CompilerCore/Stdlib/kotlinx/io/unsafe/UnsafeBufferOperations.kt:459;Sources/CompilerCore/Stdlib/kotlinx/io/unsafe/UnsafeBufferOperations.kt:476;Sources/CompilerCore/Stdlib/kotlinx/io/unsafe/UnsafeBufferOperations.kt:494;Sources/CompilerCore/Stdlib/kotlinx/io/unsafe/UnsafeBufferOperations.kt:515;Sources/CompilerCore/Stdlib/kotlinx/io/unsafe/UnsafeBufferOperations.kt:543;Sources/CompilerCore/Stdlib/kotlinx/io/unsafe/UnsafeBufferOperations.kt:547;Sources/CompilerCore/Stdlib/kotlinx/io/unsafe/UnsafeBufferOperations.kt:551;Sources/CompilerCore/Stdlib/kotlinx/io/unsafe/UnsafeBufferOperations.kt:555	none	unverified	KUU-1729	in-scope common/native API	KLIB declaration key: kotlinx.io.unsafe/SegmentWriteContext.setUnchecked|setUnchecked(kotlinx.io.Segment;kotlin.Int;kotlin.Byte;kotlin.Byte;kotlin.Byte){}; source declaration line: public fun setUnchecked(segment: Segment, offset: Int, value: Byte)
klib-f69256afeaa9b7ce	core	Kotlin source API / KLIB dump	common	function	yes	kotlinx.io/Source	readShort	abstract fun readShort(): kotlin/Short	0	none	none	@throws EOFException when there are not enough data to read a short value.; @throws IllegalStateException when the source is closed.; @throws IOException when some I/O error occurs.	core/common/src/Source.kt:146	jvm-bf7c78b64df8a1f5	core/common/test/AbstractSourceTest.kt#readShort;core/common/test/AbstractSourceTest.kt#readShortLe;core/common/test/AbstractSourceTest.kt#readShortSplitAcrossMultipleSegments;core/common/test/AbstractSourceTest.kt#readShortTooShortThrows;core/common/test/AbstractSourceTest.kt#readShortLeTooShortThrows;core/common/test/CommonRealSourceTest.kt#suite-reference	Sources/CompilerCore/Stdlib/kotlinx/io/Buffer.kt:89;Sources/CompilerCore/Stdlib/kotlinx/io/Sources.kt:10;Sources/CompilerCore/Stdlib/kotlinx/io/Sources.kt:147;Sources/CompilerCore/Stdlib/kotlinx/io/Source.kt:41;Sources/CompilerCore/Stdlib/kotlinx/io/Segment.kt:255;Sources/CompilerCore/Stdlib/kotlinx/io/RealSource.kt:95	none	unverified	KUU-1731	in-scope common/native API	KLIB declaration key: kotlinx.io/Source.readShort|readShort(){}; source declaration line: public fun readShort(): Short
klib-f6fe9eab2b16817b	core	Kotlin source API / KLIB dump	common	interface	yes	kotlinx.io.unsafe/SegmentReadContext	SegmentReadContext	abstract interface kotlinx.io.unsafe/SegmentReadContext {	0	UnsafeIoApi	none	@throws IndexOutOfBoundsException when [startIndex] or [endIndex] are not within [bytes] bounds; @throws IllegalArgumentException when `startIndex > endIndex`; @throws IllegalStateException when [readAction] returns negative value or a values exceeding; @throws IllegalArgumentException when the [buffer] is empty.; @throws IllegalStateException when [minimumCapacity] is too large and could not be fulfilled.; @throws IllegalStateException when [writeAction] returns a negative value or a value exceeding; @throws IllegalArgumentException when [offset] is negative; @throws IndexOutOfBoundsException when [offset] is greater or equal to [Buffer.size]	core/common/src/unsafe/UnsafeBufferOperations.kt:390	jvm-b98e822f37597b93	core/common/test/unsafe/UnsafeBufferOperationsForEachTest.kt#suite-reference;core/common/test/unsafe/UnsafeBufferOperationsIterationTest.kt#suite-reference;core/common/test/unsafe/UnsafeBufferOperationsMoveTest.kt#suite-reference;core/common/test/unsafe/UnsafeBufferOperationsReadTest.kt#suite-reference;core/common/test/unsafe/UnsafeBufferOperationsWriteTest.kt#suite-reference	Sources/CompilerCore/Stdlib/kotlinx/io/unsafe/UnsafeBufferOperations.kt:394	none	unverified	KUU-1729	in-scope common/native API	KLIB declaration key: kotlinx.io.unsafe/SegmentReadContext|null; source declaration line: public interface SegmentReadContext {
klib-f721a4a5df2ae655	core	Kotlin source API / KLIB dump	common	function	yes	kotlinx.io.files/FileSystem	createDirectories	abstract fun createDirectories(kotlinx.io.files/Path, kotlin/Boolean = ...)	1	none	none	@throws kotlinx.io.IOException when [path] already exists and [mustCreate] is `true`.; @throws kotlinx.io.IOException when the creation of one of the directories fails.; @throws kotlinx.io.IOException when [path] is an existing file and [mustCreate] is `false`.	core/common/src/files/FileSystem.kt:73	jvm-b37f1679808858aa;jvm-959e3de0168c91f8	core/common/test/files/SmokeFileTest.kt#createDirectories	Sources/CompilerCore/Stdlib/kotlinx/io/files/FileSystem.kt:21;Sources/CompilerCore/Stdlib/kotlinx/io/files/FileSystem.kt:37	Tests/RuntimeTests/RuntimeIoFileSystemTests.swift	unverified	KUU-1725	in-scope common/native API	KLIB declaration key: kotlinx.io.files/FileSystem.createDirectories|createDirectories(kotlinx.io.files.Path;kotlin.Boolean){}; source declaration line: public fun createDirectories(path: Path, mustCreate: Boolean = false); default expressions are preserved in the pinned source snapshot
klib-f7b67ed1f0fd800e	core	Kotlin source API / KLIB dump	common	function	yes	kotlinx.io/Buffer	write	final fun write(kotlinx.io/RawSource, kotlin/Long)	0	none	none	not-declared-in-source	core/common/src/Buffer.kt:375;core/common/src/Buffer.kt:387;core/common/src/Buffer.kt:402	jvm-087be20b33ddd9c6;jvm-4032561c3edc74f3;jvm-50da1040de068c3d	core/common/test/CommonBufferTest.kt#readAndWriteUtf8;core/common/test/CommonBufferTest.kt#writeSplitSourceBufferLeft;core/common/test/CommonBufferTest.kt#writeSplitSourceBufferRight;core/common/test/CommonBufferTest.kt#writePrefixDoesntSplit;core/common/test/CommonBufferTest.kt#writePrefixDoesntSplitButRequiresCompact;core/common/test/CommonBufferTest.kt#writeSourceWithNegativeNumberOfBytes;core/common/test/CommonBufferTest.kt#writePrefixToEmptyBuffer;core/common/test/CommonBufferTest.kt#readAllWritesAllSegmentsAtOnce;core/jvm/test/BufferTest.kt#writeToSpanningSegments;core/jvm/test/BufferTest.kt#writeToStream	Sources/CompilerCore/Stdlib/kotlinx/io/Buffer.kt:384;Sources/CompilerCore/Stdlib/kotlinx/io/Buffer.kt:388;Sources/CompilerCore/Stdlib/kotlinx/io/Buffer.kt:392;Sources/CompilerCore/Stdlib/kotlinx/io/Buffer.kt:404;Sources/CompilerCore/Stdlib/kotlinx/io/Buffer.kt:419;Sources/CompilerCore/Stdlib/kotlinx/io/JvmCore.kt:25;Sources/CompilerCore/Stdlib/kotlinx/io/ByteStrings.kt:16;Sources/CompilerCore/Stdlib/kotlinx/io/RawSink.kt:18;Sources/CompilerCore/Stdlib/kotlinx/io/Segment.kt:321;Sources/CompilerCore/Stdlib/kotlinx/io/Sink.kt:24;Sources/CompilerCore/Stdlib/kotlinx/io/Sink.kt:29;Sources/CompilerCore/Stdlib/kotlinx/io/Sink.kt:35;Sources/CompilerCore/Stdlib/kotlinx/io/Sink.kt:46;Sources/CompilerCore/Stdlib/kotlinx/io/RealSink.kt:22;Sources/CompilerCore/Stdlib/kotlinx/io/RealSink.kt:29;Sources/CompilerCore/Stdlib/kotlinx/io/RealSink.kt:33;Sources/CompilerCore/Stdlib/kotlinx/io/RealSink.kt:37;Sources/CompilerCore/Stdlib/kotlinx/io/RealSink.kt:56;Sources/CompilerCore/Stdlib/kotlinx/io/Core.kt:26;Sources/CompilerCore/Stdlib/kotlinx/io/files/FileSystem.kt:105	Tests/CompilerBackendTests/Integration/BundledStdlibExecutionTests+KtorIOCoverage.swift;Tests/RuntimeTests/RuntimeIoFileSystemTests.swift	unverified	KUU-1729	in-scope common/native API	KLIB declaration key: kotlinx.io/Buffer.write|write(kotlinx.io.RawSource;kotlin.Long){}; source declaration line: override fun write(source: ByteArray, startIndex: Int, endIndex: Int) {
klib-f7ee387f61c6a2c0	core	Kotlin source API / KLIB dump	common	function	yes	kotlinx.io/Buffer	exhausted	final fun exhausted(): kotlin/Boolean	0	none	none	not-declared-in-source	core/common/src/Buffer.kt:79	jvm-dfee4240a4ba093c	core/common/test/CommonBufferTest.kt#suite-reference;core/jvm/test/BufferTest.kt#suite-reference	Sources/CompilerCore/Stdlib/kotlinx/io/Buffer.kt:60;Sources/CompilerCore/Stdlib/kotlinx/io/Source.kt:19;Sources/CompilerCore/Stdlib/kotlinx/io/RealSource.kt:34	none	unverified	KUU-1729	in-scope common/native API	KLIB declaration key: kotlinx.io/Buffer.exhausted|exhausted(){}; source declaration line: override fun exhausted(): Boolean = size == 0L
klib-fa07a4bb610a4de9	core	Kotlin source API / KLIB dump	common	function	yes	kotlinx.io/Sink	transferFrom	abstract fun transferFrom(kotlinx.io/RawSource): kotlin/Long	0	IgnorableReturnValue	none	@throws IllegalStateException when the sink or [source] is closed.; @throws IOException when some I/O error occurs.	core/common/src/Sink.kt:102	jvm-c0b6e27bab607af2	core/common/test/AbstractSinkTest.kt#suite-reference;core/common/test/CommonRealSinkTest.kt#suite-reference	Sources/CompilerCore/Stdlib/kotlinx/io/Buffer.kt:510;Sources/CompilerCore/Stdlib/kotlinx/io/Sink.kt:41;Sources/CompilerCore/Stdlib/kotlinx/io/RealSink.kt:44	none	unverified	KUU-1730	in-scope common/native API	KLIB declaration key: kotlinx.io/Sink.transferFrom|transferFrom(kotlinx.io.RawSource){}; source declaration line: public fun transferFrom(source: RawSource): Long
klib-fb2aeb01e083e94f	core	Kotlin source API / KLIB dump	common	function	yes	kotlinx.io	readUShortLe	final fun (kotlinx.io/Source).kotlinx.io/readUShortLe(): kotlin/UShort	0	none	none	@throws EOFException when there are not enough data to read an unsigned short value.; @throws IllegalStateException when the source is closed.; @throws IOException when some I/O error occurs.	core/common/src/Sources.kt:364	jvm-58d5be44d59f73a4	core/common/test/AbstractSourceTest.kt#suite-reference;core/common/test/CommonRealSourceTest.kt#suite-reference	Sources/CompilerCore/Stdlib/kotlinx/io/Sources.kt:150	none	unverified	KUU-1731	in-scope common/native API	KLIB declaration key: kotlinx.io/readUShortLe|readUShortLe@kotlinx.io.Source(){}; source declaration line: public fun Source.readUShortLe(): UShort = readShortLe().toUShort()
klib-fb8a8b8e838e671b	core	Kotlin source API / KLIB dump	apple-only	function	yes	kotlinx.io	asNSInputStream	final fun (kotlinx.io/Source).kotlinx.io/asNSInputStream(): platform.Foundation/NSInputStream	0	none	none	not-declared-in-source	core/apple/src/SourcesApple.kt:34;core/apple/src/SourcesApple.kt:178		core/apple/test/NSInputStreamSourceTest.kt#suite-reference;core/apple/test/SourceNSInputStreamTest.kt#suite-reference	none	none	missing	KUU-1725	in-scope Apple API	KLIB declaration key: kotlinx.io/asNSInputStream|asNSInputStream@kotlinx.io.Source(){}; source declaration line: public fun Source.asNSInputStream(): NSInputStream = SourceNSInputStream(this)
klib-fbfc8c4cffccfd8f	core	Kotlin source API / KLIB dump	common	function	yes	kotlinx.io	readFloat	final fun (kotlinx.io/Source).kotlinx.io/readFloat(): kotlin/Float	0	none	none	@throws EOFException when there are not enough data to read an unsigned int value.; @throws IllegalStateException when the source is closed.; @throws IOException when some I/O error occurs.	core/common/src/Sources.kt:406	jvm-5367f43bc784e81c	core/common/test/AbstractSourceTest.kt#readFloat;core/common/test/AbstractSourceTest.kt#readFloatLe;core/common/test/CommonRealSourceTest.kt#suite-reference	Sources/CompilerCore/Stdlib/kotlinx/io/Sources.kt:153	none	unverified	KUU-1731	in-scope common/native API	KLIB declaration key: kotlinx.io/readFloat|readFloat@kotlinx.io.Source(){}; source declaration line: public fun Source.readFloat(): Float = Float.fromBits(readInt())
klib-fc00249c9b381346	core	Kotlin source API / KLIB dump	common	function	yes	kotlinx.io	readDouble	final fun (kotlinx.io/Source).kotlinx.io/readDouble(): kotlin/Double	0	none	none	@throws EOFException when there are not enough data to read an unsigned int value.; @throws IllegalStateException when the source is closed.; @throws IOException when some I/O error occurs.	core/common/src/Sources.kt:420	jvm-cdf7ad72ff5c34ab	core/common/test/AbstractSourceTest.kt#readDouble;core/common/test/AbstractSourceTest.kt#readDoubleLe;core/common/test/CommonRealSourceTest.kt#suite-reference	Sources/CompilerCore/Stdlib/kotlinx/io/Sources.kt:154	none	unverified	KUU-1731	in-scope common/native API	KLIB declaration key: kotlinx.io/readDouble|readDouble@kotlinx.io.Source(){}; source declaration line: public fun Source.readDouble(): Double = Double.fromBits(readLong())
klib-fc162bb4315d0dce	core	Kotlin source API / KLIB dump	common	constructor	yes	kotlinx.io/EOFException	<init>	constructor <init>(kotlin/String?, kotlin/Throwable?)	0	none	none	not-declared-in-source	core/common/src/-CommonPlatform.kt:28;core/common/src/-CommonPlatform.kt:29;core/common/src/-CommonPlatform.kt:30;core/common/src/-CommonPlatform.kt:31;core/common/src/-CommonPlatform.kt:38;core/common/src/-CommonPlatform.kt:39;core/common/src/-CommonPlatform.kt:37;core/native/src/-NonJvmPlatform.kt:26;core/native/src/-NonJvmPlatform.kt:28;core/native/src/-NonJvmPlatform.kt:30;core/native/src/-NonJvmPlatform.kt:32;core/native/src/-NonJvmPlatform.kt:36;core/native/src/-NonJvmPlatform.kt:38;core/native/src/-NonJvmPlatform.kt:40;core/native/src/-NonJvmPlatform.kt:35;core/js/src/-PlatformJs.kt:9;core/js/src/-PlatformJs.kt:11;core/js/src/-PlatformJs.kt:13;core/js/src/-PlatformJs.kt:15;core/js/src/-PlatformJs.kt:19;core/js/src/-PlatformJs.kt:21;core/js/src/-PlatformJs.kt:23;core/js/src/-PlatformJs.kt:18;core/wasm/src/-PlatformWasm.kt:9;core/wasm/src/-PlatformWasm.kt:11;core/wasm/src/-PlatformWasm.kt:13;core/wasm/src/-PlatformWasm.kt:15;core/wasm/src/-PlatformWasm.kt:19;core/wasm/src/-PlatformWasm.kt:21;core/wasm/src/-PlatformWasm.kt:23;core/wasm/src/-PlatformWasm.kt:18		core/common/test/AbstractSourceTest.kt#suite-reference;core/common/test/AbstractSinkTest.kt#suite-reference	Sources/CompilerCore/Stdlib/kotlinx/io/-CommonPlatform.kt:39	none	unverified	KUU-1725	in-scope common/native API	KLIB declaration key: kotlinx.io/EOFException.<init>|<init>(kotlin.String?;kotlin.Throwable?){}; source declaration line: public constructor()
klib-fc72f439d7d51eff	core	Kotlin source API / KLIB dump	common	function	yes	kotlinx.io	writeULong	final fun (kotlinx.io/Sink).kotlinx.io/writeULong(kotlin/ULong)	0	none	none	@throws IllegalStateException when the sink is closed.; @throws IOException when some I/O error occurs.	core/common/src/Sinks.kt:224	jvm-a1e63446abcf06ff	core/common/test/AbstractSinkTest.kt#writeULong;core/common/test/AbstractSinkTest.kt#writeULongLe;core/common/test/CommonRealSinkTest.kt#suite-reference	Sources/CompilerCore/Stdlib/kotlinx/io/Sinks.kt:218	none	unverified	KUU-1731	in-scope common/native API	KLIB declaration key: kotlinx.io/writeULong|writeULong@kotlinx.io.Sink(kotlin.ULong){}; source declaration line: public fun Sink.writeULong(long: ULong) {
klib-fcb3ae8472b429f2	core	Kotlin source API / KLIB dump	common	function	yes	kotlinx.io/RawSource	readAtMostTo	abstract fun readAtMostTo(kotlinx.io/Buffer, kotlin/Long): kotlin/Long	0	none	none	@throws IllegalArgumentException when [byteCount] is negative.; @throws IllegalStateException when the source is closed.; @throws IOException when some I/O error occurs.	core/common/src/RawSource.kt:56	jvm-5243b897c6d50959	core/common/test/AbstractSourceTest.kt#readAtMostToBufferFromSourceWithFilledBuffer;core/common/test/AbstractSourceTest.kt#readAtMostToNonEmptyBufferFromSourceWithFilledBuffer;core/common/test/AbstractSourceTest.kt#readAtMostToByteArrayFromSourceWithFilledBuffer;core/common/test/AbstractSourceTest.kt#readAtMostToByteArray;core/common/test/AbstractSourceTest.kt#readAtMostToByteArrayNotEnough;core/common/test/AbstractSourceTest.kt#readAtMostToByteArrayOffsetAndCount;core/common/test/AbstractSourceTest.kt#readAtMostToByteArrayFromOffset;core/common/test/AbstractSourceTest.kt#readAtMostToByteArrayWithInvalidArguments;core/common/test/CommonRealSourceTest.kt#suite-reference	Sources/CompilerCore/Stdlib/kotlinx/io/Buffer.kt:314;Sources/CompilerCore/Stdlib/kotlinx/io/Buffer.kt:329;Sources/CompilerCore/Stdlib/kotlinx/io/JvmCore.kt:54;Sources/CompilerCore/Stdlib/kotlinx/io/Sources.kt:140;Sources/CompilerCore/Stdlib/kotlinx/io/Source.kt:63;Sources/CompilerCore/Stdlib/kotlinx/io/RawSource.kt:17;Sources/CompilerCore/Stdlib/kotlinx/io/RealSource.kt:21;Sources/CompilerCore/Stdlib/kotlinx/io/RealSource.kt:57;Sources/CompilerCore/Stdlib/kotlinx/io/PeekSource.kt:30;Sources/CompilerCore/Stdlib/kotlinx/io/files/FileSystem.kt:78	none	unverified	KUU-1729	in-scope common/native API	KLIB declaration key: kotlinx.io/RawSource.readAtMostTo|readAtMostTo(kotlinx.io.Buffer;kotlin.Long){}; source declaration line: public fun readAtMostTo(sink: Buffer, byteCount: Long): Long
klib-fcda5736a2a538fa	core	Kotlin source API / KLIB dump	common	function	yes	kotlinx.io.files/FileSystem	atomicMove	abstract fun atomicMove(kotlinx.io.files/Path, kotlinx.io.files/Path)	0	none	none	@throws kotlinx.io.files.FileNotFoundException when the [source] does not exist.; @throws kotlinx.io.IOException when the move failed.; @throws kotlin.UnsupportedOperationException when the filesystem does not support atomic move.	core/common/src/files/FileSystem.kt:95	jvm-ce451622f0ce8d20	core/common/test/files/SmokeFileTest.kt#atomicMove;core/common/test/files/SmokeFileTest.kt#atomicMoveDir	Sources/CompilerCore/Stdlib/kotlinx/io/files/FileSystem.kt:22;Sources/CompilerCore/Stdlib/kotlinx/io/files/FileSystem.kt:41	Tests/RuntimeTests/RuntimeIoFileSystemTests.swift	unverified	KUU-1725	in-scope common/native API	KLIB declaration key: kotlinx.io.files/FileSystem.atomicMove|atomicMove(kotlinx.io.files.Path;kotlinx.io.files.Path){}; source declaration line: public fun atomicMove(source: Path, destination: Path)
klib-fcdd0c8f02bff324	core	Kotlin source API / KLIB dump	common	function	yes	kotlinx.io.files/FileSystem	metadataOrNull	abstract fun metadataOrNull(kotlinx.io.files/Path): kotlinx.io.files/FileMetadata?	0	none	none	not-declared-in-source	core/common/src/files/FileSystem.kt:139	jvm-4c29c2002d81cb53	core/common/test/files/SmokeFileTest.kt#suite-reference	Sources/CompilerCore/Stdlib/kotlinx/io/files/FileSystem.kt:25;Sources/CompilerCore/Stdlib/kotlinx/io/files/FileSystem.kt:50	none	unverified	KUU-1725	in-scope common/native API	KLIB declaration key: kotlinx.io.files/FileSystem.metadataOrNull|metadataOrNull(kotlinx.io.files.Path){}; source declaration line: public fun metadataOrNull(path: Path): FileMetadata?
klib-fdb3da4587313f8c	core	Kotlin source API / KLIB dump	common	function	yes	kotlinx.io.unsafe/SegmentWriteContext	setUnchecked	abstract fun setUnchecked(kotlinx.io/Segment, kotlin/Int, kotlin/Byte, kotlin/Byte)	0	JvmSynthetic,OptIn,UnsafeIoApi	none	not-declared-in-source	core/common/src/unsafe/UnsafeBufferOperations.kt:456;core/common/src/unsafe/UnsafeBufferOperations.kt:473;core/common/src/unsafe/UnsafeBufferOperations.kt:491;core/common/src/unsafe/UnsafeBufferOperations.kt:512;core/common/src/unsafe/UnsafeBufferOperations.kt:542;core/common/src/unsafe/UnsafeBufferOperations.kt:546;core/common/src/unsafe/UnsafeBufferOperations.kt:550;core/common/src/unsafe/UnsafeBufferOperations.kt:554	jvm-184249263a53bd1c;jvm-4c7d8cabace27adf;jvm-e648005c75c9a635;jvm-fa7bf8ebed5bf8aa	core/common/test/unsafe/UnsafeBufferOperationsForEachTest.kt#suite-reference;core/common/test/unsafe/UnsafeBufferOperationsIterationTest.kt#suite-reference;core/common/test/unsafe/UnsafeBufferOperationsMoveTest.kt#suite-reference;core/common/test/unsafe/UnsafeBufferOperationsReadTest.kt#suite-reference;core/common/test/unsafe/UnsafeBufferOperationsWriteTest.kt#suite-reference	Sources/CompilerCore/Stdlib/kotlinx/io/Segment.kt:370;Sources/CompilerCore/Stdlib/kotlinx/io/Segment.kt:374;Sources/CompilerCore/Stdlib/kotlinx/io/Segment.kt:381;Sources/CompilerCore/Stdlib/kotlinx/io/Segment.kt:389;Sources/CompilerCore/Stdlib/kotlinx/io/unsafe/UnsafeBufferOperations.kt:459;Sources/CompilerCore/Stdlib/kotlinx/io/unsafe/UnsafeBufferOperations.kt:476;Sources/CompilerCore/Stdlib/kotlinx/io/unsafe/UnsafeBufferOperations.kt:494;Sources/CompilerCore/Stdlib/kotlinx/io/unsafe/UnsafeBufferOperations.kt:515;Sources/CompilerCore/Stdlib/kotlinx/io/unsafe/UnsafeBufferOperations.kt:543;Sources/CompilerCore/Stdlib/kotlinx/io/unsafe/UnsafeBufferOperations.kt:547;Sources/CompilerCore/Stdlib/kotlinx/io/unsafe/UnsafeBufferOperations.kt:551;Sources/CompilerCore/Stdlib/kotlinx/io/unsafe/UnsafeBufferOperations.kt:555	none	unverified	KUU-1729	in-scope common/native API	KLIB declaration key: kotlinx.io.unsafe/SegmentWriteContext.setUnchecked|setUnchecked(kotlinx.io.Segment;kotlin.Int;kotlin.Byte;kotlin.Byte){}; source declaration line: public fun setUnchecked(segment: Segment, offset: Int, value: Byte)
klib-ff236788f8f69617	core	Kotlin source API / KLIB dump	common	function	yes	kotlinx.io	readLine	final fun (kotlinx.io/Source).kotlinx.io/readLine(): kotlin/String?	0	OptIn	none	@throws IllegalStateException when the source is closed.; @throws IOException when some I/O error occurs.	core/common/src/Utf8.kt:297	jvm-b7f677fbdb108102	core/common/test/Utf8Test.kt#suite-reference	Sources/CompilerCore/Stdlib/kotlinx/io/Utf8.kt:104	none	unverified	KUU-1733	in-scope common/native API	KLIB declaration key: kotlinx.io/readLine|readLine@kotlinx.io.Source(){}; source declaration line: public fun Source.readLine(): String? {
klib-ff40d16555d435da	core	Kotlin source API / KLIB dump	apple-only	function	yes	kotlinx.io	asSink	final fun (platform.Foundation/NSOutputStream).kotlinx.io/asSink(): kotlinx.io/RawSink	0	none	none	not-declared-in-source	core/apple/src/AppleCore.kt:25;core/jvm/src/files/FileSystemJvm.kt:93;core/jvm/src/JvmCore.kt:36	jvm-290052e137a32b72	core/apple/test/NSInputStreamSourceTest.kt#suite-reference;core/apple/test/NSOutputStreamSinkTest.kt#suite-reference;core/common/test/files/SmokeFileTest.kt#suite-reference;core/jvm/test/JvmPlatformTest.kt#suite-reference	Sources/CompilerCore/Stdlib/kotlinx/io/JvmCore.kt:20	none	unverified	KUU-1730	in-scope Apple API	KLIB declaration key: kotlinx.io/asSink|asSink@platform.Foundation.NSOutputStream(){}; source declaration line: public fun NSOutputStream.asSink(): RawSink = OutputStreamSink(this)
