kind	fq	name	receiver	params	return	raw
interface	kotlin.Annotation	Annotation				abstract interface kotlin/Annotation
constructor	kotlin.Any.<init>	<init>				constructor <init>()
constructor	kotlin.ArithmeticException.<init>	<init>				constructor <init>()
constructor	kotlin.ArithmeticException.<init>	<init>		String		constructor <init>(kotlin/String?)
constructor	kotlin.Array.<init>	<init>		Int		constructor <init>(kotlin/Int)
constructor	kotlin.Array.<init>	<init>		Int|Function1		constructor <init>(kotlin/Int, kotlin/Function1<kotlin/Int, #A>)
class	kotlin.ArrayIndexOutOfBoundsException	ArrayIndexOutOfBoundsException				open class kotlin/ArrayIndexOutOfBoundsException : kotlin/IndexOutOfBoundsException {
constructor	kotlin.ArrayIndexOutOfBoundsException.<init>	<init>				constructor <init>()
constructor	kotlin.ArrayIndexOutOfBoundsException.<init>	<init>		String		constructor <init>(kotlin/String?)
constructor	kotlin.AssertionError.<init>	<init>				constructor <init>()
constructor	kotlin.AssertionError.<init>	<init>		Any		constructor <init>(kotlin/Any?)
constructor	kotlin.AssertionError.<init>	<init>		String|Throwable		constructor <init>(kotlin/String?, kotlin/Throwable?)
interface	kotlin.AutoCloseable	AutoCloseable				abstract interface kotlin/AutoCloseable {
function	kotlin.AutoCloseable.close	close	AutoCloseable		Unit	abstract fun close()
constructor	kotlin.BooleanArray.<init>	<init>		Int		constructor <init>(kotlin/Int)
constructor	kotlin.BooleanArray.<init>	<init>		Int|Function1		constructor <init>(kotlin/Int, kotlin/Function1<kotlin/Int, kotlin/Boolean>)
class	kotlin.BuilderInference	BuilderInference				open annotation class kotlin/BuilderInference : kotlin/Annotation {
constructor	kotlin.BuilderInference.<init>	<init>				constructor <init>()
property	kotlin.Byte.Companion.MAX_VALUE	MAX_VALUE	Companion		Byte	final const val MAX_VALUE
property	kotlin.Byte.Companion.MIN_VALUE	MIN_VALUE	Companion		Byte	final const val MIN_VALUE
property	kotlin.Byte.Companion.SIZE_BITS	SIZE_BITS	Companion		Int	final const val SIZE_BITS
property	kotlin.Byte.Companion.SIZE_BYTES	SIZE_BYTES	Companion		Int	final const val SIZE_BYTES
constructor	kotlin.ByteArray.<init>	<init>		Int		constructor <init>(kotlin/Int)
constructor	kotlin.ByteArray.<init>	<init>		Int|Function1		constructor <init>(kotlin/Int, kotlin/Function1<kotlin/Int, kotlin/Byte>)
property	kotlin.Char.Companion.MAX_CODE_POINT	MAX_CODE_POINT	Companion		Int	final const val MAX_CODE_POINT
property	kotlin.Char.Companion.MAX_HIGH_SURROGATE	MAX_HIGH_SURROGATE	Companion		Char	final const val MAX_HIGH_SURROGATE
property	kotlin.Char.Companion.MAX_LOW_SURROGATE	MAX_LOW_SURROGATE	Companion		Char	final const val MAX_LOW_SURROGATE
property	kotlin.Char.Companion.MAX_RADIX	MAX_RADIX	Companion		Int	final const val MAX_RADIX
property	kotlin.Char.Companion.MAX_SURROGATE	MAX_SURROGATE	Companion		Char	final const val MAX_SURROGATE
property	kotlin.Char.Companion.MAX_VALUE	MAX_VALUE	Companion		Char	final const val MAX_VALUE
property	kotlin.Char.Companion.MIN_CODE_POINT	MIN_CODE_POINT	Companion		Int	final const val MIN_CODE_POINT
property	kotlin.Char.Companion.MIN_HIGH_SURROGATE	MIN_HIGH_SURROGATE	Companion		Char	final const val MIN_HIGH_SURROGATE
property	kotlin.Char.Companion.MIN_LOW_SURROGATE	MIN_LOW_SURROGATE	Companion		Char	final const val MIN_LOW_SURROGATE
property	kotlin.Char.Companion.MIN_RADIX	MIN_RADIX	Companion		Int	final const val MIN_RADIX
property	kotlin.Char.Companion.MIN_SUPPLEMENTARY_CODE_POINT	MIN_SUPPLEMENTARY_CODE_POINT	Companion		Int	final const val MIN_SUPPLEMENTARY_CODE_POINT
property	kotlin.Char.Companion.MIN_SURROGATE	MIN_SURROGATE	Companion		Char	final const val MIN_SURROGATE
property	kotlin.Char.Companion.MIN_VALUE	MIN_VALUE	Companion		Char	final const val MIN_VALUE
property	kotlin.Char.Companion.SIZE_BITS	SIZE_BITS	Companion		Int	final const val SIZE_BITS
property	kotlin.Char.Companion.SIZE_BYTES	SIZE_BYTES	Companion		Int	final const val SIZE_BYTES
constructor	kotlin.CharArray.<init>	<init>		Int		constructor <init>(kotlin/Int)
constructor	kotlin.CharArray.<init>	<init>		Int|Function1		constructor <init>(kotlin/Int, kotlin/Function1<kotlin/Int, kotlin/Char>)
interface	kotlin.CharSequence	CharSequence				abstract interface kotlin/CharSequence {
property	kotlin.CharSequence.length	length	CharSequence		Int	abstract val length
function	kotlin.CharSequence.get	get	CharSequence	Int	Char	abstract fun get(kotlin/Int): kotlin/Char
constructor	kotlin.ClassCastException.<init>	<init>				constructor <init>()
constructor	kotlin.ClassCastException.<init>	<init>		String		constructor <init>(kotlin/String?)
function	kotlin.Comparable.compareTo	compareTo	Comparable		Int	abstract fun compareTo(#A): kotlin/Int
function	kotlin.Comparator	Comparator			Unit	abstract fun interface <#A: kotlin/Any?> kotlin/Comparator {
function	kotlin.Comparator.compare	compare	Comparator	|	Int	abstract fun compare(#A, #A): kotlin/Int
constructor	kotlin.ConcurrentModificationException.<init>	<init>				constructor <init>()
constructor	kotlin.ConcurrentModificationException.<init>	<init>		String		constructor <init>(kotlin/String?)
constructor	kotlin.ConcurrentModificationException.<init>	<init>		Throwable		constructor <init>(kotlin/Throwable?)
constructor	kotlin.ConcurrentModificationException.<init>	<init>		String|Throwable		constructor <init>(kotlin/String?, kotlin/Throwable?)
class	kotlin.ConsistentCopyVisibility	ConsistentCopyVisibility				open annotation class kotlin/ConsistentCopyVisibility : kotlin/Annotation {
constructor	kotlin.ConsistentCopyVisibility.<init>	<init>				constructor <init>()
class	kotlin.ContextFunctionTypeParams	ContextFunctionTypeParams				open annotation class kotlin/ContextFunctionTypeParams : kotlin/Annotation {
property	kotlin.ContextFunctionTypeParams.count	count	ContextFunctionTypeParams		Int	final val count
constructor	kotlin.ContextFunctionTypeParams.<init>	<init>		Int		constructor <init>(kotlin/Int)
constructor	kotlin.DeepRecursiveFunction.<init>	<init>		SuspendFunction2		constructor <init>(kotlin.coroutines/SuspendFunction2<kotlin/DeepRecursiveScope<#A, #B>, #A, #B>)
function	kotlin.DeepRecursiveScope.callRecursive	callRecursive	DeepRecursiveScope		#B	abstract suspend fun callRecursive(#A): #B
function	kotlin.DeepRecursiveScope.callRecursive	callRecursive	DeepRecursiveFunction		#B1	abstract suspend fun <#A1: kotlin/Any?, #B1: kotlin/Any?> (kotlin/DeepRecursiveFunction<#A1, #B1>).callRecursive(#A1): #B1
function	kotlin.DeepRecursiveScope.invoke	invoke	DeepRecursiveFunction	Any	Nothing	final fun (kotlin/DeepRecursiveFunction<*, *>).invoke(kotlin/Any?): kotlin/Nothing
class	kotlin.Deprecated	Deprecated				open annotation class kotlin/Deprecated : kotlin/Annotation {
property	kotlin.Deprecated.level	level	Deprecated		DeprecationLevel	final val level
property	kotlin.Deprecated.message	message	Deprecated		String	final val message
property	kotlin.Deprecated.replaceWith	replaceWith	Deprecated		ReplaceWith	final val replaceWith
constructor	kotlin.Deprecated.<init>	<init>		String|ReplaceWith|DeprecationLevel		constructor <init>(kotlin/String, kotlin/ReplaceWith = ..., kotlin/DeprecationLevel = ...)
class	kotlin.DeprecatedSinceKotlin	DeprecatedSinceKotlin				open annotation class kotlin/DeprecatedSinceKotlin : kotlin/Annotation {
property	kotlin.DeprecatedSinceKotlin.errorSince	errorSince	DeprecatedSinceKotlin		String	final val errorSince
property	kotlin.DeprecatedSinceKotlin.hiddenSince	hiddenSince	DeprecatedSinceKotlin		String	final val hiddenSince
property	kotlin.DeprecatedSinceKotlin.warningSince	warningSince	DeprecatedSinceKotlin		String	final val warningSince
constructor	kotlin.DeprecatedSinceKotlin.<init>	<init>		String|String|String		constructor <init>(kotlin/String = ..., kotlin/String = ..., kotlin/String = ...)
enumClass	kotlin.DeprecationLevel	DeprecationLevel				final enum class kotlin/DeprecationLevel : kotlin/Enum<kotlin/DeprecationLevel> {
property	kotlin.DeprecationLevel.entries	entries	DeprecationLevel		EnumEntries	final val entries
function	kotlin.DeprecationLevel.valueOf	valueOf	DeprecationLevel	String	DeprecationLevel	final fun valueOf(kotlin/String): kotlin/DeprecationLevel
function	kotlin.DeprecationLevel.values	values	DeprecationLevel		Array	final fun values(): kotlin/Array<kotlin/DeprecationLevel>
property	kotlin.Double.Companion.MAX_VALUE	MAX_VALUE	Companion		Double	final const val MAX_VALUE
property	kotlin.Double.Companion.MIN_VALUE	MIN_VALUE	Companion		Double	final const val MIN_VALUE
property	kotlin.Double.Companion.NEGATIVE_INFINITY	NEGATIVE_INFINITY	Companion		Double	final const val NEGATIVE_INFINITY
property	kotlin.Double.Companion.NaN	NaN	Companion		Double	final const val NaN
property	kotlin.Double.Companion.POSITIVE_INFINITY	POSITIVE_INFINITY	Companion		Double	final const val POSITIVE_INFINITY
property	kotlin.Double.Companion.SIZE_BITS	SIZE_BITS	Companion		Int	final const val SIZE_BITS
property	kotlin.Double.Companion.SIZE_BYTES	SIZE_BYTES	Companion		Int	final const val SIZE_BYTES
constructor	kotlin.DoubleArray.<init>	<init>		Int		constructor <init>(kotlin/Int)
constructor	kotlin.DoubleArray.<init>	<init>		Int|Function1		constructor <init>(kotlin/Int, kotlin/Function1<kotlin/Int, kotlin/Double>)
class	kotlin.DslMarker	DslMarker				open annotation class kotlin/DslMarker : kotlin/Annotation {
constructor	kotlin.DslMarker.<init>	<init>				constructor <init>()
class	kotlin.Enum	Enum				abstract class <#A: kotlin/Enum<#A>> kotlin/Enum : kotlin/Comparable<#A> {
property	kotlin.Enum.name	name	Enum		String	final val name
property	kotlin.Enum.ordinal	ordinal	Enum		Int	final val ordinal
constructor	kotlin.Enum.<init>	<init>		String|Int		constructor <init>(kotlin/String, kotlin/Int)
function	kotlin.Enum.compareTo	compareTo	Enum		Int	final fun compareTo(#A): kotlin/Int
function	kotlin.Enum.equals	equals	Enum	Any	Boolean	final fun equals(kotlin/Any?): kotlin/Boolean
function	kotlin.Enum.hashCode	hashCode	Enum		Int	final fun hashCode(): kotlin/Int
function	kotlin.Enum.toString	toString	Enum		String	open fun toString(): kotlin/String
object	kotlin.Enum.Companion	Companion				final object Companion
constructor	kotlin.Error.<init>	<init>				constructor <init>()
constructor	kotlin.Error.<init>	<init>		String		constructor <init>(kotlin/String?)
constructor	kotlin.Error.<init>	<init>		Throwable		constructor <init>(kotlin/Throwable?)
constructor	kotlin.Error.<init>	<init>		String|Throwable		constructor <init>(kotlin/String?, kotlin/Throwable?)
constructor	kotlin.Exception.<init>	<init>				constructor <init>()
constructor	kotlin.Exception.<init>	<init>		String		constructor <init>(kotlin/String?)
constructor	kotlin.Exception.<init>	<init>		Throwable		constructor <init>(kotlin/Throwable?)
constructor	kotlin.Exception.<init>	<init>		String|Throwable		constructor <init>(kotlin/String?, kotlin/Throwable?)
class	kotlin.ExperimentalContextParameters	ExperimentalContextParameters				open annotation class kotlin/ExperimentalContextParameters : kotlin/Annotation {
constructor	kotlin.ExperimentalContextParameters.<init>	<init>				constructor <init>()
class	kotlin.ExperimentalMultiplatform	ExperimentalMultiplatform				open annotation class kotlin/ExperimentalMultiplatform : kotlin/Annotation {
constructor	kotlin.ExperimentalMultiplatform.<init>	<init>				constructor <init>()
class	kotlin.ExperimentalStdlibApi	ExperimentalStdlibApi				open annotation class kotlin/ExperimentalStdlibApi : kotlin/Annotation {
constructor	kotlin.ExperimentalStdlibApi.<init>	<init>				constructor <init>()
class	kotlin.ExperimentalSubclassOptIn	ExperimentalSubclassOptIn				open annotation class kotlin/ExperimentalSubclassOptIn : kotlin/Annotation {
constructor	kotlin.ExperimentalSubclassOptIn.<init>	<init>				constructor <init>()
class	kotlin.ExperimentalUnsignedTypes	ExperimentalUnsignedTypes				open annotation class kotlin/ExperimentalUnsignedTypes : kotlin/Annotation {
constructor	kotlin.ExperimentalUnsignedTypes.<init>	<init>				constructor <init>()
class	kotlin.ExposedCopyVisibility	ExposedCopyVisibility				open annotation class kotlin/ExposedCopyVisibility : kotlin/Annotation {
constructor	kotlin.ExposedCopyVisibility.<init>	<init>				constructor <init>()
class	kotlin.ExtensionFunctionType	ExtensionFunctionType				open annotation class kotlin/ExtensionFunctionType : kotlin/Annotation {
constructor	kotlin.ExtensionFunctionType.<init>	<init>				constructor <init>()
property	kotlin.Float.Companion.MAX_VALUE	MAX_VALUE	Companion		Float	final const val MAX_VALUE
property	kotlin.Float.Companion.MIN_VALUE	MIN_VALUE	Companion		Float	final const val MIN_VALUE
property	kotlin.Float.Companion.NEGATIVE_INFINITY	NEGATIVE_INFINITY	Companion		Float	final const val NEGATIVE_INFINITY
property	kotlin.Float.Companion.NaN	NaN	Companion		Float	final const val NaN
property	kotlin.Float.Companion.POSITIVE_INFINITY	POSITIVE_INFINITY	Companion		Float	final const val POSITIVE_INFINITY
property	kotlin.Float.Companion.SIZE_BITS	SIZE_BITS	Companion		Int	final const val SIZE_BITS
property	kotlin.Float.Companion.SIZE_BYTES	SIZE_BYTES	Companion		Int	final const val SIZE_BYTES
constructor	kotlin.FloatArray.<init>	<init>		Int		constructor <init>(kotlin/Int)
constructor	kotlin.FloatArray.<init>	<init>		Int|Function1		constructor <init>(kotlin/Int, kotlin/Function1<kotlin/Int, kotlin/Float>)
interface	kotlin.Function	Function				abstract interface <#A: out kotlin/Any?> kotlin/Function
class	kotlin.IgnorableReturnValue	IgnorableReturnValue				open annotation class kotlin/IgnorableReturnValue : kotlin/Annotation {
constructor	kotlin.IgnorableReturnValue.<init>	<init>				constructor <init>()
constructor	kotlin.IllegalArgumentException.<init>	<init>				constructor <init>()
constructor	kotlin.IllegalArgumentException.<init>	<init>		String		constructor <init>(kotlin/String?)
constructor	kotlin.IllegalArgumentException.<init>	<init>		Throwable		constructor <init>(kotlin/Throwable?)
constructor	kotlin.IllegalArgumentException.<init>	<init>		String|Throwable		constructor <init>(kotlin/String?, kotlin/Throwable?)
constructor	kotlin.IllegalStateException.<init>	<init>				constructor <init>()
constructor	kotlin.IllegalStateException.<init>	<init>		String		constructor <init>(kotlin/String?)
constructor	kotlin.IllegalStateException.<init>	<init>		Throwable		constructor <init>(kotlin/Throwable?)
constructor	kotlin.IllegalStateException.<init>	<init>		String|Throwable		constructor <init>(kotlin/String?, kotlin/Throwable?)
constructor	kotlin.IndexOutOfBoundsException.<init>	<init>				constructor <init>()
constructor	kotlin.IndexOutOfBoundsException.<init>	<init>		String		constructor <init>(kotlin/String?)
property	kotlin.Int.Companion.MAX_VALUE	MAX_VALUE	Companion		Int	final const val MAX_VALUE
property	kotlin.Int.Companion.MIN_VALUE	MIN_VALUE	Companion		Int	final const val MIN_VALUE
property	kotlin.Int.Companion.SIZE_BITS	SIZE_BITS	Companion		Int	final const val SIZE_BITS
property	kotlin.Int.Companion.SIZE_BYTES	SIZE_BYTES	Companion		Int	final const val SIZE_BYTES
constructor	kotlin.IntArray.<init>	<init>		Int		constructor <init>(kotlin/Int)
constructor	kotlin.IntArray.<init>	<init>		Int|Function1		constructor <init>(kotlin/Int, kotlin/Function1<kotlin/Int, kotlin/Int>)
class	kotlin.KotlinNothingValueException	KotlinNothingValueException				final class kotlin/KotlinNothingValueException : kotlin/RuntimeException {
constructor	kotlin.KotlinNothingValueException.<init>	<init>				constructor <init>()
constructor	kotlin.KotlinNothingValueException.<init>	<init>		String		constructor <init>(kotlin/String?)
constructor	kotlin.KotlinNothingValueException.<init>	<init>		Throwable		constructor <init>(kotlin/Throwable?)
constructor	kotlin.KotlinNothingValueException.<init>	<init>		String|Throwable		constructor <init>(kotlin/String?, kotlin/Throwable?)
property	kotlin.KotlinVersion.major	major	KotlinVersion		Int	final val major
property	kotlin.KotlinVersion.minor	minor	KotlinVersion		Int	final val minor
property	kotlin.KotlinVersion.patch	patch	KotlinVersion		Int	final val patch
constructor	kotlin.KotlinVersion.<init>	<init>		Int|Int		constructor <init>(kotlin/Int, kotlin/Int)
constructor	kotlin.KotlinVersion.<init>	<init>		Int|Int|Int		constructor <init>(kotlin/Int, kotlin/Int, kotlin/Int)
object	kotlin.KotlinVersion.Companion	Companion				final object Companion {
property	kotlin.KotlinVersion.Companion.CURRENT	CURRENT	Companion		KotlinVersion	final val CURRENT
property	kotlin.KotlinVersion.Companion.MAX_COMPONENT_VALUE	MAX_COMPONENT_VALUE	Companion		Int	final const val MAX_COMPONENT_VALUE
interface	kotlin.Lazy	Lazy				abstract interface <#A: out kotlin/Any?> kotlin/Lazy {
property	kotlin.Lazy.value	value	Lazy		#A	abstract val value
function	kotlin.Lazy.isInitialized	isInitialized	Lazy		Boolean	abstract fun isInitialized(): kotlin/Boolean
enumClass	kotlin.LazyThreadSafetyMode	LazyThreadSafetyMode				final enum class kotlin/LazyThreadSafetyMode : kotlin/Enum<kotlin/LazyThreadSafetyMode> {
property	kotlin.LazyThreadSafetyMode.entries	entries	LazyThreadSafetyMode		EnumEntries	final val entries
function	kotlin.LazyThreadSafetyMode.valueOf	valueOf	LazyThreadSafetyMode	String	LazyThreadSafetyMode	final fun valueOf(kotlin/String): kotlin/LazyThreadSafetyMode
function	kotlin.LazyThreadSafetyMode.values	values	LazyThreadSafetyMode		Array	final fun values(): kotlin/Array<kotlin/LazyThreadSafetyMode>
property	kotlin.Long.Companion.MAX_VALUE	MAX_VALUE	Companion		Long	final const val MAX_VALUE
property	kotlin.Long.Companion.MIN_VALUE	MIN_VALUE	Companion		Long	final const val MIN_VALUE
property	kotlin.Long.Companion.SIZE_BITS	SIZE_BITS	Companion		Int	final const val SIZE_BITS
property	kotlin.Long.Companion.SIZE_BYTES	SIZE_BYTES	Companion		Int	final const val SIZE_BYTES
constructor	kotlin.LongArray.<init>	<init>		Int		constructor <init>(kotlin/Int)
constructor	kotlin.LongArray.<init>	<init>		Int|Function1		constructor <init>(kotlin/Int, kotlin/Function1<kotlin/Int, kotlin/Long>)
class	kotlin.MustUseReturnValues	MustUseReturnValues				open annotation class kotlin/MustUseReturnValues : kotlin/Annotation {
constructor	kotlin.MustUseReturnValues.<init>	<init>				constructor <init>()
constructor	kotlin.NoSuchElementException.<init>	<init>				constructor <init>()
constructor	kotlin.NoSuchElementException.<init>	<init>		String		constructor <init>(kotlin/String?)
constructor	kotlin.NotImplementedError.<init>	<init>		String		constructor <init>(kotlin/String = ...)
class	kotlin.Nothing	Nothing				final class kotlin/Nothing
constructor	kotlin.NullPointerException.<init>	<init>				constructor <init>()
constructor	kotlin.NullPointerException.<init>	<init>		String		constructor <init>(kotlin/String?)
class	kotlin.Number	Number				abstract class kotlin/Number {
constructor	kotlin.Number.<init>	<init>				constructor <init>()
function	kotlin.Number.toByte	toByte	Number		Byte	abstract fun toByte(): kotlin/Byte
function	kotlin.Number.toChar	toChar	Number		Char	open fun toChar(): kotlin/Char
function	kotlin.Number.toDouble	toDouble	Number		Double	abstract fun toDouble(): kotlin/Double
function	kotlin.Number.toFloat	toFloat	Number		Float	abstract fun toFloat(): kotlin/Float
function	kotlin.Number.toInt	toInt	Number		Int	abstract fun toInt(): kotlin/Int
function	kotlin.Number.toLong	toLong	Number		Long	abstract fun toLong(): kotlin/Long
function	kotlin.Number.toShort	toShort	Number		Short	abstract fun toShort(): kotlin/Short
constructor	kotlin.NumberFormatException.<init>	<init>				constructor <init>()
constructor	kotlin.NumberFormatException.<init>	<init>		String		constructor <init>(kotlin/String?)
class	kotlin.OptIn	OptIn				open annotation class kotlin/OptIn : kotlin/Annotation {
property	kotlin.OptIn.markerClass	markerClass	OptIn		Array	final val markerClass
constructor	kotlin.OptIn.<init>	<init>		Array		constructor <init>(kotlin/Array<out kotlin.reflect/KClass<out kotlin/Annotation>>...)
class	kotlin.OptionalExpectation	OptionalExpectation				open annotation class kotlin/OptionalExpectation : kotlin/Annotation {
constructor	kotlin.OptionalExpectation.<init>	<init>				constructor <init>()
class	kotlin.OutOfMemoryError	OutOfMemoryError				open class kotlin/OutOfMemoryError : kotlin/Error {
constructor	kotlin.OutOfMemoryError.<init>	<init>				constructor <init>()
constructor	kotlin.OutOfMemoryError.<init>	<init>		String		constructor <init>(kotlin/String?)
class	kotlin.OverloadResolutionByLambdaReturnType	OverloadResolutionByLambdaReturnType				open annotation class kotlin/OverloadResolutionByLambdaReturnType : kotlin/Annotation {
constructor	kotlin.OverloadResolutionByLambdaReturnType.<init>	<init>				constructor <init>()
property	kotlin.Pair.first	first	Pair		#A	final val first
property	kotlin.Pair.second	second	Pair		#B	final val second
constructor	kotlin.Pair.<init>	<init>		|		constructor <init>(#A, #B)
function	kotlin.Pair.component1	component1	Pair		#A	final fun component1(): #A
function	kotlin.Pair.component2	component2	Pair		#B	final fun component2(): #B
function	kotlin.Pair.copy	copy	Pair	|	Pair	final fun copy(#A = ..., #B = ...): kotlin/Pair<#A, #B>
class	kotlin.ParameterName	ParameterName				open annotation class kotlin/ParameterName : kotlin/Annotation {
property	kotlin.ParameterName.name	name	ParameterName		String	final val name
constructor	kotlin.ParameterName.<init>	<init>		String		constructor <init>(kotlin/String)
class	kotlin.PublishedApi	PublishedApi				open annotation class kotlin/PublishedApi : kotlin/Annotation {
constructor	kotlin.PublishedApi.<init>	<init>				constructor <init>()
class	kotlin.ReplaceWith	ReplaceWith				open annotation class kotlin/ReplaceWith : kotlin/Annotation {
property	kotlin.ReplaceWith.expression	expression	ReplaceWith		String	final val expression
property	kotlin.ReplaceWith.imports	imports	ReplaceWith		Array	final val imports
constructor	kotlin.ReplaceWith.<init>	<init>		String|Array		constructor <init>(kotlin/String, kotlin/Array<out kotlin/String>...)
class	kotlin.RequiresOptIn	RequiresOptIn				open annotation class kotlin/RequiresOptIn : kotlin/Annotation {
property	kotlin.RequiresOptIn.level	level	RequiresOptIn		Level	final val level
property	kotlin.RequiresOptIn.message	message	RequiresOptIn		String	final val message
constructor	kotlin.RequiresOptIn.<init>	<init>		String|Level		constructor <init>(kotlin/String = ..., kotlin/RequiresOptIn.Level = ...)
enumClass	kotlin.RequiresOptIn.Level	Level				final enum class Level : kotlin/Enum<kotlin/RequiresOptIn.Level> {
property	kotlin.RequiresOptIn.Level.entries	entries	Level		EnumEntries	final val entries
function	kotlin.RequiresOptIn.Level.valueOf	valueOf	Level	String	Level	final fun valueOf(kotlin/String): kotlin/RequiresOptIn.Level
function	kotlin.RequiresOptIn.Level.values	values	Level		Array	final fun values(): kotlin/Array<kotlin/RequiresOptIn.Level>
constructor	kotlin.Result.<init>	<init>		Any		constructor <init>(kotlin/Any?)
function	kotlin.Result.Companion.failure	failure	Companion	Throwable	Result	final inline fun <#A2: kotlin/Any?> failure(kotlin/Throwable): kotlin/Result<#A2>
function	kotlin.Result.Companion.success	success	Companion		Result	final inline fun <#A2: kotlin/Any?> success(#A2): kotlin/Result<#A2>
constructor	kotlin.RuntimeException.<init>	<init>				constructor <init>()
constructor	kotlin.RuntimeException.<init>	<init>		String		constructor <init>(kotlin/String?)
constructor	kotlin.RuntimeException.<init>	<init>		Throwable		constructor <init>(kotlin/Throwable?)
constructor	kotlin.RuntimeException.<init>	<init>		String|Throwable		constructor <init>(kotlin/String?, kotlin/Throwable?)
property	kotlin.Short.Companion.MAX_VALUE	MAX_VALUE	Companion		Short	final const val MAX_VALUE
property	kotlin.Short.Companion.MIN_VALUE	MIN_VALUE	Companion		Short	final const val MIN_VALUE
property	kotlin.Short.Companion.SIZE_BITS	SIZE_BITS	Companion		Int	final const val SIZE_BITS
property	kotlin.Short.Companion.SIZE_BYTES	SIZE_BYTES	Companion		Int	final const val SIZE_BYTES
constructor	kotlin.ShortArray.<init>	<init>		Int		constructor <init>(kotlin/Int)
constructor	kotlin.ShortArray.<init>	<init>		Int|Function1		constructor <init>(kotlin/Int, kotlin/Function1<kotlin/Int, kotlin/Short>)
class	kotlin.SinceKotlin	SinceKotlin				open annotation class kotlin/SinceKotlin : kotlin/Annotation {
property	kotlin.SinceKotlin.version	version	SinceKotlin		String	final val version
constructor	kotlin.SinceKotlin.<init>	<init>		String		constructor <init>(kotlin/String)
constructor	kotlin.String.<init>	<init>				constructor <init>()
class	kotlin.SubclassOptInRequired	SubclassOptInRequired				open annotation class kotlin/SubclassOptInRequired : kotlin/Annotation {
property	kotlin.SubclassOptInRequired.markerClass	markerClass	SubclassOptInRequired		Array	final val markerClass
constructor	kotlin.SubclassOptInRequired.<init>	<init>		Array		constructor <init>(kotlin/Array<out kotlin.reflect/KClass<out kotlin/Annotation>>...)
class	kotlin.Suppress	Suppress				open annotation class kotlin/Suppress : kotlin/Annotation {
property	kotlin.Suppress.names	names	Suppress		Array	final val names
constructor	kotlin.Suppress.<init>	<init>		Array		constructor <init>(kotlin/Array<out kotlin/String>...)
property	kotlin.Throwable.cause	cause	Throwable		Throwable	open val cause
property	kotlin.Throwable.message	message	Throwable		String	open val message
constructor	kotlin.Throwable.<init>	<init>				constructor <init>()
constructor	kotlin.Throwable.<init>	<init>		String		constructor <init>(kotlin/String?)
constructor	kotlin.Throwable.<init>	<init>		Throwable		constructor <init>(kotlin/Throwable?)
constructor	kotlin.Throwable.<init>	<init>		String|Throwable		constructor <init>(kotlin/String?, kotlin/Throwable?)
function	kotlin.Throwable.getStackTrace	getStackTrace	Throwable		Array	final fun getStackTrace(): kotlin/Array<kotlin/String>
function	kotlin.Throwable.toString	toString	Throwable		String	open fun toString(): kotlin/String
class	kotlin.Throws	Throws				open annotation class kotlin/Throws : kotlin/Annotation {
property	kotlin.Throws.exceptionClasses	exceptionClasses	Throws		Array	final val exceptionClasses
constructor	kotlin.Throws.<init>	<init>		Array		constructor <init>(kotlin/Array<out kotlin.reflect/KClass<out kotlin/Throwable>>...)
property	kotlin.Triple.first	first	Triple		#A	final val first
property	kotlin.Triple.second	second	Triple		#B	final val second
property	kotlin.Triple.third	third	Triple		#C	final val third
constructor	kotlin.Triple.<init>	<init>		||		constructor <init>(#A, #B, #C)
function	kotlin.Triple.component1	component1	Triple		#A	final fun component1(): #A
function	kotlin.Triple.component2	component2	Triple		#B	final fun component2(): #B
function	kotlin.Triple.component3	component3	Triple		#C	final fun component3(): #C
function	kotlin.Triple.copy	copy	Triple	||	Triple	final fun copy(#A = ..., #B = ..., #C = ...): kotlin/Triple<#A, #B, #C>
class	kotlin.TypeCastException	TypeCastException				open class kotlin/TypeCastException : kotlin/ClassCastException {
constructor	kotlin.TypeCastException.<init>	<init>				constructor <init>()
constructor	kotlin.TypeCastException.<init>	<init>		String		constructor <init>(kotlin/String?)
constructor	kotlin.UByte.<init>	<init>		Byte		constructor <init>(kotlin/Byte)
property	kotlin.UByte.Companion.MAX_VALUE	MAX_VALUE	Companion		UByte	final const val MAX_VALUE
property	kotlin.UByte.Companion.MIN_VALUE	MIN_VALUE	Companion		UByte	final const val MIN_VALUE
property	kotlin.UByte.Companion.SIZE_BITS	SIZE_BITS	Companion		Int	final const val SIZE_BITS
property	kotlin.UByte.Companion.SIZE_BYTES	SIZE_BYTES	Companion		Int	final const val SIZE_BYTES
constructor	kotlin.UByteArray.<init>	<init>		ByteArray		constructor <init>(kotlin/ByteArray)
constructor	kotlin.UByteArray.<init>	<init>		Int		constructor <init>(kotlin/Int)
constructor	kotlin.UInt.<init>	<init>		Int		constructor <init>(kotlin/Int)
property	kotlin.UInt.Companion.MAX_VALUE	MAX_VALUE	Companion		UInt	final const val MAX_VALUE
property	kotlin.UInt.Companion.MIN_VALUE	MIN_VALUE	Companion		UInt	final const val MIN_VALUE
property	kotlin.UInt.Companion.SIZE_BITS	SIZE_BITS	Companion		Int	final const val SIZE_BITS
property	kotlin.UInt.Companion.SIZE_BYTES	SIZE_BYTES	Companion		Int	final const val SIZE_BYTES
constructor	kotlin.UIntArray.<init>	<init>		Int		constructor <init>(kotlin/Int)
constructor	kotlin.UIntArray.<init>	<init>		IntArray		constructor <init>(kotlin/IntArray)
constructor	kotlin.ULong.<init>	<init>		Long		constructor <init>(kotlin/Long)
property	kotlin.ULong.Companion.MAX_VALUE	MAX_VALUE	Companion		ULong	final const val MAX_VALUE
property	kotlin.ULong.Companion.MIN_VALUE	MIN_VALUE	Companion		ULong	final const val MIN_VALUE
property	kotlin.ULong.Companion.SIZE_BITS	SIZE_BITS	Companion		Int	final const val SIZE_BITS
property	kotlin.ULong.Companion.SIZE_BYTES	SIZE_BYTES	Companion		Int	final const val SIZE_BYTES
constructor	kotlin.ULongArray.<init>	<init>		Int		constructor <init>(kotlin/Int)
constructor	kotlin.ULongArray.<init>	<init>		LongArray		constructor <init>(kotlin/LongArray)
constructor	kotlin.UShort.<init>	<init>		Short		constructor <init>(kotlin/Short)
property	kotlin.UShort.Companion.MAX_VALUE	MAX_VALUE	Companion		UShort	final const val MAX_VALUE
property	kotlin.UShort.Companion.MIN_VALUE	MIN_VALUE	Companion		UShort	final const val MIN_VALUE
property	kotlin.UShort.Companion.SIZE_BITS	SIZE_BITS	Companion		Int	final const val SIZE_BITS
property	kotlin.UShort.Companion.SIZE_BYTES	SIZE_BYTES	Companion		Int	final const val SIZE_BYTES
constructor	kotlin.UShortArray.<init>	<init>		Int		constructor <init>(kotlin/Int)
constructor	kotlin.UShortArray.<init>	<init>		ShortArray		constructor <init>(kotlin/ShortArray)
object	kotlin.Unit	Unit				final object kotlin/Unit {
function	kotlin.Unit.toString	toString	Unit		String	final fun toString(): kotlin/String
class	kotlin.UnsafeVariance	UnsafeVariance				open annotation class kotlin/UnsafeVariance : kotlin/Annotation {
constructor	kotlin.UnsafeVariance.<init>	<init>				constructor <init>()
constructor	kotlin.UnsupportedOperationException.<init>	<init>				constructor <init>()
constructor	kotlin.UnsupportedOperationException.<init>	<init>		String		constructor <init>(kotlin/String?)
constructor	kotlin.UnsupportedOperationException.<init>	<init>		Throwable		constructor <init>(kotlin/Throwable?)
constructor	kotlin.UnsupportedOperationException.<init>	<init>		String|Throwable		constructor <init>(kotlin/String?, kotlin/Throwable?)
enumClass	kotlin.annotation.AnnotationRetention	AnnotationRetention				final enum class kotlin.annotation/AnnotationRetention : kotlin/Enum<kotlin.annotation/AnnotationRetention> {
property	kotlin.annotation.AnnotationRetention.entries	entries	AnnotationRetention		EnumEntries	final val entries
function	kotlin.annotation.AnnotationRetention.valueOf	valueOf	AnnotationRetention	String	AnnotationRetention	final fun valueOf(kotlin/String): kotlin.annotation/AnnotationRetention
function	kotlin.annotation.AnnotationRetention.values	values	AnnotationRetention		Array	final fun values(): kotlin/Array<kotlin.annotation/AnnotationRetention>
enumClass	kotlin.annotation.AnnotationTarget	AnnotationTarget				final enum class kotlin.annotation/AnnotationTarget : kotlin/Enum<kotlin.annotation/AnnotationTarget> {
property	kotlin.annotation.AnnotationTarget.entries	entries	AnnotationTarget		EnumEntries	final val entries
function	kotlin.annotation.AnnotationTarget.valueOf	valueOf	AnnotationTarget	String	AnnotationTarget	final fun valueOf(kotlin/String): kotlin.annotation/AnnotationTarget
function	kotlin.annotation.AnnotationTarget.values	values	AnnotationTarget		Array	final fun values(): kotlin/Array<kotlin.annotation/AnnotationTarget>
class	kotlin.annotation.MustBeDocumented	MustBeDocumented				open annotation class kotlin.annotation/MustBeDocumented : kotlin/Annotation {
constructor	kotlin.annotation.MustBeDocumented.<init>	<init>				constructor <init>()
class	kotlin.annotation.Repeatable	Repeatable				open annotation class kotlin.annotation/Repeatable : kotlin/Annotation {
constructor	kotlin.annotation.Repeatable.<init>	<init>				constructor <init>()
class	kotlin.annotation.Retention	Retention				open annotation class kotlin.annotation/Retention : kotlin/Annotation {
property	kotlin.annotation.Retention.value	value	Retention		AnnotationRetention	final val value
constructor	kotlin.annotation.Retention.<init>	<init>		AnnotationRetention		constructor <init>(kotlin.annotation/AnnotationRetention = ...)
class	kotlin.annotation.Target	Target				open annotation class kotlin.annotation/Target : kotlin/Annotation {
property	kotlin.annotation.Target.allowedTargets	allowedTargets	Target		Array	final val allowedTargets
constructor	kotlin.annotation.Target.<init>	<init>		Array		constructor <init>(kotlin/Array<out kotlin.annotation/AnnotationTarget>...)
property	kotlin.collections.AbstractCollection.size	size	AbstractCollection		Int	abstract val size
constructor	kotlin.collections.AbstractCollection.<init>	<init>				constructor <init>()
function	kotlin.collections.AbstractCollection.contains	contains	AbstractCollection		Boolean	open fun contains(#A): kotlin/Boolean
function	kotlin.collections.AbstractCollection.containsAll	containsAll	AbstractCollection	Collection	Boolean	open fun containsAll(kotlin.collections/Collection<#A>): kotlin/Boolean
function	kotlin.collections.AbstractCollection.isEmpty	isEmpty	AbstractCollection		Boolean	open fun isEmpty(): kotlin/Boolean
function	kotlin.collections.AbstractCollection.toArray	toArray	AbstractCollection		Array	open fun toArray(): kotlin/Array<kotlin/Any?>
function	kotlin.collections.AbstractCollection.toArray	toArray	AbstractCollection	Array	Array	open fun <#A1: kotlin/Any?> toArray(kotlin/Array<#A1>): kotlin/Array<#A1>
function	kotlin.collections.AbstractCollection.toString	toString	AbstractCollection		String	open fun toString(): kotlin/String
constructor	kotlin.collections.AbstractIterator.<init>	<init>				constructor <init>()
function	kotlin.collections.AbstractIterator.computeNext	computeNext	AbstractIterator		Unit	abstract fun computeNext()
function	kotlin.collections.AbstractIterator.done	done	AbstractIterator		Unit	final fun done()
function	kotlin.collections.AbstractIterator.next	next	AbstractIterator		#A	open fun next(): #A
function	kotlin.collections.AbstractIterator.setNext	setNext	AbstractIterator		Unit	final fun setNext(#A)
class	kotlin.collections.AbstractList	AbstractList				abstract class <#A: out kotlin/Any?> kotlin.collections/AbstractList : kotlin.collections/AbstractCollection<#A>, kotlin.collections/List<#A> {
property	kotlin.collections.AbstractList.size	size	AbstractList		Int	abstract val size
constructor	kotlin.collections.AbstractList.<init>	<init>				constructor <init>()
function	kotlin.collections.AbstractList.equals	equals	AbstractList	Any	Boolean	open fun equals(kotlin/Any?): kotlin/Boolean
function	kotlin.collections.AbstractList.get	get	AbstractList	Int	#A	abstract fun get(kotlin/Int): #A
function	kotlin.collections.AbstractList.hashCode	hashCode	AbstractList		Int	open fun hashCode(): kotlin/Int
function	kotlin.collections.AbstractList.indexOf	indexOf	AbstractList		Int	open fun indexOf(#A): kotlin/Int
function	kotlin.collections.AbstractList.iterator	iterator	AbstractList		Iterator	open fun iterator(): kotlin.collections/Iterator<#A>
function	kotlin.collections.AbstractList.lastIndexOf	lastIndexOf	AbstractList		Int	open fun lastIndexOf(#A): kotlin/Int
function	kotlin.collections.AbstractList.listIterator	listIterator	AbstractList		ListIterator	open fun listIterator(): kotlin.collections/ListIterator<#A>
function	kotlin.collections.AbstractList.listIterator	listIterator	AbstractList	Int	ListIterator	open fun listIterator(kotlin/Int): kotlin.collections/ListIterator<#A>
function	kotlin.collections.AbstractList.subList	subList	AbstractList	Int|Int	List	open fun subList(kotlin/Int, kotlin/Int): kotlin.collections/List<#A>
class	kotlin.collections.AbstractMap	AbstractMap				abstract class <#A: kotlin/Any?, #B: out kotlin/Any?> kotlin.collections/AbstractMap : kotlin.collections/Map<#A, #B> {
property	kotlin.collections.AbstractMap.keys	keys	AbstractMap		Set	open val keys
property	kotlin.collections.AbstractMap.size	size	AbstractMap		Int	open val size
property	kotlin.collections.AbstractMap.values	values	AbstractMap		Collection	open val values
constructor	kotlin.collections.AbstractMap.<init>	<init>				constructor <init>()
function	kotlin.collections.AbstractMap.containsKey	containsKey	AbstractMap		Boolean	open fun containsKey(#A): kotlin/Boolean
function	kotlin.collections.AbstractMap.containsValue	containsValue	AbstractMap		Boolean	open fun containsValue(#B): kotlin/Boolean
function	kotlin.collections.AbstractMap.equals	equals	AbstractMap	Any	Boolean	open fun equals(kotlin/Any?): kotlin/Boolean
function	kotlin.collections.AbstractMap.get	get	AbstractMap		#B	open fun get(#A): #B?
function	kotlin.collections.AbstractMap.hashCode	hashCode	AbstractMap		Int	open fun hashCode(): kotlin/Int
function	kotlin.collections.AbstractMap.isEmpty	isEmpty	AbstractMap		Boolean	open fun isEmpty(): kotlin/Boolean
function	kotlin.collections.AbstractMap.toString	toString	AbstractMap		String	open fun toString(): kotlin/String
constructor	kotlin.collections.AbstractMutableCollection.<init>	<init>				constructor <init>()
function	kotlin.collections.AbstractMutableCollection.addAll	addAll	AbstractMutableCollection	Collection	Boolean	open fun addAll(kotlin.collections/Collection<#A>): kotlin/Boolean
function	kotlin.collections.AbstractMutableCollection.clear	clear	AbstractMutableCollection		Unit	open fun clear()
function	kotlin.collections.AbstractMutableCollection.remove	remove	AbstractMutableCollection		Boolean	open fun remove(#A): kotlin/Boolean
function	kotlin.collections.AbstractMutableCollection.removeAll	removeAll	AbstractMutableCollection	Collection	Boolean	open fun removeAll(kotlin.collections/Collection<#A>): kotlin/Boolean
function	kotlin.collections.AbstractMutableCollection.retainAll	retainAll	AbstractMutableCollection	Collection	Boolean	open fun retainAll(kotlin.collections/Collection<#A>): kotlin/Boolean
class	kotlin.collections.AbstractMutableList	AbstractMutableList				abstract class <#A: kotlin/Any?> kotlin.collections/AbstractMutableList : kotlin.collections/AbstractMutableCollection<#A>, kotlin.collections/MutableList<#A> {
property	kotlin.collections.AbstractMutableList.modCount	modCount	AbstractMutableList		Int	final var modCount
constructor	kotlin.collections.AbstractMutableList.<init>	<init>				constructor <init>()
function	kotlin.collections.AbstractMutableList.add	add	AbstractMutableList		Boolean	open fun add(#A): kotlin/Boolean
function	kotlin.collections.AbstractMutableList.add	add	AbstractMutableList	Int|	Unit	abstract fun add(kotlin/Int, #A)
function	kotlin.collections.AbstractMutableList.addAll	addAll	AbstractMutableList	Int|Collection	Boolean	open fun addAll(kotlin/Int, kotlin.collections/Collection<#A>): kotlin/Boolean
function	kotlin.collections.AbstractMutableList.clear	clear	AbstractMutableList		Unit	open fun clear()
function	kotlin.collections.AbstractMutableList.contains	contains	AbstractMutableList		Boolean	open fun contains(#A): kotlin/Boolean
function	kotlin.collections.AbstractMutableList.equals	equals	AbstractMutableList	Any	Boolean	open fun equals(kotlin/Any?): kotlin/Boolean
function	kotlin.collections.AbstractMutableList.hashCode	hashCode	AbstractMutableList		Int	open fun hashCode(): kotlin/Int
function	kotlin.collections.AbstractMutableList.indexOf	indexOf	AbstractMutableList		Int	open fun indexOf(#A): kotlin/Int
function	kotlin.collections.AbstractMutableList.iterator	iterator	AbstractMutableList		MutableIterator	open fun iterator(): kotlin.collections/MutableIterator<#A>
function	kotlin.collections.AbstractMutableList.lastIndexOf	lastIndexOf	AbstractMutableList		Int	open fun lastIndexOf(#A): kotlin/Int
function	kotlin.collections.AbstractMutableList.listIterator	listIterator	AbstractMutableList		MutableListIterator	open fun listIterator(): kotlin.collections/MutableListIterator<#A>
function	kotlin.collections.AbstractMutableList.listIterator	listIterator	AbstractMutableList	Int	MutableListIterator	open fun listIterator(kotlin/Int): kotlin.collections/MutableListIterator<#A>
function	kotlin.collections.AbstractMutableList.removeAll	removeAll	AbstractMutableList	Collection	Boolean	open fun removeAll(kotlin.collections/Collection<#A>): kotlin/Boolean
function	kotlin.collections.AbstractMutableList.removeAt	removeAt	AbstractMutableList	Int	#A	abstract fun removeAt(kotlin/Int): #A
function	kotlin.collections.AbstractMutableList.removeRange	removeRange	AbstractMutableList	Int|Int	Unit	open fun removeRange(kotlin/Int, kotlin/Int)
function	kotlin.collections.AbstractMutableList.retainAll	retainAll	AbstractMutableList	Collection	Boolean	open fun retainAll(kotlin.collections/Collection<#A>): kotlin/Boolean
function	kotlin.collections.AbstractMutableList.set	set	AbstractMutableList	Int|	#A	abstract fun set(kotlin/Int, #A): #A
function	kotlin.collections.AbstractMutableList.subList	subList	AbstractMutableList	Int|Int	MutableList	open fun subList(kotlin/Int, kotlin/Int): kotlin.collections/MutableList<#A>
class	kotlin.collections.AbstractMutableMap	AbstractMutableMap				abstract class <#A: kotlin/Any?, #B: kotlin/Any?> kotlin.collections/AbstractMutableMap : kotlin.collections/AbstractMap<#A, #B>, kotlin.collections/MutableMap<#A, #B> {
property	kotlin.collections.AbstractMutableMap.keys	keys	AbstractMutableMap		MutableSet	open val keys
property	kotlin.collections.AbstractMutableMap.values	values	AbstractMutableMap		MutableCollection	open val values
constructor	kotlin.collections.AbstractMutableMap.<init>	<init>				constructor <init>()
function	kotlin.collections.AbstractMutableMap.clear	clear	AbstractMutableMap		Unit	open fun clear()
function	kotlin.collections.AbstractMutableMap.put	put	AbstractMutableMap	|	#B	abstract fun put(#A, #B): #B?
function	kotlin.collections.AbstractMutableMap.putAll	putAll	AbstractMutableMap	Map	Unit	open fun putAll(kotlin.collections/Map<out #A, #B>)
function	kotlin.collections.AbstractMutableMap.remove	remove	AbstractMutableMap		#B	open fun remove(#A): #B?
class	kotlin.collections.AbstractMutableSet	AbstractMutableSet				abstract class <#A: kotlin/Any?> kotlin.collections/AbstractMutableSet : kotlin.collections/AbstractMutableCollection<#A>, kotlin.collections/MutableSet<#A> {
constructor	kotlin.collections.AbstractMutableSet.<init>	<init>				constructor <init>()
function	kotlin.collections.AbstractMutableSet.add	add	AbstractMutableSet		Boolean	abstract fun add(#A): kotlin/Boolean
function	kotlin.collections.AbstractMutableSet.equals	equals	AbstractMutableSet	Any	Boolean	open fun equals(kotlin/Any?): kotlin/Boolean
function	kotlin.collections.AbstractMutableSet.hashCode	hashCode	AbstractMutableSet		Int	open fun hashCode(): kotlin/Int
class	kotlin.collections.AbstractSet	AbstractSet				abstract class <#A: out kotlin/Any?> kotlin.collections/AbstractSet : kotlin.collections/AbstractCollection<#A>, kotlin.collections/Set<#A> {
constructor	kotlin.collections.AbstractSet.<init>	<init>				constructor <init>()
function	kotlin.collections.AbstractSet.equals	equals	AbstractSet	Any	Boolean	open fun equals(kotlin/Any?): kotlin/Boolean
function	kotlin.collections.AbstractSet.hashCode	hashCode	AbstractSet		Int	open fun hashCode(): kotlin/Int
property	kotlin.collections.ArrayDeque.size	size	ArrayDeque		Int	final var size
constructor	kotlin.collections.ArrayDeque.<init>	<init>				constructor <init>()
constructor	kotlin.collections.ArrayDeque.<init>	<init>		Collection		constructor <init>(kotlin.collections/Collection<#A>)
constructor	kotlin.collections.ArrayDeque.<init>	<init>		Int		constructor <init>(kotlin/Int)
function	kotlin.collections.ArrayDeque.add	add	ArrayDeque		Boolean	final fun add(#A): kotlin/Boolean
function	kotlin.collections.ArrayDeque.add	add	ArrayDeque	Int|	Unit	final fun add(kotlin/Int, #A)
function	kotlin.collections.ArrayDeque.addAll	addAll	ArrayDeque	Collection	Boolean	final fun addAll(kotlin.collections/Collection<#A>): kotlin/Boolean
function	kotlin.collections.ArrayDeque.addAll	addAll	ArrayDeque	Int|Collection	Boolean	final fun addAll(kotlin/Int, kotlin.collections/Collection<#A>): kotlin/Boolean
function	kotlin.collections.ArrayDeque.clear	clear	ArrayDeque		Unit	final fun clear()
function	kotlin.collections.ArrayDeque.contains	contains	ArrayDeque		Boolean	final fun contains(#A): kotlin/Boolean
function	kotlin.collections.ArrayDeque.first	first	ArrayDeque		#A	final fun first(): #A
function	kotlin.collections.ArrayDeque.firstOrNull	firstOrNull	ArrayDeque		#A	final fun firstOrNull(): #A?
function	kotlin.collections.ArrayDeque.get	get	ArrayDeque	Int	#A	final fun get(kotlin/Int): #A
function	kotlin.collections.ArrayDeque.indexOf	indexOf	ArrayDeque		Int	final fun indexOf(#A): kotlin/Int
function	kotlin.collections.ArrayDeque.last	last	ArrayDeque		#A	final fun last(): #A
function	kotlin.collections.ArrayDeque.lastIndexOf	lastIndexOf	ArrayDeque		Int	final fun lastIndexOf(#A): kotlin/Int
function	kotlin.collections.ArrayDeque.lastOrNull	lastOrNull	ArrayDeque		#A	final fun lastOrNull(): #A?
function	kotlin.collections.ArrayDeque.remove	remove	ArrayDeque		Boolean	final fun remove(#A): kotlin/Boolean
function	kotlin.collections.ArrayDeque.removeAll	removeAll	ArrayDeque	Collection	Boolean	final fun removeAll(kotlin.collections/Collection<#A>): kotlin/Boolean
function	kotlin.collections.ArrayDeque.removeAt	removeAt	ArrayDeque	Int	#A	final fun removeAt(kotlin/Int): #A
function	kotlin.collections.ArrayDeque.removeFirst	removeFirst	ArrayDeque		#A	final fun removeFirst(): #A
function	kotlin.collections.ArrayDeque.removeFirstOrNull	removeFirstOrNull	ArrayDeque		#A	final fun removeFirstOrNull(): #A?
function	kotlin.collections.ArrayDeque.removeLast	removeLast	ArrayDeque		#A	final fun removeLast(): #A
function	kotlin.collections.ArrayDeque.removeLastOrNull	removeLastOrNull	ArrayDeque		#A	final fun removeLastOrNull(): #A?
function	kotlin.collections.ArrayDeque.retainAll	retainAll	ArrayDeque	Collection	Boolean	final fun retainAll(kotlin.collections/Collection<#A>): kotlin/Boolean
function	kotlin.collections.ArrayDeque.set	set	ArrayDeque	Int|	#A	final fun set(kotlin/Int, #A): #A
function	kotlin.collections.ArrayDeque.toArray	toArray	ArrayDeque		Array	final fun toArray(): kotlin/Array<kotlin/Any?>
function	kotlin.collections.ArrayDeque.toArray	toArray	ArrayDeque	Array	Array	final fun <#A1: kotlin/Any?> toArray(kotlin/Array<#A1>): kotlin/Array<#A1>
class	kotlin.collections.ArrayList	ArrayList				final class <#A: kotlin/Any?> kotlin.collections/ArrayList : kotlin.collections/AbstractMutableList<#A>, kotlin.collections/MutableList<#A>, kotlin.collections/RandomAccess {
property	kotlin.collections.ArrayList.size	size	ArrayList		Int	final val size
constructor	kotlin.collections.ArrayList.<init>	<init>				constructor <init>()
constructor	kotlin.collections.ArrayList.<init>	<init>		Collection		constructor <init>(kotlin.collections/Collection<#A>)
constructor	kotlin.collections.ArrayList.<init>	<init>		Int		constructor <init>(kotlin/Int)
function	kotlin.collections.ArrayList.add	add	ArrayList		Boolean	final fun add(#A): kotlin/Boolean
function	kotlin.collections.ArrayList.add	add	ArrayList	Int|	Unit	final fun add(kotlin/Int, #A)
function	kotlin.collections.ArrayList.addAll	addAll	ArrayList	Collection	Boolean	final fun addAll(kotlin.collections/Collection<#A>): kotlin/Boolean
function	kotlin.collections.ArrayList.addAll	addAll	ArrayList	Int|Collection	Boolean	final fun addAll(kotlin/Int, kotlin.collections/Collection<#A>): kotlin/Boolean
function	kotlin.collections.ArrayList.build	build	ArrayList		List	final fun build(): kotlin.collections/List<#A>
function	kotlin.collections.ArrayList.clear	clear	ArrayList		Unit	final fun clear()
function	kotlin.collections.ArrayList.ensureCapacity	ensureCapacity	ArrayList	Int	Unit	final fun ensureCapacity(kotlin/Int)
function	kotlin.collections.ArrayList.equals	equals	ArrayList	Any	Boolean	final fun equals(kotlin/Any?): kotlin/Boolean
function	kotlin.collections.ArrayList.get	get	ArrayList	Int	#A	final fun get(kotlin/Int): #A
function	kotlin.collections.ArrayList.hashCode	hashCode	ArrayList		Int	final fun hashCode(): kotlin/Int
function	kotlin.collections.ArrayList.indexOf	indexOf	ArrayList		Int	final fun indexOf(#A): kotlin/Int
function	kotlin.collections.ArrayList.isEmpty	isEmpty	ArrayList		Boolean	final fun isEmpty(): kotlin/Boolean
function	kotlin.collections.ArrayList.iterator	iterator	ArrayList		MutableIterator	final fun iterator(): kotlin.collections/MutableIterator<#A>
function	kotlin.collections.ArrayList.lastIndexOf	lastIndexOf	ArrayList		Int	final fun lastIndexOf(#A): kotlin/Int
function	kotlin.collections.ArrayList.listIterator	listIterator	ArrayList		MutableListIterator	final fun listIterator(): kotlin.collections/MutableListIterator<#A>
function	kotlin.collections.ArrayList.listIterator	listIterator	ArrayList	Int	MutableListIterator	final fun listIterator(kotlin/Int): kotlin.collections/MutableListIterator<#A>
function	kotlin.collections.ArrayList.remove	remove	ArrayList		Boolean	final fun remove(#A): kotlin/Boolean
function	kotlin.collections.ArrayList.removeAll	removeAll	ArrayList	Collection	Boolean	final fun removeAll(kotlin.collections/Collection<#A>): kotlin/Boolean
function	kotlin.collections.ArrayList.removeAt	removeAt	ArrayList	Int	#A	final fun removeAt(kotlin/Int): #A
function	kotlin.collections.ArrayList.retainAll	retainAll	ArrayList	Collection	Boolean	final fun retainAll(kotlin.collections/Collection<#A>): kotlin/Boolean
function	kotlin.collections.ArrayList.set	set	ArrayList	Int|	#A	final fun set(kotlin/Int, #A): #A
function	kotlin.collections.ArrayList.subList	subList	ArrayList	Int|Int	MutableList	final fun subList(kotlin/Int, kotlin/Int): kotlin.collections/MutableList<#A>
function	kotlin.collections.ArrayList.toString	toString	ArrayList		String	final fun toString(): kotlin/String
function	kotlin.collections.ArrayList.trimToSize	trimToSize	ArrayList		Unit	final fun trimToSize()
constructor	kotlin.collections.BooleanIterator.<init>	<init>				constructor <init>()
constructor	kotlin.collections.ByteIterator.<init>	<init>				constructor <init>()
constructor	kotlin.collections.CharIterator.<init>	<init>				constructor <init>()
interface	kotlin.collections.Collection	Collection				abstract interface <#A: out kotlin/Any?> kotlin.collections/Collection : kotlin.collections/Iterable<#A> {
property	kotlin.collections.Collection.size	size	Collection		Int	abstract val size
function	kotlin.collections.Collection.contains	contains	Collection		Boolean	abstract fun contains(#A): kotlin/Boolean
function	kotlin.collections.Collection.containsAll	containsAll	Collection	Collection	Boolean	abstract fun containsAll(kotlin.collections/Collection<#A>): kotlin/Boolean
function	kotlin.collections.Collection.isEmpty	isEmpty	Collection		Boolean	abstract fun isEmpty(): kotlin/Boolean
function	kotlin.collections.Collection.iterator	iterator	Collection		Iterator	abstract fun iterator(): kotlin.collections/Iterator<#A>
constructor	kotlin.collections.DoubleIterator.<init>	<init>				constructor <init>()
constructor	kotlin.collections.FloatIterator.<init>	<init>				constructor <init>()
function	kotlin.collections.Grouping.keyOf	keyOf	Grouping		#B	abstract fun keyOf(#A): #B
class	kotlin.collections.HashMap	HashMap				final class <#A: kotlin/Any?, #B: kotlin/Any?> kotlin.collections/HashMap : kotlin.collections/MutableMap<#A, #B> {
property	kotlin.collections.HashMap.entries	entries	HashMap		MutableSet	final val entries
property	kotlin.collections.HashMap.keys	keys	HashMap		MutableSet	final val keys
property	kotlin.collections.HashMap.size	size	HashMap		Int	final val size
property	kotlin.collections.HashMap.values	values	HashMap		MutableCollection	final val values
constructor	kotlin.collections.HashMap.<init>	<init>				constructor <init>()
constructor	kotlin.collections.HashMap.<init>	<init>		Map		constructor <init>(kotlin.collections/Map<out #A, #B>)
constructor	kotlin.collections.HashMap.<init>	<init>		Int		constructor <init>(kotlin/Int)
constructor	kotlin.collections.HashMap.<init>	<init>		Int|Float		constructor <init>(kotlin/Int, kotlin/Float)
function	kotlin.collections.HashMap.build	build	HashMap		Map	final fun build(): kotlin.collections/Map<#A, #B>
function	kotlin.collections.HashMap.clear	clear	HashMap		Unit	final fun clear()
function	kotlin.collections.HashMap.containsKey	containsKey	HashMap		Boolean	final fun containsKey(#A): kotlin/Boolean
function	kotlin.collections.HashMap.containsValue	containsValue	HashMap		Boolean	final fun containsValue(#B): kotlin/Boolean
function	kotlin.collections.HashMap.equals	equals	HashMap	Any	Boolean	final fun equals(kotlin/Any?): kotlin/Boolean
function	kotlin.collections.HashMap.get	get	HashMap		#B	final fun get(#A): #B?
function	kotlin.collections.HashMap.hashCode	hashCode	HashMap		Int	final fun hashCode(): kotlin/Int
function	kotlin.collections.HashMap.isEmpty	isEmpty	HashMap		Boolean	final fun isEmpty(): kotlin/Boolean
function	kotlin.collections.HashMap.put	put	HashMap	|	#B	final fun put(#A, #B): #B?
function	kotlin.collections.HashMap.putAll	putAll	HashMap	Map	Unit	final fun putAll(kotlin.collections/Map<out #A, #B>)
function	kotlin.collections.HashMap.remove	remove	HashMap		#B	final fun remove(#A): #B?
function	kotlin.collections.HashMap.toString	toString	HashMap		String	final fun toString(): kotlin/String
class	kotlin.collections.HashSet	HashSet				final class <#A: kotlin/Any?> kotlin.collections/HashSet : kotlin.collections/AbstractMutableSet<#A>, kotlin.collections/MutableSet<#A>, kotlin.native.internal/KonanSet<#A> {
property	kotlin.collections.HashSet.size	size	HashSet		Int	final val size
constructor	kotlin.collections.HashSet.<init>	<init>				constructor <init>()
constructor	kotlin.collections.HashSet.<init>	<init>		Collection		constructor <init>(kotlin.collections/Collection<#A>)
constructor	kotlin.collections.HashSet.<init>	<init>		Int		constructor <init>(kotlin/Int)
constructor	kotlin.collections.HashSet.<init>	<init>		Int|Float		constructor <init>(kotlin/Int, kotlin/Float)
function	kotlin.collections.HashSet.add	add	HashSet		Boolean	final fun add(#A): kotlin/Boolean
function	kotlin.collections.HashSet.addAll	addAll	HashSet	Collection	Boolean	final fun addAll(kotlin.collections/Collection<#A>): kotlin/Boolean
function	kotlin.collections.HashSet.build	build	HashSet		Set	final fun build(): kotlin.collections/Set<#A>
function	kotlin.collections.HashSet.clear	clear	HashSet		Unit	final fun clear()
function	kotlin.collections.HashSet.contains	contains	HashSet		Boolean	final fun contains(#A): kotlin/Boolean
function	kotlin.collections.HashSet.getElement	getElement	HashSet		#A	final fun getElement(#A): #A?
function	kotlin.collections.HashSet.isEmpty	isEmpty	HashSet		Boolean	final fun isEmpty(): kotlin/Boolean
function	kotlin.collections.HashSet.iterator	iterator	HashSet		MutableIterator	final fun iterator(): kotlin.collections/MutableIterator<#A>
function	kotlin.collections.HashSet.remove	remove	HashSet		Boolean	final fun remove(#A): kotlin/Boolean
function	kotlin.collections.HashSet.removeAll	removeAll	HashSet	Collection	Boolean	final fun removeAll(kotlin.collections/Collection<#A>): kotlin/Boolean
function	kotlin.collections.HashSet.retainAll	retainAll	HashSet	Collection	Boolean	final fun retainAll(kotlin.collections/Collection<#A>): kotlin/Boolean
property	kotlin.collections.IndexedValue.index	index	IndexedValue		Int	final val index
property	kotlin.collections.IndexedValue.value	value	IndexedValue		#A	final val value
constructor	kotlin.collections.IndexedValue.<init>	<init>		Int|		constructor <init>(kotlin/Int, #A)
function	kotlin.collections.IndexedValue.component1	component1	IndexedValue		Int	final fun component1(): kotlin/Int
function	kotlin.collections.IndexedValue.component2	component2	IndexedValue		#A	final fun component2(): #A
function	kotlin.collections.IndexedValue.copy	copy	IndexedValue	Int|	IndexedValue	final fun copy(kotlin/Int = ..., #A = ...): kotlin.collections/IndexedValue<#A>
function	kotlin.collections.IndexedValue.equals	equals	IndexedValue	Any	Boolean	final fun equals(kotlin/Any?): kotlin/Boolean
function	kotlin.collections.IndexedValue.hashCode	hashCode	IndexedValue		Int	final fun hashCode(): kotlin/Int
function	kotlin.collections.IndexedValue.toString	toString	IndexedValue		String	final fun toString(): kotlin/String
constructor	kotlin.collections.IntIterator.<init>	<init>				constructor <init>()
interface	kotlin.collections.Iterable	Iterable				abstract interface <#A: out kotlin/Any?> kotlin.collections/Iterable {
function	kotlin.collections.Iterable.iterator	iterator	Iterable		Iterator	abstract fun iterator(): kotlin.collections/Iterator<#A>
interface	kotlin.collections.Iterator	Iterator				abstract interface <#A: out kotlin/Any?> kotlin.collections/Iterator {
function	kotlin.collections.Iterator.hasNext	hasNext	Iterator		Boolean	abstract fun hasNext(): kotlin/Boolean
function	kotlin.collections.Iterator.next	next	Iterator		#A	abstract fun next(): #A
interface	kotlin.collections.List	List				abstract interface <#A: out kotlin/Any?> kotlin.collections/List : kotlin.collections/Collection<#A> {
property	kotlin.collections.List.size	size	List		Int	abstract val size
function	kotlin.collections.List.get	get	List	Int	#A	abstract fun get(kotlin/Int): #A
function	kotlin.collections.List.isEmpty	isEmpty	List		Boolean	abstract fun isEmpty(): kotlin/Boolean
function	kotlin.collections.List.iterator	iterator	List		Iterator	abstract fun iterator(): kotlin.collections/Iterator<#A>
function	kotlin.collections.List.listIterator	listIterator	List		ListIterator	abstract fun listIterator(): kotlin.collections/ListIterator<#A>
function	kotlin.collections.List.listIterator	listIterator	List	Int	ListIterator	abstract fun listIterator(kotlin/Int): kotlin.collections/ListIterator<#A>
interface	kotlin.collections.ListIterator	ListIterator				abstract interface <#A: out kotlin/Any?> kotlin.collections/ListIterator : kotlin.collections/Iterator<#A> {
function	kotlin.collections.ListIterator.hasNext	hasNext	ListIterator		Boolean	abstract fun hasNext(): kotlin/Boolean
function	kotlin.collections.ListIterator.hasPrevious	hasPrevious	ListIterator		Boolean	abstract fun hasPrevious(): kotlin/Boolean
function	kotlin.collections.ListIterator.next	next	ListIterator		#A	abstract fun next(): #A
function	kotlin.collections.ListIterator.nextIndex	nextIndex	ListIterator		Int	abstract fun nextIndex(): kotlin/Int
function	kotlin.collections.ListIterator.previous	previous	ListIterator		#A	abstract fun previous(): #A
function	kotlin.collections.ListIterator.previousIndex	previousIndex	ListIterator		Int	abstract fun previousIndex(): kotlin/Int
constructor	kotlin.collections.LongIterator.<init>	<init>				constructor <init>()
interface	kotlin.collections.Map	Map				abstract interface <#A: kotlin/Any?, #B: out kotlin/Any?> kotlin.collections/Map {
property	kotlin.collections.Map.entries	entries	Map		Set	abstract val entries
property	kotlin.collections.Map.keys	keys	Map		Set	abstract val keys
property	kotlin.collections.Map.size	size	Map		Int	abstract val size
property	kotlin.collections.Map.values	values	Map		Collection	abstract val values
function	kotlin.collections.Map.get	get	Map		#B	abstract fun get(#A): #B?
function	kotlin.collections.Map.isEmpty	isEmpty	Map		Boolean	abstract fun isEmpty(): kotlin/Boolean
interface	kotlin.collections.Map.Entry	Entry				abstract interface <#A1: out kotlin/Any?, #B1: out kotlin/Any?> Entry {
property	kotlin.collections.Map.Entry.key	key	Entry		#A1	abstract val key
property	kotlin.collections.Map.Entry.value	value	Entry		#B1	abstract val value
interface	kotlin.collections.MutableCollection	MutableCollection				abstract interface <#A: kotlin/Any?> kotlin.collections/MutableCollection : kotlin.collections/Collection<#A>, kotlin.collections/MutableIterable<#A> {
function	kotlin.collections.MutableCollection.add	add	MutableCollection		Boolean	abstract fun add(#A): kotlin/Boolean
function	kotlin.collections.MutableCollection.addAll	addAll	MutableCollection	Collection	Boolean	abstract fun addAll(kotlin.collections/Collection<#A>): kotlin/Boolean
function	kotlin.collections.MutableCollection.clear	clear	MutableCollection		Unit	abstract fun clear()
function	kotlin.collections.MutableCollection.iterator	iterator	MutableCollection		MutableIterator	abstract fun iterator(): kotlin.collections/MutableIterator<#A>
function	kotlin.collections.MutableCollection.remove	remove	MutableCollection		Boolean	abstract fun remove(#A): kotlin/Boolean
function	kotlin.collections.MutableCollection.removeAll	removeAll	MutableCollection	Collection	Boolean	abstract fun removeAll(kotlin.collections/Collection<#A>): kotlin/Boolean
function	kotlin.collections.MutableCollection.retainAll	retainAll	MutableCollection	Collection	Boolean	abstract fun retainAll(kotlin.collections/Collection<#A>): kotlin/Boolean
function	kotlin.collections.MutableIterable.iterator	iterator	MutableIterable		MutableIterator	abstract fun iterator(): kotlin.collections/MutableIterator<#A>
interface	kotlin.collections.MutableIterator	MutableIterator				abstract interface <#A: out kotlin/Any?> kotlin.collections/MutableIterator : kotlin.collections/Iterator<#A> {
function	kotlin.collections.MutableIterator.remove	remove	MutableIterator		Unit	abstract fun remove()
interface	kotlin.collections.MutableList	MutableList				abstract interface <#A: kotlin/Any?> kotlin.collections/MutableList : kotlin.collections/List<#A>, kotlin.collections/MutableCollection<#A> {
function	kotlin.collections.MutableList.add	add	MutableList		Boolean	abstract fun add(#A): kotlin/Boolean
function	kotlin.collections.MutableList.add	add	MutableList	Int|	Unit	abstract fun add(kotlin/Int, #A)
function	kotlin.collections.MutableList.addAll	addAll	MutableList	Collection	Boolean	abstract fun addAll(kotlin.collections/Collection<#A>): kotlin/Boolean
function	kotlin.collections.MutableList.addAll	addAll	MutableList	Int|Collection	Boolean	abstract fun addAll(kotlin/Int, kotlin.collections/Collection<#A>): kotlin/Boolean
function	kotlin.collections.MutableList.clear	clear	MutableList		Unit	abstract fun clear()
function	kotlin.collections.MutableList.listIterator	listIterator	MutableList		MutableListIterator	abstract fun listIterator(): kotlin.collections/MutableListIterator<#A>
function	kotlin.collections.MutableList.listIterator	listIterator	MutableList	Int	MutableListIterator	abstract fun listIterator(kotlin/Int): kotlin.collections/MutableListIterator<#A>
function	kotlin.collections.MutableList.remove	remove	MutableList		Boolean	abstract fun remove(#A): kotlin/Boolean
function	kotlin.collections.MutableList.removeAll	removeAll	MutableList	Collection	Boolean	abstract fun removeAll(kotlin.collections/Collection<#A>): kotlin/Boolean
function	kotlin.collections.MutableList.removeAt	removeAt	MutableList	Int	#A	abstract fun removeAt(kotlin/Int): #A
function	kotlin.collections.MutableList.retainAll	retainAll	MutableList	Collection	Boolean	abstract fun retainAll(kotlin.collections/Collection<#A>): kotlin/Boolean
function	kotlin.collections.MutableList.set	set	MutableList	Int|	#A	abstract fun set(kotlin/Int, #A): #A
function	kotlin.collections.MutableList.subList	subList	MutableList	Int|Int	MutableList	abstract fun subList(kotlin/Int, kotlin/Int): kotlin.collections/MutableList<#A>
interface	kotlin.collections.MutableListIterator	MutableListIterator				abstract interface <#A: kotlin/Any?> kotlin.collections/MutableListIterator : kotlin.collections/ListIterator<#A>, kotlin.collections/MutableIterator<#A> {
function	kotlin.collections.MutableListIterator.add	add	MutableListIterator		Unit	abstract fun add(#A)
function	kotlin.collections.MutableListIterator.hasNext	hasNext	MutableListIterator		Boolean	abstract fun hasNext(): kotlin/Boolean
function	kotlin.collections.MutableListIterator.next	next	MutableListIterator		#A	abstract fun next(): #A
function	kotlin.collections.MutableListIterator.remove	remove	MutableListIterator		Unit	abstract fun remove()
function	kotlin.collections.MutableListIterator.set	set	MutableListIterator		Unit	abstract fun set(#A)
interface	kotlin.collections.MutableMap	MutableMap				abstract interface <#A: kotlin/Any?, #B: kotlin/Any?> kotlin.collections/MutableMap : kotlin.collections/Map<#A, #B> {
property	kotlin.collections.MutableMap.entries	entries	MutableMap		MutableSet	abstract val entries
property	kotlin.collections.MutableMap.keys	keys	MutableMap		MutableSet	abstract val keys
property	kotlin.collections.MutableMap.values	values	MutableMap		MutableCollection	abstract val values
function	kotlin.collections.MutableMap.clear	clear	MutableMap		Unit	abstract fun clear()
function	kotlin.collections.MutableMap.put	put	MutableMap	|	#B	abstract fun put(#A, #B): #B?
function	kotlin.collections.MutableMap.putAll	putAll	MutableMap	Map	Unit	abstract fun putAll(kotlin.collections/Map<out #A, #B>)
function	kotlin.collections.MutableMap.remove	remove	MutableMap		#B	abstract fun remove(#A): #B?
interface	kotlin.collections.MutableMap.MutableEntry	MutableEntry				abstract interface <#A1: kotlin/Any?, #B1: kotlin/Any?> MutableEntry : kotlin.collections/Map.Entry<#A1, #B1> {
function	kotlin.collections.MutableMap.MutableEntry.setValue	setValue	MutableEntry		#B1	abstract fun setValue(#B1): #B1
interface	kotlin.collections.MutableSet	MutableSet				abstract interface <#A: kotlin/Any?> kotlin.collections/MutableSet : kotlin.collections/MutableCollection<#A>, kotlin.collections/Set<#A> {
function	kotlin.collections.MutableSet.add	add	MutableSet		Boolean	abstract fun add(#A): kotlin/Boolean
function	kotlin.collections.MutableSet.addAll	addAll	MutableSet	Collection	Boolean	abstract fun addAll(kotlin.collections/Collection<#A>): kotlin/Boolean
function	kotlin.collections.MutableSet.clear	clear	MutableSet		Unit	abstract fun clear()
function	kotlin.collections.MutableSet.iterator	iterator	MutableSet		MutableIterator	abstract fun iterator(): kotlin.collections/MutableIterator<#A>
function	kotlin.collections.MutableSet.remove	remove	MutableSet		Boolean	abstract fun remove(#A): kotlin/Boolean
function	kotlin.collections.MutableSet.removeAll	removeAll	MutableSet	Collection	Boolean	abstract fun removeAll(kotlin.collections/Collection<#A>): kotlin/Boolean
function	kotlin.collections.MutableSet.retainAll	retainAll	MutableSet	Collection	Boolean	abstract fun retainAll(kotlin.collections/Collection<#A>): kotlin/Boolean
interface	kotlin.collections.Set	Set				abstract interface <#A: out kotlin/Any?> kotlin.collections/Set : kotlin.collections/Collection<#A> {
property	kotlin.collections.Set.size	size	Set		Int	abstract val size
function	kotlin.collections.Set.contains	contains	Set		Boolean	abstract fun contains(#A): kotlin/Boolean
function	kotlin.collections.Set.isEmpty	isEmpty	Set		Boolean	abstract fun isEmpty(): kotlin/Boolean
function	kotlin.collections.Set.iterator	iterator	Set		Iterator	abstract fun iterator(): kotlin.collections/Iterator<#A>
constructor	kotlin.collections.ShortIterator.<init>	<init>				constructor <init>()
class	kotlin.concurrent.AtomicArray	AtomicArray				final class <#A: kotlin/Any?> kotlin.concurrent/AtomicArray {
property	kotlin.concurrent.AtomicArray.length	length	AtomicArray		Int	final val length
constructor	kotlin.concurrent.AtomicArray.<init>	<init>		Array		constructor <init>(kotlin/Array<#A>)
function	kotlin.concurrent.AtomicArray.compareAndExchange	compareAndExchange	AtomicArray	Int||	#A	final fun compareAndExchange(kotlin/Int, #A, #A): #A
function	kotlin.concurrent.AtomicArray.compareAndSet	compareAndSet	AtomicArray	Int||	Boolean	final fun compareAndSet(kotlin/Int, #A, #A): kotlin/Boolean
function	kotlin.concurrent.AtomicArray.get	get	AtomicArray	Int	#A	final fun get(kotlin/Int): #A
function	kotlin.concurrent.AtomicArray.getAndSet	getAndSet	AtomicArray	Int|	#A	final fun getAndSet(kotlin/Int, #A): #A
function	kotlin.concurrent.AtomicArray.set	set	AtomicArray	Int|	Unit	final fun set(kotlin/Int, #A)
function	kotlin.concurrent.AtomicArray.toString	toString	AtomicArray		String	final fun toString(): kotlin/String
class	kotlin.concurrent.AtomicInt	AtomicInt				final class kotlin.concurrent/AtomicInt {
property	kotlin.concurrent.AtomicInt.value	value	AtomicInt		Int	final var value
constructor	kotlin.concurrent.AtomicInt.<init>	<init>		Int		constructor <init>(kotlin/Int)
function	kotlin.concurrent.AtomicInt.compareAndExchange	compareAndExchange	AtomicInt	Int|Int	Int	final fun compareAndExchange(kotlin/Int, kotlin/Int): kotlin/Int
function	kotlin.concurrent.AtomicInt.getAndAdd	getAndAdd	AtomicInt	Int	Int	final fun getAndAdd(kotlin/Int): kotlin/Int
function	kotlin.concurrent.AtomicInt.getAndDecrement	getAndDecrement	AtomicInt		Int	final fun getAndDecrement(): kotlin/Int
function	kotlin.concurrent.AtomicInt.getAndIncrement	getAndIncrement	AtomicInt		Int	final fun getAndIncrement(): kotlin/Int
function	kotlin.concurrent.AtomicInt.toString	toString	AtomicInt		String	final fun toString(): kotlin/String
class	kotlin.concurrent.AtomicIntArray	AtomicIntArray				final class kotlin.concurrent/AtomicIntArray {
property	kotlin.concurrent.AtomicIntArray.length	length	AtomicIntArray		Int	final val length
constructor	kotlin.concurrent.AtomicIntArray.<init>	<init>		Int		constructor <init>(kotlin/Int)
constructor	kotlin.concurrent.AtomicIntArray.<init>	<init>		IntArray		constructor <init>(kotlin/IntArray)
function	kotlin.concurrent.AtomicIntArray.compareAndExchange	compareAndExchange	AtomicIntArray	Int|Int|Int	Int	final fun compareAndExchange(kotlin/Int, kotlin/Int, kotlin/Int): kotlin/Int
function	kotlin.concurrent.AtomicIntArray.compareAndSet	compareAndSet	AtomicIntArray	Int|Int|Int	Boolean	final fun compareAndSet(kotlin/Int, kotlin/Int, kotlin/Int): kotlin/Boolean
function	kotlin.concurrent.AtomicIntArray.toString	toString	AtomicIntArray		String	final fun toString(): kotlin/String
class	kotlin.concurrent.AtomicLong	AtomicLong				final class kotlin.concurrent/AtomicLong {
property	kotlin.concurrent.AtomicLong.value	value	AtomicLong		Long	final var value
constructor	kotlin.concurrent.AtomicLong.<init>	<init>		Long		constructor <init>(kotlin/Long)
function	kotlin.concurrent.AtomicLong.compareAndExchange	compareAndExchange	AtomicLong	Long|Long	Long	final fun compareAndExchange(kotlin/Long, kotlin/Long): kotlin/Long
function	kotlin.concurrent.AtomicLong.getAndAdd	getAndAdd	AtomicLong	Long	Long	final fun getAndAdd(kotlin/Long): kotlin/Long
function	kotlin.concurrent.AtomicLong.getAndDecrement	getAndDecrement	AtomicLong		Long	final fun getAndDecrement(): kotlin/Long
function	kotlin.concurrent.AtomicLong.getAndIncrement	getAndIncrement	AtomicLong		Long	final fun getAndIncrement(): kotlin/Long
function	kotlin.concurrent.AtomicLong.toString	toString	AtomicLong		String	final fun toString(): kotlin/String
class	kotlin.concurrent.AtomicLongArray	AtomicLongArray				final class kotlin.concurrent/AtomicLongArray {
property	kotlin.concurrent.AtomicLongArray.length	length	AtomicLongArray		Int	final val length
constructor	kotlin.concurrent.AtomicLongArray.<init>	<init>		Int		constructor <init>(kotlin/Int)
constructor	kotlin.concurrent.AtomicLongArray.<init>	<init>		LongArray		constructor <init>(kotlin/LongArray)
function	kotlin.concurrent.AtomicLongArray.compareAndExchange	compareAndExchange	AtomicLongArray	Int|Long|Long	Long	final fun compareAndExchange(kotlin/Int, kotlin/Long, kotlin/Long): kotlin/Long
function	kotlin.concurrent.AtomicLongArray.compareAndSet	compareAndSet	AtomicLongArray	Int|Long|Long	Boolean	final fun compareAndSet(kotlin/Int, kotlin/Long, kotlin/Long): kotlin/Boolean
function	kotlin.concurrent.AtomicLongArray.toString	toString	AtomicLongArray		String	final fun toString(): kotlin/String
class	kotlin.concurrent.AtomicNativePtr	AtomicNativePtr				final class kotlin.concurrent/AtomicNativePtr {
property	kotlin.concurrent.AtomicNativePtr.value	value	AtomicNativePtr		NativePtr	final var value
constructor	kotlin.concurrent.AtomicNativePtr.<init>	<init>		NativePtr		constructor <init>(kotlin.native.internal/NativePtr)
function	kotlin.concurrent.AtomicNativePtr.compareAndExchange	compareAndExchange	AtomicNativePtr	NativePtr|NativePtr	NativePtr	final fun compareAndExchange(kotlin.native.internal/NativePtr, kotlin.native.internal/NativePtr): kotlin.native.internal/NativePtr
function	kotlin.concurrent.AtomicNativePtr.compareAndSet	compareAndSet	AtomicNativePtr	NativePtr|NativePtr	Boolean	final fun compareAndSet(kotlin.native.internal/NativePtr, kotlin.native.internal/NativePtr): kotlin/Boolean
function	kotlin.concurrent.AtomicNativePtr.getAndSet	getAndSet	AtomicNativePtr	NativePtr	NativePtr	final fun getAndSet(kotlin.native.internal/NativePtr): kotlin.native.internal/NativePtr
function	kotlin.concurrent.AtomicNativePtr.toString	toString	AtomicNativePtr		String	final fun toString(): kotlin/String
class	kotlin.concurrent.AtomicReference	AtomicReference				final class <#A: kotlin/Any?> kotlin.concurrent/AtomicReference {
property	kotlin.concurrent.AtomicReference.value	value	AtomicReference		#A	final var value
constructor	kotlin.concurrent.AtomicReference.<init>	<init>				constructor <init>(#A)
function	kotlin.concurrent.AtomicReference.compareAndExchange	compareAndExchange	AtomicReference	|	#A	final fun compareAndExchange(#A, #A): #A
function	kotlin.concurrent.AtomicReference.getAndSet	getAndSet	AtomicReference		#A	final fun getAndSet(#A): #A
function	kotlin.concurrent.AtomicReference.toString	toString	AtomicReference		String	final fun toString(): kotlin/String
class	kotlin.concurrent.Volatile	Volatile				open annotation class kotlin.concurrent/Volatile : kotlin/Annotation {
constructor	kotlin.concurrent.Volatile.<init>	<init>				constructor <init>()
class	kotlin.concurrent.atomics.AtomicArray	AtomicArray				final class <#A: kotlin/Any?> kotlin.concurrent.atomics/AtomicArray {
property	kotlin.concurrent.atomics.AtomicArray.length	length	AtomicArray		Int	final val length
property	kotlin.concurrent.atomics.AtomicArray.size	size	AtomicArray		Int	final val size
constructor	kotlin.concurrent.atomics.AtomicArray.<init>	<init>		Array		constructor <init>(kotlin/Array<#A>)
function	kotlin.concurrent.atomics.AtomicArray.compareAndExchange	compareAndExchange	AtomicArray	Int||	#A	final fun compareAndExchange(kotlin/Int, #A, #A): #A
function	kotlin.concurrent.atomics.AtomicArray.compareAndExchangeAt	compareAndExchangeAt	AtomicArray	Int||	#A	final fun compareAndExchangeAt(kotlin/Int, #A, #A): #A
function	kotlin.concurrent.atomics.AtomicArray.compareAndSet	compareAndSet	AtomicArray	Int||	Boolean	final fun compareAndSet(kotlin/Int, #A, #A): kotlin/Boolean
function	kotlin.concurrent.atomics.AtomicArray.compareAndSetAt	compareAndSetAt	AtomicArray	Int||	Boolean	final fun compareAndSetAt(kotlin/Int, #A, #A): kotlin/Boolean
function	kotlin.concurrent.atomics.AtomicArray.exchangeAt	exchangeAt	AtomicArray	Int|	#A	final fun exchangeAt(kotlin/Int, #A): #A
function	kotlin.concurrent.atomics.AtomicArray.get	get	AtomicArray	Int	#A	final fun get(kotlin/Int): #A
function	kotlin.concurrent.atomics.AtomicArray.getAndSet	getAndSet	AtomicArray	Int|	#A	final fun getAndSet(kotlin/Int, #A): #A
function	kotlin.concurrent.atomics.AtomicArray.loadAt	loadAt	AtomicArray	Int	#A	final fun loadAt(kotlin/Int): #A
function	kotlin.concurrent.atomics.AtomicArray.set	set	AtomicArray	Int|	Unit	final fun set(kotlin/Int, #A)
function	kotlin.concurrent.atomics.AtomicArray.storeAt	storeAt	AtomicArray	Int|	Unit	final fun storeAt(kotlin/Int, #A)
function	kotlin.concurrent.atomics.AtomicArray.toString	toString	AtomicArray		String	final fun toString(): kotlin/String
class	kotlin.concurrent.atomics.AtomicBoolean	AtomicBoolean				final class kotlin.concurrent.atomics/AtomicBoolean {
constructor	kotlin.concurrent.atomics.AtomicBoolean.<init>	<init>		Boolean		constructor <init>(kotlin/Boolean)
function	kotlin.concurrent.atomics.AtomicBoolean.compareAndExchange	compareAndExchange	AtomicBoolean	Boolean|Boolean	Boolean	final fun compareAndExchange(kotlin/Boolean, kotlin/Boolean): kotlin/Boolean
function	kotlin.concurrent.atomics.AtomicBoolean.exchange	exchange	AtomicBoolean	Boolean	Boolean	final fun exchange(kotlin/Boolean): kotlin/Boolean
function	kotlin.concurrent.atomics.AtomicBoolean.load	load	AtomicBoolean		Boolean	final fun load(): kotlin/Boolean
function	kotlin.concurrent.atomics.AtomicBoolean.store	store	AtomicBoolean	Boolean	Unit	final fun store(kotlin/Boolean)
function	kotlin.concurrent.atomics.AtomicBoolean.toString	toString	AtomicBoolean		String	final fun toString(): kotlin/String
class	kotlin.concurrent.atomics.AtomicInt	AtomicInt				final class kotlin.concurrent.atomics/AtomicInt {
property	kotlin.concurrent.atomics.AtomicInt.value	value	AtomicInt		Int	final var value
constructor	kotlin.concurrent.atomics.AtomicInt.<init>	<init>		Int		constructor <init>(kotlin/Int)
function	kotlin.concurrent.atomics.AtomicInt.addAndFetch	addAndFetch	AtomicInt	Int	Int	final fun addAndFetch(kotlin/Int): kotlin/Int
function	kotlin.concurrent.atomics.AtomicInt.compareAndExchange	compareAndExchange	AtomicInt	Int|Int	Int	final fun compareAndExchange(kotlin/Int, kotlin/Int): kotlin/Int
function	kotlin.concurrent.atomics.AtomicInt.exchange	exchange	AtomicInt	Int	Int	final fun exchange(kotlin/Int): kotlin/Int
function	kotlin.concurrent.atomics.AtomicInt.getAndAdd	getAndAdd	AtomicInt	Int	Int	final fun getAndAdd(kotlin/Int): kotlin/Int
function	kotlin.concurrent.atomics.AtomicInt.getAndDecrement	getAndDecrement	AtomicInt		Int	final fun getAndDecrement(): kotlin/Int
function	kotlin.concurrent.atomics.AtomicInt.getAndIncrement	getAndIncrement	AtomicInt		Int	final fun getAndIncrement(): kotlin/Int
function	kotlin.concurrent.atomics.AtomicInt.load	load	AtomicInt		Int	final fun load(): kotlin/Int
function	kotlin.concurrent.atomics.AtomicInt.store	store	AtomicInt	Int	Unit	final fun store(kotlin/Int)
function	kotlin.concurrent.atomics.AtomicInt.toString	toString	AtomicInt		String	final fun toString(): kotlin/String
class	kotlin.concurrent.atomics.AtomicIntArray	AtomicIntArray				final class kotlin.concurrent.atomics/AtomicIntArray {
property	kotlin.concurrent.atomics.AtomicIntArray.length	length	AtomicIntArray		Int	final val length
property	kotlin.concurrent.atomics.AtomicIntArray.size	size	AtomicIntArray		Int	final val size
constructor	kotlin.concurrent.atomics.AtomicIntArray.<init>	<init>		Int		constructor <init>(kotlin/Int)
constructor	kotlin.concurrent.atomics.AtomicIntArray.<init>	<init>		IntArray		constructor <init>(kotlin/IntArray)
function	kotlin.concurrent.atomics.AtomicIntArray.compareAndExchange	compareAndExchange	AtomicIntArray	Int|Int|Int	Int	final fun compareAndExchange(kotlin/Int, kotlin/Int, kotlin/Int): kotlin/Int
function	kotlin.concurrent.atomics.AtomicIntArray.compareAndSet	compareAndSet	AtomicIntArray	Int|Int|Int	Boolean	final fun compareAndSet(kotlin/Int, kotlin/Int, kotlin/Int): kotlin/Boolean
function	kotlin.concurrent.atomics.AtomicIntArray.toString	toString	AtomicIntArray		String	final fun toString(): kotlin/String
class	kotlin.concurrent.atomics.AtomicLong	AtomicLong				final class kotlin.concurrent.atomics/AtomicLong {
property	kotlin.concurrent.atomics.AtomicLong.value	value	AtomicLong		Long	final var value
constructor	kotlin.concurrent.atomics.AtomicLong.<init>	<init>		Long		constructor <init>(kotlin/Long)
function	kotlin.concurrent.atomics.AtomicLong.addAndFetch	addAndFetch	AtomicLong	Long	Long	final fun addAndFetch(kotlin/Long): kotlin/Long
function	kotlin.concurrent.atomics.AtomicLong.compareAndExchange	compareAndExchange	AtomicLong	Long|Long	Long	final fun compareAndExchange(kotlin/Long, kotlin/Long): kotlin/Long
function	kotlin.concurrent.atomics.AtomicLong.exchange	exchange	AtomicLong	Long	Long	final fun exchange(kotlin/Long): kotlin/Long
function	kotlin.concurrent.atomics.AtomicLong.getAndAdd	getAndAdd	AtomicLong	Long	Long	final fun getAndAdd(kotlin/Long): kotlin/Long
function	kotlin.concurrent.atomics.AtomicLong.getAndDecrement	getAndDecrement	AtomicLong		Long	final fun getAndDecrement(): kotlin/Long
function	kotlin.concurrent.atomics.AtomicLong.getAndIncrement	getAndIncrement	AtomicLong		Long	final fun getAndIncrement(): kotlin/Long
function	kotlin.concurrent.atomics.AtomicLong.load	load	AtomicLong		Long	final fun load(): kotlin/Long
function	kotlin.concurrent.atomics.AtomicLong.store	store	AtomicLong	Long	Unit	final fun store(kotlin/Long)
function	kotlin.concurrent.atomics.AtomicLong.toString	toString	AtomicLong		String	final fun toString(): kotlin/String
class	kotlin.concurrent.atomics.AtomicLongArray	AtomicLongArray				final class kotlin.concurrent.atomics/AtomicLongArray {
property	kotlin.concurrent.atomics.AtomicLongArray.length	length	AtomicLongArray		Int	final val length
property	kotlin.concurrent.atomics.AtomicLongArray.size	size	AtomicLongArray		Int	final val size
constructor	kotlin.concurrent.atomics.AtomicLongArray.<init>	<init>		Int		constructor <init>(kotlin/Int)
constructor	kotlin.concurrent.atomics.AtomicLongArray.<init>	<init>		LongArray		constructor <init>(kotlin/LongArray)
function	kotlin.concurrent.atomics.AtomicLongArray.compareAndExchange	compareAndExchange	AtomicLongArray	Int|Long|Long	Long	final fun compareAndExchange(kotlin/Int, kotlin/Long, kotlin/Long): kotlin/Long
function	kotlin.concurrent.atomics.AtomicLongArray.compareAndSet	compareAndSet	AtomicLongArray	Int|Long|Long	Boolean	final fun compareAndSet(kotlin/Int, kotlin/Long, kotlin/Long): kotlin/Boolean
function	kotlin.concurrent.atomics.AtomicLongArray.toString	toString	AtomicLongArray		String	final fun toString(): kotlin/String
class	kotlin.concurrent.atomics.AtomicNativePtr	AtomicNativePtr				final class kotlin.concurrent.atomics/AtomicNativePtr {
property	kotlin.concurrent.atomics.AtomicNativePtr.value	value	AtomicNativePtr		NativePtr	final var value
constructor	kotlin.concurrent.atomics.AtomicNativePtr.<init>	<init>		NativePtr		constructor <init>(kotlin.native.internal/NativePtr)
function	kotlin.concurrent.atomics.AtomicNativePtr.compareAndExchange	compareAndExchange	AtomicNativePtr	NativePtr|NativePtr	NativePtr	final fun compareAndExchange(kotlin.native.internal/NativePtr, kotlin.native.internal/NativePtr): kotlin.native.internal/NativePtr
function	kotlin.concurrent.atomics.AtomicNativePtr.compareAndSet	compareAndSet	AtomicNativePtr	NativePtr|NativePtr	Boolean	final fun compareAndSet(kotlin.native.internal/NativePtr, kotlin.native.internal/NativePtr): kotlin/Boolean
function	kotlin.concurrent.atomics.AtomicNativePtr.exchange	exchange	AtomicNativePtr	NativePtr	NativePtr	final fun exchange(kotlin.native.internal/NativePtr): kotlin.native.internal/NativePtr
function	kotlin.concurrent.atomics.AtomicNativePtr.getAndSet	getAndSet	AtomicNativePtr	NativePtr	NativePtr	final fun getAndSet(kotlin.native.internal/NativePtr): kotlin.native.internal/NativePtr
function	kotlin.concurrent.atomics.AtomicNativePtr.load	load	AtomicNativePtr		NativePtr	final fun load(): kotlin.native.internal/NativePtr
function	kotlin.concurrent.atomics.AtomicNativePtr.store	store	AtomicNativePtr	NativePtr	Unit	final fun store(kotlin.native.internal/NativePtr)
function	kotlin.concurrent.atomics.AtomicNativePtr.toString	toString	AtomicNativePtr		String	final fun toString(): kotlin/String
class	kotlin.concurrent.atomics.AtomicReference	AtomicReference				final class <#A: kotlin/Any?> kotlin.concurrent.atomics/AtomicReference {
property	kotlin.concurrent.atomics.AtomicReference.value	value	AtomicReference		#A	final var value
constructor	kotlin.concurrent.atomics.AtomicReference.<init>	<init>				constructor <init>(#A)
function	kotlin.concurrent.atomics.AtomicReference.compareAndExchange	compareAndExchange	AtomicReference	|	#A	final fun compareAndExchange(#A, #A): #A
function	kotlin.concurrent.atomics.AtomicReference.exchange	exchange	AtomicReference		#A	final fun exchange(#A): #A
function	kotlin.concurrent.atomics.AtomicReference.getAndSet	getAndSet	AtomicReference		#A	final fun getAndSet(#A): #A
function	kotlin.concurrent.atomics.AtomicReference.load	load	AtomicReference		#A	final fun load(): #A
function	kotlin.concurrent.atomics.AtomicReference.store	store	AtomicReference		Unit	final fun store(#A)
function	kotlin.concurrent.atomics.AtomicReference.toString	toString	AtomicReference		String	final fun toString(): kotlin/String
class	kotlin.concurrent.atomics.ExperimentalAtomicApi	ExperimentalAtomicApi				open annotation class kotlin.concurrent.atomics/ExperimentalAtomicApi : kotlin/Annotation {
constructor	kotlin.concurrent.atomics.ExperimentalAtomicApi.<init>	<init>				constructor <init>()
interface	kotlin.contracts.CallsInPlace	CallsInPlace				abstract interface kotlin.contracts/CallsInPlace : kotlin.contracts/Effect
interface	kotlin.contracts.ConditionalEffect	ConditionalEffect				abstract interface kotlin.contracts/ConditionalEffect : kotlin.contracts/Effect
interface	kotlin.contracts.ContractBuilder	ContractBuilder				abstract interface kotlin.contracts/ContractBuilder {
function	kotlin.contracts.ContractBuilder.callsInPlace	callsInPlace	ContractBuilder	Function|InvocationKind	CallsInPlace	abstract fun <#A1: kotlin/Any?> callsInPlace(kotlin/Function<#A1>, kotlin.contracts/InvocationKind = ...): kotlin.contracts/CallsInPlace
function	kotlin.contracts.ContractBuilder.returns	returns	ContractBuilder		Returns	abstract fun returns(): kotlin.contracts/Returns
function	kotlin.contracts.ContractBuilder.returns	returns	ContractBuilder	Any	Returns	abstract fun returns(kotlin/Any?): kotlin.contracts/Returns
function	kotlin.contracts.ContractBuilder.returnsNotNull	returnsNotNull	ContractBuilder		ReturnsNotNull	abstract fun returnsNotNull(): kotlin.contracts/ReturnsNotNull
interface	kotlin.contracts.Effect	Effect				abstract interface kotlin.contracts/Effect
class	kotlin.contracts.ExperimentalContracts	ExperimentalContracts				open annotation class kotlin.contracts/ExperimentalContracts : kotlin/Annotation {
constructor	kotlin.contracts.ExperimentalContracts.<init>	<init>				constructor <init>()
class	kotlin.contracts.ExperimentalExtendedContracts	ExperimentalExtendedContracts				open annotation class kotlin.contracts/ExperimentalExtendedContracts : kotlin/Annotation {
constructor	kotlin.contracts.ExperimentalExtendedContracts.<init>	<init>				constructor <init>()
interface	kotlin.contracts.HoldsIn	HoldsIn				abstract interface kotlin.contracts/HoldsIn : kotlin.contracts/Effect
enumClass	kotlin.contracts.InvocationKind	InvocationKind				final enum class kotlin.contracts/InvocationKind : kotlin/Enum<kotlin.contracts/InvocationKind> {
property	kotlin.contracts.InvocationKind.entries	entries	InvocationKind		EnumEntries	final val entries
function	kotlin.contracts.InvocationKind.valueOf	valueOf	InvocationKind	String	InvocationKind	final fun valueOf(kotlin/String): kotlin.contracts/InvocationKind
function	kotlin.contracts.InvocationKind.values	values	InvocationKind		Array	final fun values(): kotlin/Array<kotlin.contracts/InvocationKind>
interface	kotlin.contracts.Returns	Returns				abstract interface kotlin.contracts/Returns : kotlin.contracts/SimpleEffect
interface	kotlin.contracts.ReturnsNotNull	ReturnsNotNull				abstract interface kotlin.contracts/ReturnsNotNull : kotlin.contracts/SimpleEffect
interface	kotlin.contracts.SimpleEffect	SimpleEffect				abstract interface kotlin.contracts/SimpleEffect : kotlin.contracts/Effect {
function	kotlin.contracts.SimpleEffect.implies	implies	SimpleEffect	Boolean	ConditionalEffect	abstract fun implies(kotlin/Boolean): kotlin.contracts/ConditionalEffect
class	kotlin.coroutines.AbstractCoroutineContextElement	AbstractCoroutineContextElement				abstract class kotlin.coroutines/AbstractCoroutineContextElement : kotlin.coroutines/CoroutineContext.Element {
property	kotlin.coroutines.AbstractCoroutineContextElement.key	key	AbstractCoroutineContextElement		Key	open val key
constructor	kotlin.coroutines.AbstractCoroutineContextElement.<init>	<init>		Key		constructor <init>(kotlin.coroutines/CoroutineContext.Key<*>)
class	kotlin.coroutines.AbstractCoroutineContextKey	AbstractCoroutineContextKey				abstract class <#A: kotlin.coroutines/CoroutineContext.Element, #B: #A> kotlin.coroutines/AbstractCoroutineContextKey : kotlin.coroutines/CoroutineContext.Key<#B> {
constructor	kotlin.coroutines.AbstractCoroutineContextKey.<init>	<init>		Key|Function1		constructor <init>(kotlin.coroutines/CoroutineContext.Key<#A>, kotlin/Function1<kotlin.coroutines/CoroutineContext.Element, #B?>)
interface	kotlin.coroutines.Continuation	Continuation				abstract interface <#A: in kotlin/Any?> kotlin.coroutines/Continuation {
property	kotlin.coroutines.Continuation.context	context	Continuation		CoroutineContext	abstract val context
function	kotlin.coroutines.Continuation.resumeWith	resumeWith	Continuation	Result	Unit	abstract fun resumeWith(kotlin/Result<#A>)
interface	kotlin.coroutines.ContinuationInterceptor	ContinuationInterceptor				abstract interface kotlin.coroutines/ContinuationInterceptor : kotlin.coroutines/CoroutineContext.Element {
function	kotlin.coroutines.ContinuationInterceptor.get	get	ContinuationInterceptor	Key	#A1	open fun <#A1: kotlin.coroutines/CoroutineContext.Element> get(kotlin.coroutines/CoroutineContext.Key<#A1>): #A1?
function	kotlin.coroutines.ContinuationInterceptor.interceptContinuation	interceptContinuation	ContinuationInterceptor	Continuation	Continuation	abstract fun <#A1: kotlin/Any?> interceptContinuation(kotlin.coroutines/Continuation<#A1>): kotlin.coroutines/Continuation<#A1>
function	kotlin.coroutines.ContinuationInterceptor.minusKey	minusKey	ContinuationInterceptor	Key	CoroutineContext	open fun minusKey(kotlin.coroutines/CoroutineContext.Key<*>): kotlin.coroutines/CoroutineContext
function	kotlin.coroutines.ContinuationInterceptor.releaseInterceptedContinuation	releaseInterceptedContinuation	ContinuationInterceptor	Continuation	Unit	open fun releaseInterceptedContinuation(kotlin.coroutines/Continuation<*>)
object	kotlin.coroutines.ContinuationInterceptor.Key	Key				final object Key : kotlin.coroutines/CoroutineContext.Key<kotlin.coroutines/ContinuationInterceptor>
interface	kotlin.coroutines.CoroutineContext	CoroutineContext				abstract interface kotlin.coroutines/CoroutineContext {
function	kotlin.coroutines.CoroutineContext.fold	fold	CoroutineContext	|Function2	#A1	abstract fun <#A1: kotlin/Any?> fold(#A1, kotlin/Function2<#A1, kotlin.coroutines/CoroutineContext.Element, #A1>): #A1
function	kotlin.coroutines.CoroutineContext.get	get	CoroutineContext	Key	#A1	abstract fun <#A1: kotlin.coroutines/CoroutineContext.Element> get(kotlin.coroutines/CoroutineContext.Key<#A1>): #A1?
function	kotlin.coroutines.CoroutineContext.minusKey	minusKey	CoroutineContext	Key	CoroutineContext	abstract fun minusKey(kotlin.coroutines/CoroutineContext.Key<*>): kotlin.coroutines/CoroutineContext
function	kotlin.coroutines.CoroutineContext.plus	plus	CoroutineContext	CoroutineContext	CoroutineContext	open fun plus(kotlin.coroutines/CoroutineContext): kotlin.coroutines/CoroutineContext
interface	kotlin.coroutines.CoroutineContext.Element	Element				abstract interface Element : kotlin.coroutines/CoroutineContext {
property	kotlin.coroutines.CoroutineContext.Element.key	key	Element		Key	abstract val key
function	kotlin.coroutines.CoroutineContext.Element.fold	fold	Element	|Function2	#A2	open fun <#A2: kotlin/Any?> fold(#A2, kotlin/Function2<#A2, kotlin.coroutines/CoroutineContext.Element, #A2>): #A2
function	kotlin.coroutines.CoroutineContext.Element.get	get	Element	Key	#A2	open fun <#A2: kotlin.coroutines/CoroutineContext.Element> get(kotlin.coroutines/CoroutineContext.Key<#A2>): #A2?
function	kotlin.coroutines.CoroutineContext.Element.minusKey	minusKey	Element	Key	CoroutineContext	open fun minusKey(kotlin.coroutines/CoroutineContext.Key<*>): kotlin.coroutines/CoroutineContext
interface	kotlin.coroutines.CoroutineContext.Key	Key				abstract interface <#A1: kotlin.coroutines/CoroutineContext.Element> Key
object	kotlin.coroutines.EmptyCoroutineContext	EmptyCoroutineContext				final object kotlin.coroutines/EmptyCoroutineContext : kotlin.coroutines/CoroutineContext, kotlin.io/Serializable {
function	kotlin.coroutines.EmptyCoroutineContext.fold	fold	EmptyCoroutineContext	|Function2	#A1	final fun <#A1: kotlin/Any?> fold(#A1, kotlin/Function2<#A1, kotlin.coroutines/CoroutineContext.Element, #A1>): #A1
function	kotlin.coroutines.EmptyCoroutineContext.get	get	EmptyCoroutineContext	Key	#A1	final fun <#A1: kotlin.coroutines/CoroutineContext.Element> get(kotlin.coroutines/CoroutineContext.Key<#A1>): #A1?
function	kotlin.coroutines.EmptyCoroutineContext.hashCode	hashCode	EmptyCoroutineContext		Int	final fun hashCode(): kotlin/Int
function	kotlin.coroutines.EmptyCoroutineContext.minusKey	minusKey	EmptyCoroutineContext	Key	CoroutineContext	final fun minusKey(kotlin.coroutines/CoroutineContext.Key<*>): kotlin.coroutines/CoroutineContext
function	kotlin.coroutines.EmptyCoroutineContext.plus	plus	EmptyCoroutineContext	CoroutineContext	CoroutineContext	final fun plus(kotlin.coroutines/CoroutineContext): kotlin.coroutines/CoroutineContext
function	kotlin.coroutines.EmptyCoroutineContext.toString	toString	EmptyCoroutineContext		String	final fun toString(): kotlin/String
class	kotlin.coroutines.RestrictsSuspension	RestrictsSuspension				open annotation class kotlin.coroutines/RestrictsSuspension : kotlin/Annotation {
constructor	kotlin.coroutines.RestrictsSuspension.<init>	<init>				constructor <init>()
class	kotlin.coroutines.SafeContinuation	SafeContinuation				final class <#A: in kotlin/Any?> kotlin.coroutines/SafeContinuation : kotlin.coroutines/Continuation<#A> {
property	kotlin.coroutines.SafeContinuation.context	context	SafeContinuation		CoroutineContext	final val context
constructor	kotlin.coroutines.SafeContinuation.<init>	<init>		Continuation		constructor <init>(kotlin.coroutines/Continuation<#A>)
function	kotlin.coroutines.SafeContinuation.getOrThrow	getOrThrow	SafeContinuation		Any	final fun getOrThrow(): kotlin/Any?
function	kotlin.coroutines.SafeContinuation.resumeWith	resumeWith	SafeContinuation	Result	Unit	final fun resumeWith(kotlin/Result<#A>)
interface	kotlin.coroutines.SuspendFunction	SuspendFunction				abstract interface <#A: out kotlin/Any?> kotlin.coroutines/SuspendFunction
class	kotlin.coroutines.cancellation.CancellationException	CancellationException				open class kotlin.coroutines.cancellation/CancellationException : kotlin/IllegalStateException {
constructor	kotlin.coroutines.cancellation.CancellationException.<init>	<init>				constructor <init>()
constructor	kotlin.coroutines.cancellation.CancellationException.<init>	<init>		String		constructor <init>(kotlin/String?)
constructor	kotlin.coroutines.cancellation.CancellationException.<init>	<init>		Throwable		constructor <init>(kotlin/Throwable?)
constructor	kotlin.coroutines.cancellation.CancellationException.<init>	<init>		String|Throwable		constructor <init>(kotlin/String?, kotlin/Throwable?)
enumClass	kotlin.coroutines.intrinsics.CoroutineSingletons	CoroutineSingletons				final enum class kotlin.coroutines.intrinsics/CoroutineSingletons : kotlin/Enum<kotlin.coroutines.intrinsics/CoroutineSingletons> {
property	kotlin.coroutines.intrinsics.CoroutineSingletons.entries	entries	CoroutineSingletons		EnumEntries	final val entries
function	kotlin.coroutines.intrinsics.CoroutineSingletons.valueOf	valueOf	CoroutineSingletons	String	CoroutineSingletons	final fun valueOf(kotlin/String): kotlin.coroutines.intrinsics/CoroutineSingletons
function	kotlin.coroutines.intrinsics.CoroutineSingletons.values	values	CoroutineSingletons		Array	final fun values(): kotlin/Array<kotlin.coroutines.intrinsics/CoroutineSingletons>
class	kotlin.experimental.ExpectRefinement	ExpectRefinement				open annotation class kotlin.experimental/ExpectRefinement : kotlin/Annotation {
constructor	kotlin.experimental.ExpectRefinement.<init>	<init>				constructor <init>()
class	kotlin.experimental.ExperimentalNativeApi	ExperimentalNativeApi				open annotation class kotlin.experimental/ExperimentalNativeApi : kotlin/Annotation {
constructor	kotlin.experimental.ExperimentalNativeApi.<init>	<init>				constructor <init>()
class	kotlin.experimental.ExperimentalObjCName	ExperimentalObjCName				open annotation class kotlin.experimental/ExperimentalObjCName : kotlin/Annotation {
constructor	kotlin.experimental.ExperimentalObjCName.<init>	<init>				constructor <init>()
class	kotlin.experimental.ExperimentalObjCRefinement	ExperimentalObjCRefinement				open annotation class kotlin.experimental/ExperimentalObjCRefinement : kotlin/Annotation {
constructor	kotlin.experimental.ExperimentalObjCRefinement.<init>	<init>				constructor <init>()
class	kotlin.experimental.ExperimentalTypeInference	ExperimentalTypeInference				open annotation class kotlin.experimental/ExperimentalTypeInference : kotlin/Annotation {
constructor	kotlin.experimental.ExperimentalTypeInference.<init>	<init>				constructor <init>()
function	kotlin.io.encoding.Base64.decode	decode	Base64	ByteArray|Int|Int	ByteArray	final fun decode(kotlin/ByteArray, kotlin/Int = ..., kotlin/Int = ...): kotlin/ByteArray
function	kotlin.io.encoding.Base64.decode	decode	Base64	CharSequence|Int|Int	ByteArray	final fun decode(kotlin/CharSequence, kotlin/Int = ..., kotlin/Int = ...): kotlin/ByteArray
function	kotlin.io.encoding.Base64.decodeIntoByteArray	decodeIntoByteArray	Base64	ByteArray|ByteArray|Int|Int|Int	Int	final fun decodeIntoByteArray(kotlin/ByteArray, kotlin/ByteArray, kotlin/Int = ..., kotlin/Int = ..., kotlin/Int = ...): kotlin/Int
function	kotlin.io.encoding.Base64.decodeIntoByteArray	decodeIntoByteArray	Base64	CharSequence|ByteArray|Int|Int|Int	Int	final fun decodeIntoByteArray(kotlin/CharSequence, kotlin/ByteArray, kotlin/Int = ..., kotlin/Int = ..., kotlin/Int = ...): kotlin/Int
function	kotlin.io.encoding.Base64.encode	encode	Base64	ByteArray|Int|Int	String	final fun encode(kotlin/ByteArray, kotlin/Int = ..., kotlin/Int = ...): kotlin/String
function	kotlin.io.encoding.Base64.encodeIntoByteArray	encodeIntoByteArray	Base64	ByteArray|ByteArray|Int|Int|Int	Int	final fun encodeIntoByteArray(kotlin/ByteArray, kotlin/ByteArray, kotlin/Int = ..., kotlin/Int = ..., kotlin/Int = ...): kotlin/Int
function	kotlin.io.encoding.Base64.encodeToAppendable	encodeToAppendable	Base64	ByteArray||Int|Int	#A1	final fun <#A1: kotlin.text/Appendable> encodeToAppendable(kotlin/ByteArray, #A1, kotlin/Int = ..., kotlin/Int = ...): #A1
function	kotlin.io.encoding.Base64.encodeToByteArray	encodeToByteArray	Base64	ByteArray|Int|Int	ByteArray	final fun encodeToByteArray(kotlin/ByteArray, kotlin/Int = ..., kotlin/Int = ...): kotlin/ByteArray
object	kotlin.io.encoding.Base64.Default	Default				final object Default : kotlin.io.encoding/Base64 {
property	kotlin.io.encoding.Base64.Default.Mime	Mime	Default		Base64	final val Mime
property	kotlin.io.encoding.Base64.Default.Pem	Pem	Default		Base64	final val Pem
property	kotlin.io.encoding.Base64.Default.UrlSafe	UrlSafe	Default		Base64	final val UrlSafe
enumClass	kotlin.io.encoding.Base64.PaddingOption	PaddingOption				final enum class PaddingOption : kotlin/Enum<kotlin.io.encoding/Base64.PaddingOption> {
property	kotlin.io.encoding.Base64.PaddingOption.entries	entries	PaddingOption		EnumEntries	final val entries
function	kotlin.io.encoding.Base64.PaddingOption.valueOf	valueOf	PaddingOption	String	PaddingOption	final fun valueOf(kotlin/String): kotlin.io.encoding/Base64.PaddingOption
function	kotlin.io.encoding.Base64.PaddingOption.values	values	PaddingOption		Array	final fun values(): kotlin/Array<kotlin.io.encoding/Base64.PaddingOption>
class	kotlin.io.encoding.ExperimentalEncodingApi	ExperimentalEncodingApi				open annotation class kotlin.io.encoding/ExperimentalEncodingApi : kotlin/Annotation {
constructor	kotlin.io.encoding.ExperimentalEncodingApi.<init>	<init>				constructor <init>()
class	kotlin.native.BitSet	BitSet				final class kotlin.native/BitSet {
property	kotlin.native.BitSet.isEmpty	isEmpty	BitSet		Boolean	final val isEmpty
property	kotlin.native.BitSet.lastTrueIndex	lastTrueIndex	BitSet		Int	final val lastTrueIndex
property	kotlin.native.BitSet.size	size	BitSet		Int	final var size
constructor	kotlin.native.BitSet.<init>	<init>		Int		constructor <init>(kotlin/Int = ...)
constructor	kotlin.native.BitSet.<init>	<init>		Int|Function1		constructor <init>(kotlin/Int, kotlin/Function1<kotlin/Int, kotlin/Boolean>)
function	kotlin.native.BitSet.and	and	BitSet	BitSet	Unit	final fun and(kotlin.native/BitSet)
function	kotlin.native.BitSet.andNot	andNot	BitSet	BitSet	Unit	final fun andNot(kotlin.native/BitSet)
function	kotlin.native.BitSet.clear	clear	BitSet		Unit	final fun clear()
function	kotlin.native.BitSet.clear	clear	BitSet	IntRange	Unit	final fun clear(kotlin.ranges/IntRange)
function	kotlin.native.BitSet.clear	clear	BitSet	Int	Unit	final fun clear(kotlin/Int)
function	kotlin.native.BitSet.clear	clear	BitSet	Int|Int	Unit	final fun clear(kotlin/Int, kotlin/Int)
function	kotlin.native.BitSet.equals	equals	BitSet	Any	Boolean	final fun equals(kotlin/Any?): kotlin/Boolean
function	kotlin.native.BitSet.flip	flip	BitSet	IntRange	Unit	final fun flip(kotlin.ranges/IntRange)
function	kotlin.native.BitSet.flip	flip	BitSet	Int	Unit	final fun flip(kotlin/Int)
function	kotlin.native.BitSet.flip	flip	BitSet	Int|Int	Unit	final fun flip(kotlin/Int, kotlin/Int)
function	kotlin.native.BitSet.get	get	BitSet	Int	Boolean	final fun get(kotlin/Int): kotlin/Boolean
function	kotlin.native.BitSet.hashCode	hashCode	BitSet		Int	final fun hashCode(): kotlin/Int
function	kotlin.native.BitSet.intersects	intersects	BitSet	BitSet	Boolean	final fun intersects(kotlin.native/BitSet): kotlin/Boolean
function	kotlin.native.BitSet.nextClearBit	nextClearBit	BitSet	Int	Int	final fun nextClearBit(kotlin/Int = ...): kotlin/Int
function	kotlin.native.BitSet.nextSetBit	nextSetBit	BitSet	Int	Int	final fun nextSetBit(kotlin/Int = ...): kotlin/Int
function	kotlin.native.BitSet.or	or	BitSet	BitSet	Unit	final fun or(kotlin.native/BitSet)
function	kotlin.native.BitSet.previousBit	previousBit	BitSet	Int|Boolean	Int	final fun previousBit(kotlin/Int, kotlin/Boolean): kotlin/Int
function	kotlin.native.BitSet.previousClearBit	previousClearBit	BitSet	Int	Int	final fun previousClearBit(kotlin/Int): kotlin/Int
function	kotlin.native.BitSet.previousSetBit	previousSetBit	BitSet	Int	Int	final fun previousSetBit(kotlin/Int): kotlin/Int
function	kotlin.native.BitSet.set	set	BitSet	IntRange|Boolean	Unit	final fun set(kotlin.ranges/IntRange, kotlin/Boolean = ...)
function	kotlin.native.BitSet.set	set	BitSet	Int|Boolean	Unit	final fun set(kotlin/Int, kotlin/Boolean = ...)
function	kotlin.native.BitSet.set	set	BitSet	Int|Int|Boolean	Unit	final fun set(kotlin/Int, kotlin/Int, kotlin/Boolean = ...)
function	kotlin.native.BitSet.toString	toString	BitSet		String	final fun toString(): kotlin/String
function	kotlin.native.BitSet.xor	xor	BitSet	BitSet	Unit	final fun xor(kotlin.native/BitSet)
object	kotlin.native.BitSet.Companion	Companion				final object Companion
class	kotlin.native.CName	CName				open annotation class kotlin.native/CName : kotlin/Annotation {
property	kotlin.native.CName.externName	externName	CName		String	final val externName
property	kotlin.native.CName.shortName	shortName	CName		String	final val shortName
constructor	kotlin.native.CName.<init>	<init>		String|String		constructor <init>(kotlin/String = ..., kotlin/String = ...)
enumClass	kotlin.native.CpuArchitecture	CpuArchitecture				final enum class kotlin.native/CpuArchitecture : kotlin/Enum<kotlin.native/CpuArchitecture> {
property	kotlin.native.CpuArchitecture.bitness	bitness	CpuArchitecture		Int	final val bitness
property	kotlin.native.CpuArchitecture.entries	entries	CpuArchitecture		EnumEntries	final val entries
function	kotlin.native.CpuArchitecture.valueOf	valueOf	CpuArchitecture	String	CpuArchitecture	final fun valueOf(kotlin/String): kotlin.native/CpuArchitecture
function	kotlin.native.CpuArchitecture.values	values	CpuArchitecture		Array	final fun values(): kotlin/Array<kotlin.native/CpuArchitecture>
class	kotlin.native.EagerInitialization	EagerInitialization				open annotation class kotlin.native/EagerInitialization : kotlin/Annotation {
constructor	kotlin.native.EagerInitialization.<init>	<init>				constructor <init>()
class	kotlin.native.FreezingIsDeprecated	FreezingIsDeprecated				open annotation class kotlin.native/FreezingIsDeprecated : kotlin/Annotation {
constructor	kotlin.native.FreezingIsDeprecated.<init>	<init>				constructor <init>()
class	kotlin.native.HiddenFromObjC	HiddenFromObjC				open annotation class kotlin.native/HiddenFromObjC : kotlin/Annotation {
constructor	kotlin.native.HiddenFromObjC.<init>	<init>				constructor <init>()
class	kotlin.native.HidesFromObjC	HidesFromObjC				open annotation class kotlin.native/HidesFromObjC : kotlin/Annotation {
constructor	kotlin.native.HidesFromObjC.<init>	<init>				constructor <init>()
class	kotlin.native.ImmutableBlob	ImmutableBlob				final class kotlin.native/ImmutableBlob {
property	kotlin.native.ImmutableBlob.size	size	ImmutableBlob		Int	final val size
function	kotlin.native.ImmutableBlob.get	get	ImmutableBlob	Int	Byte	final fun get(kotlin/Int): kotlin/Byte
function	kotlin.native.ImmutableBlob.iterator	iterator	ImmutableBlob		ByteIterator	final fun iterator(): kotlin.collections/ByteIterator
class	kotlin.native.IncorrectDereferenceException	IncorrectDereferenceException				final class kotlin.native/IncorrectDereferenceException : kotlin/RuntimeException {
constructor	kotlin.native.IncorrectDereferenceException.<init>	<init>				constructor <init>()
constructor	kotlin.native.IncorrectDereferenceException.<init>	<init>		String		constructor <init>(kotlin/String)
enumClass	kotlin.native.MemoryModel	MemoryModel				final enum class kotlin.native/MemoryModel : kotlin/Enum<kotlin.native/MemoryModel> {
property	kotlin.native.MemoryModel.entries	entries	MemoryModel		EnumEntries	final val entries
function	kotlin.native.MemoryModel.valueOf	valueOf	MemoryModel	String	MemoryModel	final fun valueOf(kotlin/String): kotlin.native/MemoryModel
function	kotlin.native.MemoryModel.values	values	MemoryModel		Array	final fun values(): kotlin/Array<kotlin.native/MemoryModel>
class	kotlin.native.NoInline	NoInline				open annotation class kotlin.native/NoInline : kotlin/Annotation {
constructor	kotlin.native.NoInline.<init>	<init>				constructor <init>()
class	kotlin.native.ObjCName	ObjCName				open annotation class kotlin.native/ObjCName : kotlin/Annotation {
property	kotlin.native.ObjCName.exact	exact	ObjCName		Boolean	final val exact
property	kotlin.native.ObjCName.name	name	ObjCName		String	final val name
property	kotlin.native.ObjCName.swiftName	swiftName	ObjCName		String	final val swiftName
constructor	kotlin.native.ObjCName.<init>	<init>		String|String|Boolean		constructor <init>(kotlin/String = ..., kotlin/String = ..., kotlin/Boolean = ...)
class	kotlin.native.ObsoleteNativeApi	ObsoleteNativeApi				open annotation class kotlin.native/ObsoleteNativeApi : kotlin/Annotation {
constructor	kotlin.native.ObsoleteNativeApi.<init>	<init>				constructor <init>()
enumClass	kotlin.native.OsFamily	OsFamily				final enum class kotlin.native/OsFamily : kotlin/Enum<kotlin.native/OsFamily> {
property	kotlin.native.OsFamily.entries	entries	OsFamily		EnumEntries	final val entries
function	kotlin.native.OsFamily.valueOf	valueOf	OsFamily	String	OsFamily	final fun valueOf(kotlin/String): kotlin.native/OsFamily
function	kotlin.native.OsFamily.values	values	OsFamily		Array	final fun values(): kotlin/Array<kotlin.native/OsFamily>
object	kotlin.native.Platform	Platform				final object kotlin.native/Platform {
property	kotlin.native.Platform.canAccessUnaligned	canAccessUnaligned	Platform		Boolean	final val canAccessUnaligned
property	kotlin.native.Platform.cpuArchitecture	cpuArchitecture	Platform		CpuArchitecture	final val cpuArchitecture
property	kotlin.native.Platform.isCleanersLeakCheckerActive	isCleanersLeakCheckerActive	Platform		Boolean	final var isCleanersLeakCheckerActive
property	kotlin.native.Platform.isDebugBinary	isDebugBinary	Platform		Boolean	final val isDebugBinary
property	kotlin.native.Platform.isFreezingEnabled	isFreezingEnabled	Platform		Boolean	final val isFreezingEnabled
property	kotlin.native.Platform.isLittleEndian	isLittleEndian	Platform		Boolean	final val isLittleEndian
property	kotlin.native.Platform.isMemoryLeakCheckerActive	isMemoryLeakCheckerActive	Platform		Boolean	final var isMemoryLeakCheckerActive
property	kotlin.native.Platform.memoryModel	memoryModel	Platform		MemoryModel	final val memoryModel
property	kotlin.native.Platform.osFamily	osFamily	Platform		OsFamily	final val osFamily
property	kotlin.native.Platform.programName	programName	Platform		String	final val programName
function	kotlin.native.Platform.getAvailableProcessors	getAvailableProcessors	Platform		Int	final fun getAvailableProcessors(): kotlin/Int
class	kotlin.native.RefinesInSwift	RefinesInSwift				open annotation class kotlin.native/RefinesInSwift : kotlin/Annotation {
constructor	kotlin.native.RefinesInSwift.<init>	<init>				constructor <init>()
class	kotlin.native.ShouldRefineInSwift	ShouldRefineInSwift				open annotation class kotlin.native/ShouldRefineInSwift : kotlin/Annotation {
constructor	kotlin.native.ShouldRefineInSwift.<init>	<init>				constructor <init>()
class	kotlin.native.SymbolName	SymbolName				open annotation class kotlin.native/SymbolName : kotlin/Annotation {
property	kotlin.native.SymbolName.name	name	SymbolName		String	final val name
constructor	kotlin.native.SymbolName.<init>	<init>		String		constructor <init>(kotlin/String)
class	kotlin.native.concurrent.AtomicInt	AtomicInt				final class kotlin.native.concurrent/AtomicInt {
property	kotlin.native.concurrent.AtomicInt.value	value	AtomicInt		Int	final var value
constructor	kotlin.native.concurrent.AtomicInt.<init>	<init>		Int		constructor <init>(kotlin/Int)
function	kotlin.native.concurrent.AtomicInt.compareAndSwap	compareAndSwap	AtomicInt	Int|Int	Int	final fun compareAndSwap(kotlin/Int, kotlin/Int): kotlin/Int
function	kotlin.native.concurrent.AtomicInt.decrement	decrement	AtomicInt		Unit	final fun decrement()
function	kotlin.native.concurrent.AtomicInt.getAndAdd	getAndAdd	AtomicInt	Int	Int	final fun getAndAdd(kotlin/Int): kotlin/Int
function	kotlin.native.concurrent.AtomicInt.getAndDecrement	getAndDecrement	AtomicInt		Int	final fun getAndDecrement(): kotlin/Int
function	kotlin.native.concurrent.AtomicInt.getAndIncrement	getAndIncrement	AtomicInt		Int	final fun getAndIncrement(): kotlin/Int
function	kotlin.native.concurrent.AtomicInt.increment	increment	AtomicInt		Unit	final fun increment()
function	kotlin.native.concurrent.AtomicInt.toString	toString	AtomicInt		String	final fun toString(): kotlin/String
class	kotlin.native.concurrent.AtomicLong	AtomicLong				final class kotlin.native.concurrent/AtomicLong {
property	kotlin.native.concurrent.AtomicLong.value	value	AtomicLong		Long	final var value
constructor	kotlin.native.concurrent.AtomicLong.<init>	<init>		Long		constructor <init>(kotlin/Long = ...)
function	kotlin.native.concurrent.AtomicLong.addAndGet	addAndGet	AtomicLong	Int	Long	final fun addAndGet(kotlin/Int): kotlin/Long
function	kotlin.native.concurrent.AtomicLong.compareAndSwap	compareAndSwap	AtomicLong	Long|Long	Long	final fun compareAndSwap(kotlin/Long, kotlin/Long): kotlin/Long
function	kotlin.native.concurrent.AtomicLong.decrement	decrement	AtomicLong		Unit	final fun decrement()
function	kotlin.native.concurrent.AtomicLong.getAndAdd	getAndAdd	AtomicLong	Long	Long	final fun getAndAdd(kotlin/Long): kotlin/Long
function	kotlin.native.concurrent.AtomicLong.getAndDecrement	getAndDecrement	AtomicLong		Long	final fun getAndDecrement(): kotlin/Long
function	kotlin.native.concurrent.AtomicLong.getAndIncrement	getAndIncrement	AtomicLong		Long	final fun getAndIncrement(): kotlin/Long
function	kotlin.native.concurrent.AtomicLong.increment	increment	AtomicLong		Unit	final fun increment()
function	kotlin.native.concurrent.AtomicLong.toString	toString	AtomicLong		String	final fun toString(): kotlin/String
class	kotlin.native.concurrent.AtomicNativePtr	AtomicNativePtr				final class kotlin.native.concurrent/AtomicNativePtr {
property	kotlin.native.concurrent.AtomicNativePtr.value	value	AtomicNativePtr		NativePtr	final var value
constructor	kotlin.native.concurrent.AtomicNativePtr.<init>	<init>		NativePtr		constructor <init>(kotlin.native.internal/NativePtr)
function	kotlin.native.concurrent.AtomicNativePtr.compareAndSet	compareAndSet	AtomicNativePtr	NativePtr|NativePtr	Boolean	final fun compareAndSet(kotlin.native.internal/NativePtr, kotlin.native.internal/NativePtr): kotlin/Boolean
function	kotlin.native.concurrent.AtomicNativePtr.compareAndSwap	compareAndSwap	AtomicNativePtr	NativePtr|NativePtr	NativePtr	final fun compareAndSwap(kotlin.native.internal/NativePtr, kotlin.native.internal/NativePtr): kotlin.native.internal/NativePtr
function	kotlin.native.concurrent.AtomicNativePtr.getAndSet	getAndSet	AtomicNativePtr	NativePtr	NativePtr	final fun getAndSet(kotlin.native.internal/NativePtr): kotlin.native.internal/NativePtr
function	kotlin.native.concurrent.AtomicNativePtr.toString	toString	AtomicNativePtr		String	final fun toString(): kotlin/String
class	kotlin.native.concurrent.AtomicReference	AtomicReference				final class <#A: kotlin/Any?> kotlin.native.concurrent/AtomicReference {
property	kotlin.native.concurrent.AtomicReference.value	value	AtomicReference		#A	final var value
constructor	kotlin.native.concurrent.AtomicReference.<init>	<init>				constructor <init>(#A)
function	kotlin.native.concurrent.AtomicReference.compareAndSwap	compareAndSwap	AtomicReference	|	#A	final fun compareAndSwap(#A, #A): #A
function	kotlin.native.concurrent.AtomicReference.getAndSet	getAndSet	AtomicReference		#A	final fun getAndSet(#A): #A
function	kotlin.native.concurrent.AtomicReference.toString	toString	AtomicReference		String	final fun toString(): kotlin/String
class	kotlin.native.concurrent.Continuation0	Continuation0				final class kotlin.native.concurrent/Continuation0 : kotlin/Function0<kotlin/Unit> {
constructor	kotlin.native.concurrent.Continuation0.<init>	<init>		Function0|CPointer|Boolean		constructor <init>(kotlin/Function0<kotlin/Unit>, kotlinx.cinterop/CPointer<kotlinx.cinterop/CFunction<kotlin/Function1<kotlinx.cinterop/CPointer<out kotlinx.cinterop/CPointed>?, kotlin/Unit>>>, kotlin/Boolean = ...)
function	kotlin.native.concurrent.Continuation0.dispose	dispose	Continuation0		Unit	final fun dispose()
function	kotlin.native.concurrent.Continuation0.invoke	invoke	Continuation0		Unit	final fun invoke()
class	kotlin.native.concurrent.Continuation1	Continuation1				final class <#A: kotlin/Any?> kotlin.native.concurrent/Continuation1 : kotlin/Function1<#A, kotlin/Unit> {
constructor	kotlin.native.concurrent.Continuation1.<init>	<init>		Function1|CPointer|Boolean		constructor <init>(kotlin/Function1<#A, kotlin/Unit>, kotlinx.cinterop/CPointer<kotlinx.cinterop/CFunction<kotlin/Function1<kotlinx.cinterop/CPointer<out kotlinx.cinterop/CPointed>?, kotlin/Unit>>>, kotlin/Boolean = ...)
function	kotlin.native.concurrent.Continuation1.dispose	dispose	Continuation1		Unit	final fun dispose()
function	kotlin.native.concurrent.Continuation1.invoke	invoke	Continuation1		Unit	final fun invoke(#A)
class	kotlin.native.concurrent.Continuation2	Continuation2				final class <#A: kotlin/Any?, #B: kotlin/Any?> kotlin.native.concurrent/Continuation2 : kotlin/Function2<#A, #B, kotlin/Unit> {
constructor	kotlin.native.concurrent.Continuation2.<init>	<init>		Function2|CPointer|Boolean		constructor <init>(kotlin/Function2<#A, #B, kotlin/Unit>, kotlinx.cinterop/CPointer<kotlinx.cinterop/CFunction<kotlin/Function1<kotlinx.cinterop/CPointer<out kotlinx.cinterop/CPointed>?, kotlin/Unit>>>, kotlin/Boolean = ...)
function	kotlin.native.concurrent.Continuation2.dispose	dispose	Continuation2		Unit	final fun dispose()
function	kotlin.native.concurrent.Continuation2.invoke	invoke	Continuation2	|	Unit	final fun invoke(#A, #B)
class	kotlin.native.concurrent.DetachedObjectGraph	DetachedObjectGraph				final class <#A: kotlin/Any?> kotlin.native.concurrent/DetachedObjectGraph {
property	kotlin.native.concurrent.DetachedObjectGraph.stable	stable	DetachedObjectGraph		AtomicNativePtr	final val stable
constructor	kotlin.native.concurrent.DetachedObjectGraph.<init>	<init>		CPointer		constructor <init>(kotlinx.cinterop/CPointer<out kotlinx.cinterop/CPointed>?)
constructor	kotlin.native.concurrent.DetachedObjectGraph.<init>	<init>		TransferMode|Function0		constructor <init>(kotlin.native.concurrent/TransferMode = ..., kotlin/Function0<#A>)
function	kotlin.native.concurrent.DetachedObjectGraph.asCPointer	asCPointer	DetachedObjectGraph		CPointer	final fun asCPointer(): kotlinx.cinterop/CPointer<out kotlinx.cinterop/CPointed>?
class	kotlin.native.concurrent.FreezableAtomicReference	FreezableAtomicReference				final class <#A: kotlin/Any?> kotlin.native.concurrent/FreezableAtomicReference {
property	kotlin.native.concurrent.FreezableAtomicReference.value	value	FreezableAtomicReference		#A	final var value
constructor	kotlin.native.concurrent.FreezableAtomicReference.<init>	<init>				constructor <init>(#A)
function	kotlin.native.concurrent.FreezableAtomicReference.compareAndSet	compareAndSet	FreezableAtomicReference	|	Boolean	final fun compareAndSet(#A, #A): kotlin/Boolean
function	kotlin.native.concurrent.FreezableAtomicReference.compareAndSwap	compareAndSwap	FreezableAtomicReference	|	#A	final fun compareAndSwap(#A, #A): #A
function	kotlin.native.concurrent.FreezableAtomicReference.toString	toString	FreezableAtomicReference		String	final fun toString(): kotlin/String
class	kotlin.native.concurrent.FreezingException	FreezingException				final class kotlin.native.concurrent/FreezingException : kotlin/RuntimeException {
constructor	kotlin.native.concurrent.FreezingException.<init>	<init>		Any|Any		constructor <init>(kotlin/Any, kotlin/Any)
class	kotlin.native.concurrent.Future	Future				final value class <#A: kotlin/Any?> kotlin.native.concurrent/Future {
property	kotlin.native.concurrent.Future.id	id	Future		Int	final val id
property	kotlin.native.concurrent.Future.result	result	Future		#A	final val result
property	kotlin.native.concurrent.Future.state	state	Future		FutureState	final val state
constructor	kotlin.native.concurrent.Future.<init>	<init>		Int		constructor <init>(kotlin/Int)
function	kotlin.native.concurrent.Future.consume	consume	Future	Function1	#A1	final inline fun <#A1: kotlin/Any?> consume(kotlin/Function1<#A, #A1>): #A1
function	kotlin.native.concurrent.Future.equals	equals	Future	Any	Boolean	final fun equals(kotlin/Any?): kotlin/Boolean
function	kotlin.native.concurrent.Future.hashCode	hashCode	Future		Int	final fun hashCode(): kotlin/Int
function	kotlin.native.concurrent.Future.toString	toString	Future		String	final fun toString(): kotlin/String
enumClass	kotlin.native.concurrent.FutureState	FutureState				final enum class kotlin.native.concurrent/FutureState : kotlin/Enum<kotlin.native.concurrent/FutureState> {
property	kotlin.native.concurrent.FutureState.entries	entries	FutureState		EnumEntries	final val entries
property	kotlin.native.concurrent.FutureState.value	value	FutureState		Int	final val value
function	kotlin.native.concurrent.FutureState.valueOf	valueOf	FutureState	String	FutureState	final fun valueOf(kotlin/String): kotlin.native.concurrent/FutureState
function	kotlin.native.concurrent.FutureState.values	values	FutureState		Array	final fun values(): kotlin/Array<kotlin.native.concurrent/FutureState>
class	kotlin.native.concurrent.InvalidMutabilityException	InvalidMutabilityException				final class kotlin.native.concurrent/InvalidMutabilityException : kotlin/RuntimeException {
constructor	kotlin.native.concurrent.InvalidMutabilityException.<init>	<init>		String		constructor <init>(kotlin/String)
class	kotlin.native.concurrent.MutableData	MutableData				final class kotlin.native.concurrent/MutableData {
property	kotlin.native.concurrent.MutableData.size	size	MutableData		Int	final val size
constructor	kotlin.native.concurrent.MutableData.<init>	<init>		Int		constructor <init>(kotlin/Int = ...)
function	kotlin.native.concurrent.MutableData.append	append	MutableData	MutableData	Unit	final fun append(kotlin.native.concurrent/MutableData)
function	kotlin.native.concurrent.MutableData.append	append	MutableData	CPointer|Int	Unit	final fun append(kotlinx.cinterop/CPointer<out kotlinx.cinterop/CPointed>?, kotlin/Int)
function	kotlin.native.concurrent.MutableData.append	append	MutableData	ByteArray|Int|Int	Unit	final fun append(kotlin/ByteArray, kotlin/Int = ..., kotlin/Int = ...)
function	kotlin.native.concurrent.MutableData.copyInto	copyInto	MutableData	ByteArray|Int|Int|Int	Unit	final fun copyInto(kotlin/ByteArray, kotlin/Int, kotlin/Int, kotlin/Int)
function	kotlin.native.concurrent.MutableData.get	get	MutableData	Int	Byte	final fun get(kotlin/Int): kotlin/Byte
function	kotlin.native.concurrent.MutableData.reset	reset	MutableData		Unit	final fun reset()
function	kotlin.native.concurrent.MutableData.withBufferLocked	withBufferLocked	MutableData	Function2	#A1	final fun <#A1: kotlin/Any?> withBufferLocked(kotlin/Function2<kotlin/ByteArray, kotlin/Int, #A1>): #A1
function	kotlin.native.concurrent.MutableData.withPointerLocked	withPointerLocked	MutableData	Function2	#A1	final fun <#A1: kotlin/Any?> withPointerLocked(kotlin/Function2<kotlinx.cinterop/CPointer<out kotlinx.cinterop/CPointed>, kotlin/Int, #A1>): #A1
class	kotlin.native.concurrent.ObsoleteWorkersApi	ObsoleteWorkersApi				open annotation class kotlin.native.concurrent/ObsoleteWorkersApi : kotlin/Annotation {
constructor	kotlin.native.concurrent.ObsoleteWorkersApi.<init>	<init>				constructor <init>()
class	kotlin.native.concurrent.SharedImmutable	SharedImmutable				open annotation class kotlin.native.concurrent/SharedImmutable : kotlin/Annotation {
constructor	kotlin.native.concurrent.SharedImmutable.<init>	<init>				constructor <init>()
class	kotlin.native.concurrent.ThreadLocal	ThreadLocal				open annotation class kotlin.native.concurrent/ThreadLocal : kotlin/Annotation {
constructor	kotlin.native.concurrent.ThreadLocal.<init>	<init>				constructor <init>()
enumClass	kotlin.native.concurrent.TransferMode	TransferMode				final enum class kotlin.native.concurrent/TransferMode : kotlin/Enum<kotlin.native.concurrent/TransferMode> {
property	kotlin.native.concurrent.TransferMode.entries	entries	TransferMode		EnumEntries	final val entries
property	kotlin.native.concurrent.TransferMode.value	value	TransferMode		Int	final val value
function	kotlin.native.concurrent.TransferMode.valueOf	valueOf	TransferMode	String	TransferMode	final fun valueOf(kotlin/String): kotlin.native.concurrent/TransferMode
function	kotlin.native.concurrent.TransferMode.values	values	TransferMode		Array	final fun values(): kotlin/Array<kotlin.native.concurrent/TransferMode>
class	kotlin.native.concurrent.Worker	Worker				final value class kotlin.native.concurrent/Worker {
property	kotlin.native.concurrent.Worker.id	id	Worker		Int	final val id
property	kotlin.native.concurrent.Worker.name	name	Worker		String	final val name
property	kotlin.native.concurrent.Worker.platformThreadId	platformThreadId	Worker		ULong	final val platformThreadId
constructor	kotlin.native.concurrent.Worker.<init>	<init>		Int		constructor <init>(kotlin/Int)
function	kotlin.native.concurrent.Worker.asCPointer	asCPointer	Worker		CPointer	final fun asCPointer(): kotlinx.cinterop/CPointer<out kotlinx.cinterop/CPointed>?
function	kotlin.native.concurrent.Worker.equals	equals	Worker	Any	Boolean	final fun equals(kotlin/Any?): kotlin/Boolean
function	kotlin.native.concurrent.Worker.execute	execute	Worker	TransferMode|Function0|Function1	Future	final fun <#A1: kotlin/Any?, #B1: kotlin/Any?> execute(kotlin.native.concurrent/TransferMode, kotlin/Function0<#A1>, kotlin/Function1<#A1, #B1>): kotlin.native.concurrent/Future<#B1>
function	kotlin.native.concurrent.Worker.executeAfter	executeAfter	Worker	Long|Function0	Unit	final fun executeAfter(kotlin/Long = ..., kotlin/Function0<kotlin/Unit>)
function	kotlin.native.concurrent.Worker.hashCode	hashCode	Worker		Int	final fun hashCode(): kotlin/Int
function	kotlin.native.concurrent.Worker.park	park	Worker	Long|Boolean	Boolean	final fun park(kotlin/Long, kotlin/Boolean = ...): kotlin/Boolean
function	kotlin.native.concurrent.Worker.processQueue	processQueue	Worker		Boolean	final fun processQueue(): kotlin/Boolean
function	kotlin.native.concurrent.Worker.requestTermination	requestTermination	Worker	Boolean	Future	final fun requestTermination(kotlin/Boolean = ...): kotlin.native.concurrent/Future<kotlin/Unit>
function	kotlin.native.concurrent.Worker.toString	toString	Worker		String	final fun toString(): kotlin/String
object	kotlin.native.concurrent.Worker.Companion	Companion				final object Companion {
property	kotlin.native.concurrent.Worker.Companion.activeWorkers	activeWorkers	Companion		List	final val activeWorkers
property	kotlin.native.concurrent.Worker.Companion.current	current	Companion		Worker	final val current
function	kotlin.native.concurrent.Worker.Companion.fromCPointer	fromCPointer	Companion	CPointer	Worker	final fun fromCPointer(kotlinx.cinterop/CPointer<out kotlinx.cinterop/CPointed>?): kotlin.native.concurrent/Worker
function	kotlin.native.concurrent.Worker.Companion.start	start	Companion	Boolean|String	Worker	final fun start(kotlin/Boolean = ..., kotlin/String? = ...): kotlin.native.concurrent/Worker
class	kotlin.native.concurrent.WorkerBoundReference	WorkerBoundReference				final class <#A: out kotlin/Any> kotlin.native.concurrent/WorkerBoundReference {
property	kotlin.native.concurrent.WorkerBoundReference.value	value	WorkerBoundReference		#A	final val value
property	kotlin.native.concurrent.WorkerBoundReference.valueOrNull	valueOrNull	WorkerBoundReference		#A	final val valueOrNull
property	kotlin.native.concurrent.WorkerBoundReference.worker	worker	WorkerBoundReference		Worker	final val worker
constructor	kotlin.native.concurrent.WorkerBoundReference.<init>	<init>				constructor <init>(#A)
class	kotlin.native.ref.WeakReference	WeakReference				final class <#A: kotlin/Any> kotlin.native.ref/WeakReference {
property	kotlin.native.ref.WeakReference.pointer	pointer	WeakReference		WeakReferenceImpl	final var pointer
property	kotlin.native.ref.WeakReference.value	value	WeakReference		#A	final val value
constructor	kotlin.native.ref.WeakReference.<init>	<init>				constructor <init>(#A)
function	kotlin.native.ref.WeakReference.clear	clear	WeakReference		Unit	final fun clear()
function	kotlin.native.ref.WeakReference.get	get	WeakReference		#A	final fun get(): #A?
class	kotlin.native.ref.WeakReferenceImpl	WeakReferenceImpl				abstract class kotlin.native.ref/WeakReferenceImpl {
constructor	kotlin.native.ref.WeakReferenceImpl.<init>	<init>				constructor <init>()
function	kotlin.native.ref.WeakReferenceImpl.get	get	WeakReferenceImpl		Any	abstract fun get(): kotlin/Any?
object	kotlin.native.runtime.Debugging	Debugging				final object kotlin.native.runtime/Debugging {
property	kotlin.native.runtime.Debugging.forceCheckedShutdown	forceCheckedShutdown	Debugging		Boolean	final var forceCheckedShutdown
property	kotlin.native.runtime.Debugging.isThreadStateRunnable	isThreadStateRunnable	Debugging		Boolean	final val isThreadStateRunnable
function	kotlin.native.runtime.Debugging.dumpMemory	dumpMemory	Debugging	Long	Boolean	final fun dumpMemory(kotlin/Long): kotlin/Boolean
object	kotlin.native.runtime.GC	GC				final object kotlin.native.runtime/GC {
property	kotlin.native.runtime.GC.autotune	autotune	GC		Boolean	final var autotune
property	kotlin.native.runtime.GC.collectCyclesThreshold	collectCyclesThreshold	GC		Long	final var collectCyclesThreshold
property	kotlin.native.runtime.GC.cyclicCollectorEnabled	cyclicCollectorEnabled	GC		Boolean	final var cyclicCollectorEnabled
property	kotlin.native.runtime.GC.heapTriggerCoefficient	heapTriggerCoefficient	GC		Double	final var heapTriggerCoefficient
property	kotlin.native.runtime.GC.lastGCInfo	lastGCInfo	GC		GCInfo	final val lastGCInfo
property	kotlin.native.runtime.GC.maxHeapBytes	maxHeapBytes	GC		Long	final var maxHeapBytes
property	kotlin.native.runtime.GC.minHeapBytes	minHeapBytes	GC		Long	final var minHeapBytes
property	kotlin.native.runtime.GC.pauseOnTargetHeapOverflow	pauseOnTargetHeapOverflow	GC		Boolean	final var pauseOnTargetHeapOverflow
property	kotlin.native.runtime.GC.regularGCInterval	regularGCInterval	GC		Duration	final var regularGCInterval
property	kotlin.native.runtime.GC.targetHeapBytes	targetHeapBytes	GC		Long	final var targetHeapBytes
property	kotlin.native.runtime.GC.targetHeapUtilization	targetHeapUtilization	GC		Double	final var targetHeapUtilization
property	kotlin.native.runtime.GC.threshold	threshold	GC		Int	final var threshold
property	kotlin.native.runtime.GC.thresholdAllocations	thresholdAllocations	GC		Long	final var thresholdAllocations
function	kotlin.native.runtime.GC.collect	collect	GC		Unit	final fun collect()
function	kotlin.native.runtime.GC.collectCyclic	collectCyclic	GC		Unit	final fun collectCyclic()
function	kotlin.native.runtime.GC.detectCycles	detectCycles	GC		Array	final fun detectCycles(): kotlin/Array<kotlin/Any>?
function	kotlin.native.runtime.GC.findCycle	findCycle	GC	Any	Array	final fun findCycle(kotlin/Any): kotlin/Array<kotlin/Any>?
function	kotlin.native.runtime.GC.resume	resume	GC		Unit	final fun resume()
function	kotlin.native.runtime.GC.schedule	schedule	GC		Unit	final fun schedule()
function	kotlin.native.runtime.GC.start	start	GC		Unit	final fun start()
function	kotlin.native.runtime.GC.stop	stop	GC		Unit	final fun stop()
function	kotlin.native.runtime.GC.suspend	suspend	GC		Unit	final fun suspend()
object	kotlin.native.runtime.GC.MainThreadFinalizerProcessor	MainThreadFinalizerProcessor				final object MainThreadFinalizerProcessor {
property	kotlin.native.runtime.GC.MainThreadFinalizerProcessor.available	available	MainThreadFinalizerProcessor		Boolean	final val available
property	kotlin.native.runtime.GC.MainThreadFinalizerProcessor.batchSize	batchSize	MainThreadFinalizerProcessor		ULong	final var batchSize
property	kotlin.native.runtime.GC.MainThreadFinalizerProcessor.maxTimeInTask	maxTimeInTask	MainThreadFinalizerProcessor		Duration	final var maxTimeInTask
property	kotlin.native.runtime.GC.MainThreadFinalizerProcessor.minTimeBetweenTasks	minTimeBetweenTasks	MainThreadFinalizerProcessor		Duration	final var minTimeBetweenTasks
class	kotlin.native.runtime.GCInfo	GCInfo				final class kotlin.native.runtime/GCInfo {
property	kotlin.native.runtime.GCInfo.endTimeNs	endTimeNs	GCInfo		Long	final val endTimeNs
property	kotlin.native.runtime.GCInfo.epoch	epoch	GCInfo		Long	final val epoch
property	kotlin.native.runtime.GCInfo.firstPauseEndTimeNs	firstPauseEndTimeNs	GCInfo		Long	final val firstPauseEndTimeNs
property	kotlin.native.runtime.GCInfo.firstPauseRequestTimeNs	firstPauseRequestTimeNs	GCInfo		Long	final val firstPauseRequestTimeNs
property	kotlin.native.runtime.GCInfo.firstPauseStartTimeNs	firstPauseStartTimeNs	GCInfo		Long	final val firstPauseStartTimeNs
property	kotlin.native.runtime.GCInfo.markedCount	markedCount	GCInfo		Long	final val markedCount
property	kotlin.native.runtime.GCInfo.memoryUsageAfter	memoryUsageAfter	GCInfo		Map	final val memoryUsageAfter
property	kotlin.native.runtime.GCInfo.memoryUsageBefore	memoryUsageBefore	GCInfo		Map	final val memoryUsageBefore
property	kotlin.native.runtime.GCInfo.postGcCleanupTimeNs	postGcCleanupTimeNs	GCInfo		Long	final val postGcCleanupTimeNs
property	kotlin.native.runtime.GCInfo.rootSet	rootSet	GCInfo		RootSetStatistics	final val rootSet
property	kotlin.native.runtime.GCInfo.secondPauseEndTimeNs	secondPauseEndTimeNs	GCInfo		Long	final val secondPauseEndTimeNs
property	kotlin.native.runtime.GCInfo.secondPauseRequestTimeNs	secondPauseRequestTimeNs	GCInfo		Long	final val secondPauseRequestTimeNs
property	kotlin.native.runtime.GCInfo.secondPauseStartTimeNs	secondPauseStartTimeNs	GCInfo		Long	final val secondPauseStartTimeNs
property	kotlin.native.runtime.GCInfo.startTimeNs	startTimeNs	GCInfo		Long	final val startTimeNs
property	kotlin.native.runtime.GCInfo.sweepStatistics	sweepStatistics	GCInfo		Map	final val sweepStatistics
constructor	kotlin.native.runtime.GCInfo.<init>	<init>		Long|Long|Long|Long|Long|Long|Long|Long|Long|Long|RootSetStatistics|Long|Map|Map|Map		constructor <init>(kotlin/Long, kotlin/Long, kotlin/Long, kotlin/Long, kotlin/Long, kotlin/Long, kotlin/Long?, kotlin/Long?, kotlin/Long?, kotlin/Long?, kotlin.native.runtime/RootSetStatistics, kotlin/Long, kotlin.collections/Map<kotlin/String, kotlin.native.runtime/SweepStatistics>, kotlin.collections/Map<kotlin/String, kotlin.native.runtime/MemoryUsage>, kotlin.collections/Map<kotlin/String, kotlin.native.runtime/MemoryUsage>)
class	kotlin.native.runtime.MemoryUsage	MemoryUsage				final class kotlin.native.runtime/MemoryUsage {
property	kotlin.native.runtime.MemoryUsage.totalObjectsSizeBytes	totalObjectsSizeBytes	MemoryUsage		Long	final val totalObjectsSizeBytes
constructor	kotlin.native.runtime.MemoryUsage.<init>	<init>		Long		constructor <init>(kotlin/Long)
class	kotlin.native.runtime.NativeRuntimeApi	NativeRuntimeApi				open annotation class kotlin.native.runtime/NativeRuntimeApi : kotlin/Annotation {
constructor	kotlin.native.runtime.NativeRuntimeApi.<init>	<init>				constructor <init>()
class	kotlin.native.runtime.RootSetStatistics	RootSetStatistics				final class kotlin.native.runtime/RootSetStatistics {
property	kotlin.native.runtime.RootSetStatistics.globalReferences	globalReferences	RootSetStatistics		Long	final val globalReferences
property	kotlin.native.runtime.RootSetStatistics.stableReferences	stableReferences	RootSetStatistics		Long	final val stableReferences
property	kotlin.native.runtime.RootSetStatistics.stackReferences	stackReferences	RootSetStatistics		Long	final val stackReferences
property	kotlin.native.runtime.RootSetStatistics.threadLocalReferences	threadLocalReferences	RootSetStatistics		Long	final val threadLocalReferences
constructor	kotlin.native.runtime.RootSetStatistics.<init>	<init>		Long|Long|Long|Long		constructor <init>(kotlin/Long, kotlin/Long, kotlin/Long, kotlin/Long)
class	kotlin.native.runtime.SweepStatistics	SweepStatistics				final class kotlin.native.runtime/SweepStatistics {
property	kotlin.native.runtime.SweepStatistics.keptCount	keptCount	SweepStatistics		Long	final val keptCount
property	kotlin.native.runtime.SweepStatistics.sweptCount	sweptCount	SweepStatistics		Long	final val sweptCount
constructor	kotlin.native.runtime.SweepStatistics.<init>	<init>		Long|Long		constructor <init>(kotlin/Long, kotlin/Long)
object	kotlin.properties.Delegates	Delegates				final object kotlin.properties/Delegates {
function	kotlin.properties.Delegates.notNull	notNull	Delegates		ReadWriteProperty	final fun <#A1: kotlin/Any> notNull(): kotlin.properties/ReadWriteProperty<kotlin/Any?, #A1>
function	kotlin.properties.Delegates.observable	observable	Delegates	|Function3	ReadWriteProperty	final inline fun <#A1: kotlin/Any?> observable(#A1, crossinline kotlin/Function3<kotlin.reflect/KProperty<*>, #A1, #A1, kotlin/Unit>): kotlin.properties/ReadWriteProperty<kotlin/Any?, #A1>
function	kotlin.properties.Delegates.vetoable	vetoable	Delegates	|Function3	ReadWriteProperty	final inline fun <#A1: kotlin/Any?> vetoable(#A1, crossinline kotlin/Function3<kotlin.reflect/KProperty<*>, #A1, #A1, kotlin/Boolean>): kotlin.properties/ReadWriteProperty<kotlin/Any?, #A1>
class	kotlin.properties.ObservableProperty	ObservableProperty				abstract class <#A: kotlin/Any?> kotlin.properties/ObservableProperty : kotlin.properties/ReadWriteProperty<kotlin/Any?, #A> {
constructor	kotlin.properties.ObservableProperty.<init>	<init>				constructor <init>(#A)
function	kotlin.properties.ObservableProperty.afterChange	afterChange	ObservableProperty	KProperty||	Unit	open fun afterChange(kotlin.reflect/KProperty<*>, #A, #A)
function	kotlin.properties.ObservableProperty.beforeChange	beforeChange	ObservableProperty	KProperty||	Boolean	open fun beforeChange(kotlin.reflect/KProperty<*>, #A, #A): kotlin/Boolean
function	kotlin.properties.ObservableProperty.getValue	getValue	ObservableProperty	Any|KProperty	#A	open fun getValue(kotlin/Any?, kotlin.reflect/KProperty<*>): #A
function	kotlin.properties.ObservableProperty.setValue	setValue	ObservableProperty	Any|KProperty|	Unit	open fun setValue(kotlin/Any?, kotlin.reflect/KProperty<*>, #A)
function	kotlin.properties.ObservableProperty.toString	toString	ObservableProperty		String	open fun toString(): kotlin/String
function	kotlin.properties.PropertyDelegateProvider	PropertyDelegateProvider			Unit	abstract fun interface <#A: in kotlin/Any?, #B: out kotlin/Any?> kotlin.properties/PropertyDelegateProvider {
function	kotlin.properties.PropertyDelegateProvider.provideDelegate	provideDelegate	PropertyDelegateProvider	|KProperty	#B	abstract fun provideDelegate(#A, kotlin.reflect/KProperty<*>): #B
function	kotlin.properties.ReadOnlyProperty	ReadOnlyProperty			Unit	abstract fun interface <#A: in kotlin/Any?, #B: out kotlin/Any?> kotlin.properties/ReadOnlyProperty {
function	kotlin.properties.ReadOnlyProperty.getValue	getValue	ReadOnlyProperty	|KProperty	#B	abstract fun getValue(#A, kotlin.reflect/KProperty<*>): #B
function	kotlin.properties.ReadWriteProperty.getValue	getValue	ReadWriteProperty	|KProperty	#B	abstract fun getValue(#A, kotlin.reflect/KProperty<*>): #B
constructor	kotlin.random.Random.<init>	<init>				constructor <init>()
object	kotlin.random.Random.Default	Default				final object Default : kotlin.io/Serializable, kotlin.random/Random {
class	kotlin.ranges.CharProgression	CharProgression				open class kotlin.ranges/CharProgression : kotlin.collections/Iterable<kotlin/Char> {
property	kotlin.ranges.CharProgression.first	first	CharProgression		Char	final val first
property	kotlin.ranges.CharProgression.last	last	CharProgression		Char	final val last
property	kotlin.ranges.CharProgression.step	step	CharProgression		Int	final val step
function	kotlin.ranges.CharProgression.equals	equals	CharProgression	Any	Boolean	open fun equals(kotlin/Any?): kotlin/Boolean
function	kotlin.ranges.CharProgression.hashCode	hashCode	CharProgression		Int	open fun hashCode(): kotlin/Int
function	kotlin.ranges.CharProgression.iterator	iterator	CharProgression		CharIterator	open fun iterator(): kotlin.collections/CharIterator
function	kotlin.ranges.CharProgression.toString	toString	CharProgression		String	open fun toString(): kotlin/String
object	kotlin.ranges.CharProgression.Companion	Companion				final object Companion {
class	kotlin.ranges.CharRange	CharRange				final class kotlin.ranges/CharRange : kotlin.ranges/CharProgression, kotlin.ranges/ClosedRange<kotlin/Char>, kotlin.ranges/OpenEndRange<kotlin/Char> {
property	kotlin.ranges.CharRange.endExclusive	endExclusive	CharRange		Char	final val endExclusive
property	kotlin.ranges.CharRange.endInclusive	endInclusive	CharRange		Char	final val endInclusive
property	kotlin.ranges.CharRange.start	start	CharRange		Char	final val start
constructor	kotlin.ranges.CharRange.<init>	<init>		Char|Char		constructor <init>(kotlin/Char, kotlin/Char)
function	kotlin.ranges.CharRange.equals	equals	CharRange	Any	Boolean	final fun equals(kotlin/Any?): kotlin/Boolean
function	kotlin.ranges.CharRange.hashCode	hashCode	CharRange		Int	final fun hashCode(): kotlin/Int
function	kotlin.ranges.CharRange.toString	toString	CharRange		String	final fun toString(): kotlin/String
object	kotlin.ranges.CharRange.Companion	Companion				final object Companion {
property	kotlin.ranges.CharRange.Companion.EMPTY	EMPTY	Companion		CharRange	final val EMPTY
function	kotlin.ranges.ClosedFloatingPointRange.contains	contains	ClosedFloatingPointRange		Boolean	open fun contains(#A): kotlin/Boolean
function	kotlin.ranges.ClosedFloatingPointRange.isEmpty	isEmpty	ClosedFloatingPointRange		Boolean	open fun isEmpty(): kotlin/Boolean
function	kotlin.ranges.ClosedFloatingPointRange.lessThanOrEquals	lessThanOrEquals	ClosedFloatingPointRange	|	Boolean	abstract fun lessThanOrEquals(#A, #A): kotlin/Boolean
property	kotlin.ranges.ClosedRange.endInclusive	endInclusive	ClosedRange		#A	abstract val endInclusive
property	kotlin.ranges.ClosedRange.start	start	ClosedRange		#A	abstract val start
function	kotlin.ranges.ClosedRange.contains	contains	ClosedRange		Boolean	open fun contains(#A): kotlin/Boolean
function	kotlin.ranges.ClosedRange.isEmpty	isEmpty	ClosedRange		Boolean	open fun isEmpty(): kotlin/Boolean
class	kotlin.ranges.IntProgression	IntProgression				open class kotlin.ranges/IntProgression : kotlin.collections/Iterable<kotlin/Int> {
property	kotlin.ranges.IntProgression.first	first	IntProgression		Int	final val first
property	kotlin.ranges.IntProgression.last	last	IntProgression		Int	final val last
property	kotlin.ranges.IntProgression.step	step	IntProgression		Int	final val step
function	kotlin.ranges.IntProgression.equals	equals	IntProgression	Any	Boolean	open fun equals(kotlin/Any?): kotlin/Boolean
function	kotlin.ranges.IntProgression.hashCode	hashCode	IntProgression		Int	open fun hashCode(): kotlin/Int
function	kotlin.ranges.IntProgression.iterator	iterator	IntProgression		IntIterator	open fun iterator(): kotlin.collections/IntIterator
function	kotlin.ranges.IntProgression.toString	toString	IntProgression		String	open fun toString(): kotlin/String
object	kotlin.ranges.IntProgression.Companion	Companion				final object Companion {
class	kotlin.ranges.IntRange	IntRange				final class kotlin.ranges/IntRange : kotlin.ranges/ClosedRange<kotlin/Int>, kotlin.ranges/IntProgression, kotlin.ranges/OpenEndRange<kotlin/Int> {
property	kotlin.ranges.IntRange.endExclusive	endExclusive	IntRange		Int	final val endExclusive
property	kotlin.ranges.IntRange.endInclusive	endInclusive	IntRange		Int	final val endInclusive
property	kotlin.ranges.IntRange.start	start	IntRange		Int	final val start
constructor	kotlin.ranges.IntRange.<init>	<init>		Int|Int		constructor <init>(kotlin/Int, kotlin/Int)
function	kotlin.ranges.IntRange.equals	equals	IntRange	Any	Boolean	final fun equals(kotlin/Any?): kotlin/Boolean
function	kotlin.ranges.IntRange.hashCode	hashCode	IntRange		Int	final fun hashCode(): kotlin/Int
function	kotlin.ranges.IntRange.toString	toString	IntRange		String	final fun toString(): kotlin/String
object	kotlin.ranges.IntRange.Companion	Companion				final object Companion {
property	kotlin.ranges.IntRange.Companion.EMPTY	EMPTY	Companion		IntRange	final val EMPTY
class	kotlin.ranges.LongProgression	LongProgression				open class kotlin.ranges/LongProgression : kotlin.collections/Iterable<kotlin/Long> {
property	kotlin.ranges.LongProgression.first	first	LongProgression		Long	final val first
property	kotlin.ranges.LongProgression.last	last	LongProgression		Long	final val last
property	kotlin.ranges.LongProgression.step	step	LongProgression		Long	final val step
function	kotlin.ranges.LongProgression.equals	equals	LongProgression	Any	Boolean	open fun equals(kotlin/Any?): kotlin/Boolean
function	kotlin.ranges.LongProgression.hashCode	hashCode	LongProgression		Int	open fun hashCode(): kotlin/Int
function	kotlin.ranges.LongProgression.iterator	iterator	LongProgression		LongIterator	open fun iterator(): kotlin.collections/LongIterator
function	kotlin.ranges.LongProgression.toString	toString	LongProgression		String	open fun toString(): kotlin/String
object	kotlin.ranges.LongProgression.Companion	Companion				final object Companion {
function	kotlin.ranges.LongProgression.Companion.fromClosedRange	fromClosedRange	Companion	Long|Long|Long	LongProgression	final fun fromClosedRange(kotlin/Long, kotlin/Long, kotlin/Long): kotlin.ranges/LongProgression
class	kotlin.ranges.LongRange	LongRange				final class kotlin.ranges/LongRange : kotlin.ranges/ClosedRange<kotlin/Long>, kotlin.ranges/LongProgression, kotlin.ranges/OpenEndRange<kotlin/Long> {
property	kotlin.ranges.LongRange.endExclusive	endExclusive	LongRange		Long	final val endExclusive
property	kotlin.ranges.LongRange.endInclusive	endInclusive	LongRange		Long	final val endInclusive
property	kotlin.ranges.LongRange.start	start	LongRange		Long	final val start
constructor	kotlin.ranges.LongRange.<init>	<init>		Long|Long		constructor <init>(kotlin/Long, kotlin/Long)
function	kotlin.ranges.LongRange.equals	equals	LongRange	Any	Boolean	final fun equals(kotlin/Any?): kotlin/Boolean
function	kotlin.ranges.LongRange.hashCode	hashCode	LongRange		Int	final fun hashCode(): kotlin/Int
function	kotlin.ranges.LongRange.toString	toString	LongRange		String	final fun toString(): kotlin/String
object	kotlin.ranges.LongRange.Companion	Companion				final object Companion {
property	kotlin.ranges.LongRange.Companion.EMPTY	EMPTY	Companion		LongRange	final val EMPTY
property	kotlin.ranges.OpenEndRange.endExclusive	endExclusive	OpenEndRange		#A	abstract val endExclusive
property	kotlin.ranges.OpenEndRange.start	start	OpenEndRange		#A	abstract val start
function	kotlin.ranges.OpenEndRange.contains	contains	OpenEndRange		Boolean	open fun contains(#A): kotlin/Boolean
function	kotlin.ranges.OpenEndRange.isEmpty	isEmpty	OpenEndRange		Boolean	open fun isEmpty(): kotlin/Boolean
class	kotlin.ranges.UIntProgression	UIntProgression				open class kotlin.ranges/UIntProgression : kotlin.collections/Iterable<kotlin/UInt> {
property	kotlin.ranges.UIntProgression.first	first	UIntProgression		UInt	final val first
property	kotlin.ranges.UIntProgression.last	last	UIntProgression		UInt	final val last
property	kotlin.ranges.UIntProgression.step	step	UIntProgression		Int	final val step
function	kotlin.ranges.UIntProgression.equals	equals	UIntProgression	Any	Boolean	open fun equals(kotlin/Any?): kotlin/Boolean
function	kotlin.ranges.UIntProgression.hashCode	hashCode	UIntProgression		Int	open fun hashCode(): kotlin/Int
function	kotlin.ranges.UIntProgression.toString	toString	UIntProgression		String	open fun toString(): kotlin/String
object	kotlin.ranges.UIntProgression.Companion	Companion				final object Companion {
class	kotlin.ranges.UIntRange	UIntRange				final class kotlin.ranges/UIntRange : kotlin.ranges/ClosedRange<kotlin/UInt>, kotlin.ranges/OpenEndRange<kotlin/UInt>, kotlin.ranges/UIntProgression {
property	kotlin.ranges.UIntRange.endExclusive	endExclusive	UIntRange		UInt	final val endExclusive
property	kotlin.ranges.UIntRange.endInclusive	endInclusive	UIntRange		UInt	final val endInclusive
property	kotlin.ranges.UIntRange.start	start	UIntRange		UInt	final val start
constructor	kotlin.ranges.UIntRange.<init>	<init>		UInt|UInt		constructor <init>(kotlin/UInt, kotlin/UInt)
function	kotlin.ranges.UIntRange.equals	equals	UIntRange	Any	Boolean	final fun equals(kotlin/Any?): kotlin/Boolean
function	kotlin.ranges.UIntRange.hashCode	hashCode	UIntRange		Int	final fun hashCode(): kotlin/Int
function	kotlin.ranges.UIntRange.toString	toString	UIntRange		String	final fun toString(): kotlin/String
object	kotlin.ranges.UIntRange.Companion	Companion				final object Companion {
property	kotlin.ranges.UIntRange.Companion.EMPTY	EMPTY	Companion		UIntRange	final val EMPTY
class	kotlin.ranges.ULongProgression	ULongProgression				open class kotlin.ranges/ULongProgression : kotlin.collections/Iterable<kotlin/ULong> {
property	kotlin.ranges.ULongProgression.first	first	ULongProgression		ULong	final val first
property	kotlin.ranges.ULongProgression.last	last	ULongProgression		ULong	final val last
property	kotlin.ranges.ULongProgression.step	step	ULongProgression		Long	final val step
function	kotlin.ranges.ULongProgression.equals	equals	ULongProgression	Any	Boolean	open fun equals(kotlin/Any?): kotlin/Boolean
function	kotlin.ranges.ULongProgression.hashCode	hashCode	ULongProgression		Int	open fun hashCode(): kotlin/Int
function	kotlin.ranges.ULongProgression.toString	toString	ULongProgression		String	open fun toString(): kotlin/String
object	kotlin.ranges.ULongProgression.Companion	Companion				final object Companion {
function	kotlin.ranges.ULongProgression.Companion.fromClosedRange	fromClosedRange	Companion	ULong|ULong|Long	ULongProgression	final fun fromClosedRange(kotlin/ULong, kotlin/ULong, kotlin/Long): kotlin.ranges/ULongProgression
class	kotlin.ranges.ULongRange	ULongRange				final class kotlin.ranges/ULongRange : kotlin.ranges/ClosedRange<kotlin/ULong>, kotlin.ranges/OpenEndRange<kotlin/ULong>, kotlin.ranges/ULongProgression {
property	kotlin.ranges.ULongRange.endExclusive	endExclusive	ULongRange		ULong	final val endExclusive
property	kotlin.ranges.ULongRange.endInclusive	endInclusive	ULongRange		ULong	final val endInclusive
property	kotlin.ranges.ULongRange.start	start	ULongRange		ULong	final val start
constructor	kotlin.ranges.ULongRange.<init>	<init>		ULong|ULong		constructor <init>(kotlin/ULong, kotlin/ULong)
function	kotlin.ranges.ULongRange.equals	equals	ULongRange	Any	Boolean	final fun equals(kotlin/Any?): kotlin/Boolean
function	kotlin.ranges.ULongRange.hashCode	hashCode	ULongRange		Int	final fun hashCode(): kotlin/Int
function	kotlin.ranges.ULongRange.toString	toString	ULongRange		String	final fun toString(): kotlin/String
object	kotlin.ranges.ULongRange.Companion	Companion				final object Companion {
property	kotlin.ranges.ULongRange.Companion.EMPTY	EMPTY	Companion		ULongRange	final val EMPTY
class	kotlin.reflect.AssociatedObjectKey	AssociatedObjectKey				open annotation class kotlin.reflect/AssociatedObjectKey : kotlin/Annotation {
constructor	kotlin.reflect.AssociatedObjectKey.<init>	<init>				constructor <init>()
class	kotlin.reflect.ExperimentalAssociatedObjects	ExperimentalAssociatedObjects				open annotation class kotlin.reflect/ExperimentalAssociatedObjects : kotlin/Annotation {
constructor	kotlin.reflect.ExperimentalAssociatedObjects.<init>	<init>				constructor <init>()
interface	kotlin.reflect.KAnnotatedElement	KAnnotatedElement				abstract interface kotlin.reflect/KAnnotatedElement
interface	kotlin.reflect.KCallable	KCallable				abstract interface <#A: out kotlin/Any?> kotlin.reflect/KCallable : kotlin.reflect/KAnnotatedElement {
property	kotlin.reflect.KCallable.name	name	KCallable		String	abstract val name
property	kotlin.reflect.KCallable.returnType	returnType	KCallable		KType	abstract val returnType
interface	kotlin.reflect.KClass	KClass				abstract interface <#A: kotlin/Any> kotlin.reflect/KClass : kotlin.reflect/KAnnotatedElement, kotlin.reflect/KClassifier, kotlin.reflect/KDeclarationContainer {
property	kotlin.reflect.KClass.qualifiedName	qualifiedName	KClass		String	abstract val qualifiedName
property	kotlin.reflect.KClass.simpleName	simpleName	KClass		String	abstract val simpleName
function	kotlin.reflect.KClass.equals	equals	KClass	Any	Boolean	abstract fun equals(kotlin/Any?): kotlin/Boolean
function	kotlin.reflect.KClass.hashCode	hashCode	KClass		Int	abstract fun hashCode(): kotlin/Int
interface	kotlin.reflect.KClassifier	KClassifier				abstract interface kotlin.reflect/KClassifier
interface	kotlin.reflect.KDeclarationContainer	KDeclarationContainer				abstract interface kotlin.reflect/KDeclarationContainer
interface	kotlin.reflect.KFunction	KFunction				abstract interface <#A: out kotlin/Any?> kotlin.reflect/KFunction : kotlin.reflect/KCallable<#A>, kotlin/Function<#A>
interface	kotlin.reflect.KMutableProperty	KMutableProperty				abstract interface <#A: kotlin/Any?> kotlin.reflect/KMutableProperty : kotlin.reflect/KProperty<#A>
interface	kotlin.reflect.KProperty	KProperty				abstract interface <#A: out kotlin/Any?> kotlin.reflect/KProperty : kotlin.reflect/KCallable<#A>
function	kotlin.reflect.KProperty0.get	get	KProperty0		#A	abstract fun get(): #A
function	kotlin.reflect.KProperty0.invoke	invoke	KProperty0		#A	abstract fun invoke(): #A
function	kotlin.reflect.KProperty1.get	get	KProperty1		#B	abstract fun get(#A): #B
function	kotlin.reflect.KProperty1.invoke	invoke	KProperty1		#B	abstract fun invoke(#A): #B
function	kotlin.reflect.KProperty2.get	get	KProperty2	|	#C	abstract fun get(#A, #B): #C
function	kotlin.reflect.KProperty2.invoke	invoke	KProperty2	|	#C	abstract fun invoke(#A, #B): #C
interface	kotlin.reflect.KType	KType				abstract interface kotlin.reflect/KType {
property	kotlin.reflect.KType.arguments	arguments	KType		List	abstract val arguments
property	kotlin.reflect.KType.classifier	classifier	KType		KClassifier	abstract val classifier
property	kotlin.reflect.KType.isMarkedNullable	isMarkedNullable	KType		Boolean	abstract val isMarkedNullable
interface	kotlin.reflect.KTypeParameter	KTypeParameter				abstract interface kotlin.reflect/KTypeParameter : kotlin.reflect/KClassifier {
property	kotlin.reflect.KTypeParameter.isReified	isReified	KTypeParameter		Boolean	abstract val isReified
property	kotlin.reflect.KTypeParameter.name	name	KTypeParameter		String	abstract val name
property	kotlin.reflect.KTypeParameter.upperBounds	upperBounds	KTypeParameter		List	abstract val upperBounds
property	kotlin.reflect.KTypeParameter.variance	variance	KTypeParameter		KVariance	abstract val variance
class	kotlin.reflect.KTypeProjection	KTypeProjection				final class kotlin.reflect/KTypeProjection {
property	kotlin.reflect.KTypeProjection.type	type	KTypeProjection		KType	final val type
property	kotlin.reflect.KTypeProjection.variance	variance	KTypeProjection		KVariance	final val variance
constructor	kotlin.reflect.KTypeProjection.<init>	<init>		KVariance|KType		constructor <init>(kotlin.reflect/KVariance?, kotlin.reflect/KType?)
function	kotlin.reflect.KTypeProjection.component1	component1	KTypeProjection		KVariance	final fun component1(): kotlin.reflect/KVariance?
function	kotlin.reflect.KTypeProjection.component2	component2	KTypeProjection		KType	final fun component2(): kotlin.reflect/KType?
function	kotlin.reflect.KTypeProjection.copy	copy	KTypeProjection	KVariance|KType	KTypeProjection	final fun copy(kotlin.reflect/KVariance? = ..., kotlin.reflect/KType? = ...): kotlin.reflect/KTypeProjection
function	kotlin.reflect.KTypeProjection.equals	equals	KTypeProjection	Any	Boolean	final fun equals(kotlin/Any?): kotlin/Boolean
function	kotlin.reflect.KTypeProjection.hashCode	hashCode	KTypeProjection		Int	final fun hashCode(): kotlin/Int
function	kotlin.reflect.KTypeProjection.toString	toString	KTypeProjection		String	final fun toString(): kotlin/String
object	kotlin.reflect.KTypeProjection.Companion	Companion				final object Companion {
property	kotlin.reflect.KTypeProjection.Companion.STAR	STAR	Companion		KTypeProjection	final val STAR
property	kotlin.reflect.KTypeProjection.Companion.star	star	Companion		KTypeProjection	final val star
function	kotlin.reflect.KTypeProjection.Companion.contravariant	contravariant	Companion	KType	KTypeProjection	final fun contravariant(kotlin.reflect/KType): kotlin.reflect/KTypeProjection
function	kotlin.reflect.KTypeProjection.Companion.covariant	covariant	Companion	KType	KTypeProjection	final fun covariant(kotlin.reflect/KType): kotlin.reflect/KTypeProjection
function	kotlin.reflect.KTypeProjection.Companion.invariant	invariant	Companion	KType	KTypeProjection	final fun invariant(kotlin.reflect/KType): kotlin.reflect/KTypeProjection
enumClass	kotlin.reflect.KVariance	KVariance				final enum class kotlin.reflect/KVariance : kotlin/Enum<kotlin.reflect/KVariance> {
property	kotlin.reflect.KVariance.entries	entries	KVariance		EnumEntries	final val entries
function	kotlin.reflect.KVariance.valueOf	valueOf	KVariance	String	KVariance	final fun valueOf(kotlin/String): kotlin.reflect/KVariance
function	kotlin.reflect.KVariance.values	values	KVariance		Array	final fun values(): kotlin/Array<kotlin.reflect/KVariance>
class	kotlin.sequences.SequenceScope	SequenceScope				abstract class <#A: in kotlin/Any?> kotlin.sequences/SequenceScope {
function	kotlin.sequences.SequenceScope.yield	yield	SequenceScope		Unit	abstract suspend fun yield(#A)
function	kotlin.sequences.SequenceScope.yieldAll	yieldAll	SequenceScope	Iterator	Unit	abstract suspend fun yieldAll(kotlin.collections/Iterator<#A>)
function	kotlin.sequences.SequenceScope.yieldAll	yieldAll	SequenceScope	Iterable	Unit	final suspend fun yieldAll(kotlin.collections/Iterable<#A>)
function	kotlin.sequences.SequenceScope.yieldAll	yieldAll	SequenceScope	Sequence	Unit	final suspend fun yieldAll(kotlin.sequences/Sequence<#A>)
interface	kotlin.text.Appendable	Appendable				abstract interface kotlin.text/Appendable {
function	kotlin.text.Appendable.append	append	Appendable	Char	Appendable	abstract fun append(kotlin/Char): kotlin.text/Appendable
function	kotlin.text.Appendable.append	append	Appendable	CharSequence	Appendable	abstract fun append(kotlin/CharSequence?): kotlin.text/Appendable
function	kotlin.text.Appendable.append	append	Appendable	CharSequence|Int|Int	Appendable	abstract fun append(kotlin/CharSequence?, kotlin/Int, kotlin/Int): kotlin.text/Appendable
enumClass	kotlin.text.CharCategory	CharCategory				final enum class kotlin.text/CharCategory : kotlin/Enum<kotlin.text/CharCategory> {
property	kotlin.text.CharCategory.code	code	CharCategory		String	final val code
property	kotlin.text.CharCategory.entries	entries	CharCategory		EnumEntries	final val entries
function	kotlin.text.CharCategory.contains	contains	CharCategory	Char	Boolean	final fun contains(kotlin/Char): kotlin/Boolean
function	kotlin.text.CharCategory.valueOf	valueOf	CharCategory	String	CharCategory	final fun valueOf(kotlin/String): kotlin.text/CharCategory
function	kotlin.text.CharCategory.values	values	CharCategory		Array	final fun values(): kotlin/Array<kotlin.text/CharCategory>
object	kotlin.text.CharCategory.Companion	Companion				final object Companion
constructor	kotlin.text.CharacterCodingException.<init>	<init>				constructor <init>()
constructor	kotlin.text.CharacterCodingException.<init>	<init>		String		constructor <init>(kotlin/String?)
property	kotlin.text.HexFormat.bytes	bytes	HexFormat		BytesHexFormat	final val bytes
property	kotlin.text.HexFormat.number	number	HexFormat		NumberHexFormat	final val number
property	kotlin.text.HexFormat.upperCase	upperCase	HexFormat		Boolean	final val upperCase
function	kotlin.text.HexFormat.toString	toString	HexFormat		String	final fun toString(): kotlin/String
class	kotlin.text.HexFormat.Builder	Builder				final class Builder {
property	kotlin.text.HexFormat.Builder.bytes	bytes	Builder		Builder	final val bytes
property	kotlin.text.HexFormat.Builder.number	number	Builder		Builder	final val number
property	kotlin.text.HexFormat.Builder.upperCase	upperCase	Builder		Boolean	final var upperCase
constructor	kotlin.text.HexFormat.Builder.<init>	<init>				constructor <init>()
function	kotlin.text.HexFormat.Builder.build	build	Builder		HexFormat	final fun build(): kotlin.text/HexFormat
function	kotlin.text.HexFormat.Builder.bytes	bytes	Builder	Function1	Unit	final inline fun bytes(kotlin/Function1<kotlin.text/HexFormat.BytesHexFormat.Builder, kotlin/Unit>)
function	kotlin.text.HexFormat.Builder.number	number	Builder	Function1	Unit	final inline fun number(kotlin/Function1<kotlin.text/HexFormat.NumberHexFormat.Builder, kotlin/Unit>)
class	kotlin.text.HexFormat.BytesHexFormat	BytesHexFormat				final class BytesHexFormat {
property	kotlin.text.HexFormat.BytesHexFormat.bytePrefix	bytePrefix	BytesHexFormat		String	final val bytePrefix
property	kotlin.text.HexFormat.BytesHexFormat.byteSeparator	byteSeparator	BytesHexFormat		String	final val byteSeparator
property	kotlin.text.HexFormat.BytesHexFormat.byteSuffix	byteSuffix	BytesHexFormat		String	final val byteSuffix
property	kotlin.text.HexFormat.BytesHexFormat.bytesPerGroup	bytesPerGroup	BytesHexFormat		Int	final val bytesPerGroup
property	kotlin.text.HexFormat.BytesHexFormat.bytesPerLine	bytesPerLine	BytesHexFormat		Int	final val bytesPerLine
property	kotlin.text.HexFormat.BytesHexFormat.groupSeparator	groupSeparator	BytesHexFormat		String	final val groupSeparator
function	kotlin.text.HexFormat.BytesHexFormat.toString	toString	BytesHexFormat		String	final fun toString(): kotlin/String
class	kotlin.text.HexFormat.BytesHexFormat.Builder	Builder				final class Builder {
property	kotlin.text.HexFormat.BytesHexFormat.Builder.bytePrefix	bytePrefix	Builder		String	final var bytePrefix
property	kotlin.text.HexFormat.BytesHexFormat.Builder.byteSeparator	byteSeparator	Builder		String	final var byteSeparator
property	kotlin.text.HexFormat.BytesHexFormat.Builder.byteSuffix	byteSuffix	Builder		String	final var byteSuffix
property	kotlin.text.HexFormat.BytesHexFormat.Builder.bytesPerGroup	bytesPerGroup	Builder		Int	final var bytesPerGroup
property	kotlin.text.HexFormat.BytesHexFormat.Builder.bytesPerLine	bytesPerLine	Builder		Int	final var bytesPerLine
property	kotlin.text.HexFormat.BytesHexFormat.Builder.groupSeparator	groupSeparator	Builder		String	final var groupSeparator
object	kotlin.text.HexFormat.Companion	Companion				final object Companion {
property	kotlin.text.HexFormat.Companion.Default	Default	Companion		HexFormat	final val Default
property	kotlin.text.HexFormat.Companion.UpperCase	UpperCase	Companion		HexFormat	final val UpperCase
class	kotlin.text.HexFormat.NumberHexFormat	NumberHexFormat				final class NumberHexFormat {
property	kotlin.text.HexFormat.NumberHexFormat.minLength	minLength	NumberHexFormat		Int	final val minLength
property	kotlin.text.HexFormat.NumberHexFormat.prefix	prefix	NumberHexFormat		String	final val prefix
property	kotlin.text.HexFormat.NumberHexFormat.removeLeadingZeros	removeLeadingZeros	NumberHexFormat		Boolean	final val removeLeadingZeros
property	kotlin.text.HexFormat.NumberHexFormat.suffix	suffix	NumberHexFormat		String	final val suffix
function	kotlin.text.HexFormat.NumberHexFormat.toString	toString	NumberHexFormat		String	final fun toString(): kotlin/String
class	kotlin.text.HexFormat.NumberHexFormat.Builder	Builder				final class Builder {
property	kotlin.text.HexFormat.NumberHexFormat.Builder.minLength	minLength	Builder		Int	final var minLength
property	kotlin.text.HexFormat.NumberHexFormat.Builder.prefix	prefix	Builder		String	final var prefix
property	kotlin.text.HexFormat.NumberHexFormat.Builder.removeLeadingZeros	removeLeadingZeros	Builder		Boolean	final var removeLeadingZeros
property	kotlin.text.HexFormat.NumberHexFormat.Builder.suffix	suffix	Builder		String	final var suffix
property	kotlin.text.MatchGroup.range	range	MatchGroup		IntRange	final val range
property	kotlin.text.MatchGroup.value	value	MatchGroup		String	final val value
constructor	kotlin.text.MatchGroup.<init>	<init>		String|IntRange		constructor <init>(kotlin/String, kotlin.ranges/IntRange)
function	kotlin.text.MatchGroup.component1	component1	MatchGroup		String	final fun component1(): kotlin/String
function	kotlin.text.MatchGroup.component2	component2	MatchGroup		IntRange	final fun component2(): kotlin.ranges/IntRange
function	kotlin.text.MatchGroup.copy	copy	MatchGroup	String|IntRange	MatchGroup	final fun copy(kotlin/String = ..., kotlin.ranges/IntRange = ...): kotlin.text/MatchGroup
function	kotlin.text.MatchGroup.equals	equals	MatchGroup	Any	Boolean	final fun equals(kotlin/Any?): kotlin/Boolean
function	kotlin.text.MatchGroup.hashCode	hashCode	MatchGroup		Int	final fun hashCode(): kotlin/Int
function	kotlin.text.MatchGroup.toString	toString	MatchGroup		String	final fun toString(): kotlin/String
interface	kotlin.text.MatchGroupCollection	MatchGroupCollection				abstract interface kotlin.text/MatchGroupCollection : kotlin.collections/Collection<kotlin.text/MatchGroup?> {
interface	kotlin.text.MatchNamedGroupCollection	MatchNamedGroupCollection				abstract interface kotlin.text/MatchNamedGroupCollection : kotlin.text/MatchGroupCollection {
function	kotlin.text.MatchNamedGroupCollection.get	get	MatchNamedGroupCollection	String	MatchGroup	abstract fun get(kotlin/String): kotlin.text/MatchGroup?
interface	kotlin.text.MatchResult	MatchResult				abstract interface kotlin.text/MatchResult {
property	kotlin.text.MatchResult.destructured	destructured	MatchResult		Destructured	open val destructured
property	kotlin.text.MatchResult.groupValues	groupValues	MatchResult		List	abstract val groupValues
property	kotlin.text.MatchResult.groups	groups	MatchResult		MatchGroupCollection	abstract val groups
property	kotlin.text.MatchResult.range	range	MatchResult		IntRange	abstract val range
property	kotlin.text.MatchResult.value	value	MatchResult		String	abstract val value
class	kotlin.text.MatchResult.Destructured	Destructured				final class Destructured {
property	kotlin.text.MatchResult.Destructured.match	match	Destructured		MatchResult	final val match
function	kotlin.text.MatchResult.Destructured.component10	component10	Destructured		String	final inline fun component10(): kotlin/String
function	kotlin.text.MatchResult.Destructured.toList	toList	Destructured		List	final fun toList(): kotlin.collections/List<kotlin/String>
property	kotlin.text.Regex.options	options	Regex		Set	final val options
property	kotlin.text.Regex.pattern	pattern	Regex		String	final val pattern
constructor	kotlin.text.Regex.<init>	<init>		String		constructor <init>(kotlin/String)
constructor	kotlin.text.Regex.<init>	<init>		String|Set		constructor <init>(kotlin/String, kotlin.collections/Set<kotlin.text/RegexOption>)
constructor	kotlin.text.Regex.<init>	<init>		String|RegexOption		constructor <init>(kotlin/String, kotlin.text/RegexOption)
function	kotlin.text.Regex.containsMatchIn	containsMatchIn	Regex	CharSequence	Boolean	final fun containsMatchIn(kotlin/CharSequence): kotlin/Boolean
function	kotlin.text.Regex.find	find	Regex	CharSequence|Int	MatchResult	final fun find(kotlin/CharSequence, kotlin/Int = ...): kotlin.text/MatchResult?
function	kotlin.text.Regex.findAll	findAll	Regex	CharSequence|Int	Sequence	final fun findAll(kotlin/CharSequence, kotlin/Int = ...): kotlin.sequences/Sequence<kotlin.text/MatchResult>
function	kotlin.text.Regex.matchAt	matchAt	Regex	CharSequence|Int	MatchResult	final fun matchAt(kotlin/CharSequence, kotlin/Int): kotlin.text/MatchResult?
function	kotlin.text.Regex.matchEntire	matchEntire	Regex	CharSequence	MatchResult	final fun matchEntire(kotlin/CharSequence): kotlin.text/MatchResult?
function	kotlin.text.Regex.matches	matches	Regex	CharSequence	Boolean	final fun matches(kotlin/CharSequence): kotlin/Boolean
function	kotlin.text.Regex.matchesAt	matchesAt	Regex	CharSequence|Int	Boolean	final fun matchesAt(kotlin/CharSequence, kotlin/Int): kotlin/Boolean
function	kotlin.text.Regex.replace	replace	Regex	CharSequence|Function1	String	final fun replace(kotlin/CharSequence, kotlin/Function1<kotlin.text/MatchResult, kotlin/CharSequence>): kotlin/String
function	kotlin.text.Regex.replace	replace	Regex	CharSequence|String	String	final fun replace(kotlin/CharSequence, kotlin/String): kotlin/String
function	kotlin.text.Regex.replaceFirst	replaceFirst	Regex	CharSequence|String	String	final fun replaceFirst(kotlin/CharSequence, kotlin/String): kotlin/String
function	kotlin.text.Regex.split	split	Regex	CharSequence|Int	List	final fun split(kotlin/CharSequence, kotlin/Int = ...): kotlin.collections/List<kotlin/String>
function	kotlin.text.Regex.splitToSequence	splitToSequence	Regex	CharSequence|Int	Sequence	final fun splitToSequence(kotlin/CharSequence, kotlin/Int = ...): kotlin.sequences/Sequence<kotlin/String>
function	kotlin.text.Regex.toString	toString	Regex		String	final fun toString(): kotlin/String
object	kotlin.text.Regex.Companion	Companion				final object Companion {
function	kotlin.text.Regex.Companion.escape	escape	Companion	String	String	final fun escape(kotlin/String): kotlin/String
function	kotlin.text.Regex.Companion.escapeReplacement	escapeReplacement	Companion	String	String	final fun escapeReplacement(kotlin/String): kotlin/String
property	kotlin.text.RegexOption.entries	entries	RegexOption		EnumEntries	final val entries
function	kotlin.text.RegexOption.valueOf	valueOf	RegexOption	String	RegexOption	final fun valueOf(kotlin/String): kotlin.text/RegexOption
function	kotlin.text.RegexOption.values	values	RegexOption		Array	final fun values(): kotlin/Array<kotlin.text/RegexOption>
property	kotlin.text.StringBuilder.length	length	StringBuilder		Int	final val length
constructor	kotlin.text.StringBuilder.<init>	<init>				constructor <init>()
constructor	kotlin.text.StringBuilder.<init>	<init>		CharSequence		constructor <init>(kotlin/CharSequence)
constructor	kotlin.text.StringBuilder.<init>	<init>		Int		constructor <init>(kotlin/Int)
constructor	kotlin.text.StringBuilder.<init>	<init>		String		constructor <init>(kotlin/String)
function	kotlin.text.StringBuilder.append	append	StringBuilder	Any	StringBuilder	final fun append(kotlin/Any?): kotlin.text/StringBuilder
function	kotlin.text.StringBuilder.append	append	StringBuilder	Byte	StringBuilder	final fun append(kotlin/Byte): kotlin.text/StringBuilder
function	kotlin.text.StringBuilder.append	append	StringBuilder	CharArray	StringBuilder	final fun append(kotlin/CharArray): kotlin.text/StringBuilder
function	kotlin.text.StringBuilder.append	append	StringBuilder	Short	StringBuilder	final fun append(kotlin/Short): kotlin.text/StringBuilder
function	kotlin.text.StringBuilder.appendRange	appendRange	StringBuilder	CharArray|Int|Int	StringBuilder	final fun appendRange(kotlin/CharArray, kotlin/Int, kotlin/Int): kotlin.text/StringBuilder
function	kotlin.text.StringBuilder.indexOf	indexOf	StringBuilder	String	Int	final fun indexOf(kotlin/String): kotlin/Int
function	kotlin.text.StringBuilder.indexOf	indexOf	StringBuilder	String|Int	Int	final fun indexOf(kotlin/String, kotlin/Int): kotlin/Int
function	kotlin.text.StringBuilder.insert	insert	StringBuilder	Int|Byte	StringBuilder	final fun insert(kotlin/Int, kotlin/Byte): kotlin.text/StringBuilder
function	kotlin.text.StringBuilder.insert	insert	StringBuilder	Int|CharArray	StringBuilder	final fun insert(kotlin/Int, kotlin/CharArray): kotlin.text/StringBuilder
function	kotlin.text.StringBuilder.insert	insert	StringBuilder	Int|CharSequence	StringBuilder	final fun insert(kotlin/Int, kotlin/CharSequence?): kotlin.text/StringBuilder
function	kotlin.text.StringBuilder.insert	insert	StringBuilder	Int|Short	StringBuilder	final fun insert(kotlin/Int, kotlin/Short): kotlin.text/StringBuilder
function	kotlin.text.StringBuilder.insertRange	insertRange	StringBuilder	Int|CharArray|Int|Int	StringBuilder	final fun insertRange(kotlin/Int, kotlin/CharArray, kotlin/Int, kotlin/Int): kotlin.text/StringBuilder
function	kotlin.text.StringBuilder.lastIndexOf	lastIndexOf	StringBuilder	String	Int	final fun lastIndexOf(kotlin/String): kotlin/Int
function	kotlin.text.StringBuilder.lastIndexOf	lastIndexOf	StringBuilder	String|Int	Int	final fun lastIndexOf(kotlin/String, kotlin/Int): kotlin/Int
function	kotlin.text.StringBuilder.setLength	setLength	StringBuilder	Int	Unit	final fun setLength(kotlin/Int)
function	kotlin.text.StringBuilder.substring	substring	StringBuilder	Int	String	final fun substring(kotlin/Int): kotlin/String
function	kotlin.text.StringBuilder.substring	substring	StringBuilder	Int|Int	String	final fun substring(kotlin/Int, kotlin/Int): kotlin/String
function	kotlin.text.StringBuilder.toCharArray	toCharArray	StringBuilder	CharArray|Int|Int|Int	Unit	final fun toCharArray(kotlin/CharArray, kotlin/Int = ..., kotlin/Int = ..., kotlin/Int = ...)
object	kotlin.text.Typography	Typography				final object kotlin.text/Typography {
property	kotlin.text.Typography.almostEqual	almostEqual	Typography		Char	final const val almostEqual
property	kotlin.text.Typography.amp	amp	Typography		Char	final const val amp
property	kotlin.text.Typography.bullet	bullet	Typography		Char	final const val bullet
property	kotlin.text.Typography.cent	cent	Typography		Char	final const val cent
property	kotlin.text.Typography.copyright	copyright	Typography		Char	final const val copyright
property	kotlin.text.Typography.dagger	dagger	Typography		Char	final const val dagger
property	kotlin.text.Typography.degree	degree	Typography		Char	final const val degree
property	kotlin.text.Typography.dollar	dollar	Typography		Char	final const val dollar
property	kotlin.text.Typography.doubleDagger	doubleDagger	Typography		Char	final const val doubleDagger
property	kotlin.text.Typography.doublePrime	doublePrime	Typography		Char	final const val doublePrime
property	kotlin.text.Typography.ellipsis	ellipsis	Typography		Char	final const val ellipsis
property	kotlin.text.Typography.euro	euro	Typography		Char	final const val euro
property	kotlin.text.Typography.greater	greater	Typography		Char	final const val greater
property	kotlin.text.Typography.greaterOrEqual	greaterOrEqual	Typography		Char	final const val greaterOrEqual
property	kotlin.text.Typography.half	half	Typography		Char	final const val half
property	kotlin.text.Typography.leftDoubleQuote	leftDoubleQuote	Typography		Char	final const val leftDoubleQuote
property	kotlin.text.Typography.leftGuillemet	leftGuillemet	Typography		Char	final const val leftGuillemet
property	kotlin.text.Typography.leftGuillemete	leftGuillemete	Typography		Char	final const val leftGuillemete
property	kotlin.text.Typography.leftSingleQuote	leftSingleQuote	Typography		Char	final const val leftSingleQuote
property	kotlin.text.Typography.less	less	Typography		Char	final const val less
property	kotlin.text.Typography.lessOrEqual	lessOrEqual	Typography		Char	final const val lessOrEqual
property	kotlin.text.Typography.lowDoubleQuote	lowDoubleQuote	Typography		Char	final const val lowDoubleQuote
property	kotlin.text.Typography.lowSingleQuote	lowSingleQuote	Typography		Char	final const val lowSingleQuote
property	kotlin.text.Typography.mdash	mdash	Typography		Char	final const val mdash
property	kotlin.text.Typography.middleDot	middleDot	Typography		Char	final const val middleDot
property	kotlin.text.Typography.nbsp	nbsp	Typography		Char	final const val nbsp
property	kotlin.text.Typography.ndash	ndash	Typography		Char	final const val ndash
property	kotlin.text.Typography.notEqual	notEqual	Typography		Char	final const val notEqual
property	kotlin.text.Typography.paragraph	paragraph	Typography		Char	final const val paragraph
property	kotlin.text.Typography.plusMinus	plusMinus	Typography		Char	final const val plusMinus
property	kotlin.text.Typography.pound	pound	Typography		Char	final const val pound
property	kotlin.text.Typography.prime	prime	Typography		Char	final const val prime
property	kotlin.text.Typography.quote	quote	Typography		Char	final const val quote
property	kotlin.text.Typography.registered	registered	Typography		Char	final const val registered
property	kotlin.text.Typography.rightDoubleQuote	rightDoubleQuote	Typography		Char	final const val rightDoubleQuote
property	kotlin.text.Typography.rightGuillemet	rightGuillemet	Typography		Char	final const val rightGuillemet
property	kotlin.text.Typography.rightGuillemete	rightGuillemete	Typography		Char	final const val rightGuillemete
property	kotlin.text.Typography.rightSingleQuote	rightSingleQuote	Typography		Char	final const val rightSingleQuote
property	kotlin.text.Typography.section	section	Typography		Char	final const val section
property	kotlin.text.Typography.times	times	Typography		Char	final const val times
property	kotlin.text.Typography.tm	tm	Typography		Char	final const val tm
class	kotlin.time.AbstractDoubleTimeSource	AbstractDoubleTimeSource				abstract class kotlin.time/AbstractDoubleTimeSource : kotlin.time/TimeSource.WithComparableMarks {
property	kotlin.time.AbstractDoubleTimeSource.unit	unit	AbstractDoubleTimeSource		DurationUnit	final val unit
constructor	kotlin.time.AbstractDoubleTimeSource.<init>	<init>		DurationUnit		constructor <init>(kotlin.time/DurationUnit)
function	kotlin.time.AbstractDoubleTimeSource.markNow	markNow	AbstractDoubleTimeSource		ComparableTimeMark	open fun markNow(): kotlin.time/ComparableTimeMark
function	kotlin.time.AbstractDoubleTimeSource.read	read	AbstractDoubleTimeSource		Double	abstract fun read(): kotlin/Double
class	kotlin.time.AbstractLongTimeSource	AbstractLongTimeSource				abstract class kotlin.time/AbstractLongTimeSource : kotlin.time/TimeSource.WithComparableMarks {
property	kotlin.time.AbstractLongTimeSource.unit	unit	AbstractLongTimeSource		DurationUnit	final val unit
constructor	kotlin.time.AbstractLongTimeSource.<init>	<init>		DurationUnit		constructor <init>(kotlin.time/DurationUnit)
function	kotlin.time.AbstractLongTimeSource.markNow	markNow	AbstractLongTimeSource		ComparableTimeMark	open fun markNow(): kotlin.time/ComparableTimeMark
function	kotlin.time.AbstractLongTimeSource.read	read	AbstractLongTimeSource		Long	abstract fun read(): kotlin/Long
interface	kotlin.time.Clock	Clock				abstract interface kotlin.time/Clock {
function	kotlin.time.Clock.now	now	Clock		Instant	abstract fun now(): kotlin.time/Instant
object	kotlin.time.Clock.Companion	Companion				final object Companion
object	kotlin.time.Clock.System	System				final object System : kotlin.time/Clock {
interface	kotlin.time.ComparableTimeMark	ComparableTimeMark				abstract interface kotlin.time/ComparableTimeMark : kotlin.time/TimeMark, kotlin/Comparable<kotlin.time/ComparableTimeMark> {
function	kotlin.time.ComparableTimeMark.equals	equals	ComparableTimeMark	Any	Boolean	abstract fun equals(kotlin/Any?): kotlin/Boolean
function	kotlin.time.ComparableTimeMark.hashCode	hashCode	ComparableTimeMark		Int	abstract fun hashCode(): kotlin/Int
property	kotlin.time.Duration.absoluteValue	absoluteValue	Duration		Duration	final val absoluteValue
property	kotlin.time.Duration.hoursComponent	hoursComponent	Duration		Int	final val hoursComponent
property	kotlin.time.Duration.inWholeDays	inWholeDays	Duration		Long	final val inWholeDays
property	kotlin.time.Duration.inWholeHours	inWholeHours	Duration		Long	final val inWholeHours
property	kotlin.time.Duration.inWholeMicroseconds	inWholeMicroseconds	Duration		Long	final val inWholeMicroseconds
property	kotlin.time.Duration.inWholeMilliseconds	inWholeMilliseconds	Duration		Long	final val inWholeMilliseconds
property	kotlin.time.Duration.inWholeMinutes	inWholeMinutes	Duration		Long	final val inWholeMinutes
property	kotlin.time.Duration.inWholeNanoseconds	inWholeNanoseconds	Duration		Long	final val inWholeNanoseconds
property	kotlin.time.Duration.inWholeSeconds	inWholeSeconds	Duration		Long	final val inWholeSeconds
property	kotlin.time.Duration.minutesComponent	minutesComponent	Duration		Int	final val minutesComponent
property	kotlin.time.Duration.nanosecondsComponent	nanosecondsComponent	Duration		Int	final val nanosecondsComponent
property	kotlin.time.Duration.secondsComponent	secondsComponent	Duration		Int	final val secondsComponent
function	kotlin.time.Duration.div	div	Duration	Double	Duration	final fun div(kotlin/Double): kotlin.time/Duration
function	kotlin.time.Duration.times	times	Duration	Double	Duration	final fun times(kotlin/Double): kotlin.time/Duration
function	kotlin.time.Duration.toComponents	toComponents	Duration	Function2	#A1	final inline fun <#A1: kotlin/Any?> toComponents(kotlin/Function2<kotlin/Long, kotlin/Int, #A1>): #A1
function	kotlin.time.Duration.toComponents	toComponents	Duration	Function3	#A1	final inline fun <#A1: kotlin/Any?> toComponents(kotlin/Function3<kotlin/Long, kotlin/Int, kotlin/Int, #A1>): #A1
function	kotlin.time.Duration.toComponents	toComponents	Duration	Function4	#A1	final inline fun <#A1: kotlin/Any?> toComponents(kotlin/Function4<kotlin/Long, kotlin/Int, kotlin/Int, kotlin/Int, #A1>): #A1
function	kotlin.time.Duration.toComponents	toComponents	Duration	Function5	#A1	final inline fun <#A1: kotlin/Any?> toComponents(kotlin/Function5<kotlin/Long, kotlin/Int, kotlin/Int, kotlin/Int, kotlin/Int, #A1>): #A1
function	kotlin.time.Duration.toDouble	toDouble	Duration	DurationUnit	Double	final fun toDouble(kotlin.time/DurationUnit): kotlin/Double
function	kotlin.time.Duration.toInt	toInt	Duration	DurationUnit	Int	final fun toInt(kotlin.time/DurationUnit): kotlin/Int
function	kotlin.time.Duration.toLong	toLong	Duration	DurationUnit	Long	final fun toLong(kotlin.time/DurationUnit): kotlin/Long
function	kotlin.time.Duration.toString	toString	Duration	DurationUnit|Int	String	final fun toString(kotlin.time/DurationUnit, kotlin/Int = ...): kotlin/String
object	kotlin.time.Duration.Companion	Companion				final object Companion {
property	kotlin.time.Duration.Companion.INFINITE	INFINITE	Companion		Duration	final val INFINITE
property	kotlin.time.Duration.Companion.ZERO	ZERO	Companion		Duration	final val ZERO
property	kotlin.time.Duration.Companion.days	days	Companion		Duration	final val days
property	kotlin.time.Duration.Companion.days	days	Companion		Duration	final val days
property	kotlin.time.Duration.Companion.days	days	Companion		Duration	final val days
property	kotlin.time.Duration.Companion.hours	hours	Companion		Duration	final val hours
property	kotlin.time.Duration.Companion.hours	hours	Companion		Duration	final val hours
property	kotlin.time.Duration.Companion.hours	hours	Companion		Duration	final val hours
property	kotlin.time.Duration.Companion.microseconds	microseconds	Companion		Duration	final val microseconds
property	kotlin.time.Duration.Companion.microseconds	microseconds	Companion		Duration	final val microseconds
property	kotlin.time.Duration.Companion.microseconds	microseconds	Companion		Duration	final val microseconds
property	kotlin.time.Duration.Companion.milliseconds	milliseconds	Companion		Duration	final val milliseconds
property	kotlin.time.Duration.Companion.milliseconds	milliseconds	Companion		Duration	final val milliseconds
property	kotlin.time.Duration.Companion.milliseconds	milliseconds	Companion		Duration	final val milliseconds
property	kotlin.time.Duration.Companion.minutes	minutes	Companion		Duration	final val minutes
property	kotlin.time.Duration.Companion.minutes	minutes	Companion		Duration	final val minutes
property	kotlin.time.Duration.Companion.minutes	minutes	Companion		Duration	final val minutes
property	kotlin.time.Duration.Companion.nanoseconds	nanoseconds	Companion		Duration	final val nanoseconds
property	kotlin.time.Duration.Companion.nanoseconds	nanoseconds	Companion		Duration	final val nanoseconds
property	kotlin.time.Duration.Companion.nanoseconds	nanoseconds	Companion		Duration	final val nanoseconds
property	kotlin.time.Duration.Companion.seconds	seconds	Companion		Duration	final val seconds
property	kotlin.time.Duration.Companion.seconds	seconds	Companion		Duration	final val seconds
property	kotlin.time.Duration.Companion.seconds	seconds	Companion		Duration	final val seconds
function	kotlin.time.Duration.Companion.convert	convert	Companion	Double|DurationUnit|DurationUnit	Double	final fun convert(kotlin/Double, kotlin.time/DurationUnit, kotlin.time/DurationUnit): kotlin/Double
property	kotlin.time.DurationUnit.entries	entries	DurationUnit		EnumEntries	final val entries
function	kotlin.time.DurationUnit.valueOf	valueOf	DurationUnit	String	DurationUnit	final fun valueOf(kotlin/String): kotlin.time/DurationUnit
function	kotlin.time.DurationUnit.values	values	DurationUnit		Array	final fun values(): kotlin/Array<kotlin.time/DurationUnit>
class	kotlin.time.ExperimentalTime	ExperimentalTime				open annotation class kotlin.time/ExperimentalTime : kotlin/Annotation {
constructor	kotlin.time.ExperimentalTime.<init>	<init>				constructor <init>()
class	kotlin.time.Instant	Instant				final class kotlin.time/Instant : kotlin.io/Serializable, kotlin/Comparable<kotlin.time/Instant> {
property	kotlin.time.Instant.epochSeconds	epochSeconds	Instant		Long	final val epochSeconds
property	kotlin.time.Instant.nanosecondsOfSecond	nanosecondsOfSecond	Instant		Int	final val nanosecondsOfSecond
function	kotlin.time.Instant.equals	equals	Instant	Any	Boolean	final fun equals(kotlin/Any?): kotlin/Boolean
function	kotlin.time.Instant.hashCode	hashCode	Instant		Int	final fun hashCode(): kotlin/Int
function	kotlin.time.Instant.toEpochMilliseconds	toEpochMilliseconds	Instant		Long	final fun toEpochMilliseconds(): kotlin/Long
function	kotlin.time.Instant.toString	toString	Instant		String	final fun toString(): kotlin/String
object	kotlin.time.Instant.Companion	Companion				final object Companion {
property	kotlin.time.Instant.Companion.DISTANT_FUTURE	DISTANT_FUTURE	Companion		Instant	final val DISTANT_FUTURE
property	kotlin.time.Instant.Companion.DISTANT_PAST	DISTANT_PAST	Companion		Instant	final val DISTANT_PAST
function	kotlin.time.Instant.Companion.fromEpochSeconds	fromEpochSeconds	Companion	Long|Int	Instant	final fun fromEpochSeconds(kotlin/Long, kotlin/Int): kotlin.time/Instant
function	kotlin.time.Instant.Companion.fromEpochSeconds	fromEpochSeconds	Companion	Long|Long	Instant	final fun fromEpochSeconds(kotlin/Long, kotlin/Long = ...): kotlin.time/Instant
function	kotlin.time.Instant.Companion.parse	parse	Companion	CharSequence	Instant	final fun parse(kotlin/CharSequence): kotlin.time/Instant
function	kotlin.time.Instant.Companion.parseOrNull	parseOrNull	Companion	CharSequence	Instant	final fun parseOrNull(kotlin/CharSequence): kotlin.time/Instant?
class	kotlin.time.TestTimeSource	TestTimeSource				final class kotlin.time/TestTimeSource : kotlin.time/AbstractLongTimeSource {
constructor	kotlin.time.TestTimeSource.<init>	<init>				constructor <init>()
function	kotlin.time.TestTimeSource.plusAssign	plusAssign	TestTimeSource	Duration	Unit	final fun plusAssign(kotlin.time/Duration)
interface	kotlin.time.TimeMark	TimeMark				abstract interface kotlin.time/TimeMark {
object	kotlin.time.TimeSource.Companion	Companion				final object Companion
object	kotlin.time.TimeSource.Monotonic	Monotonic				final object Monotonic : kotlin.time/TimeSource.WithComparableMarks {
class	kotlin.time.TimeSource.Monotonic.ValueTimeMark	ValueTimeMark				final value class ValueTimeMark : kotlin.time/ComparableTimeMark {
function	kotlin.time.TimeSource.Monotonic.ValueTimeMark.equals	equals	ValueTimeMark	Any	Boolean	final fun equals(kotlin/Any?): kotlin/Boolean
function	kotlin.time.TimeSource.Monotonic.ValueTimeMark.hasNotPassedNow	hasNotPassedNow	ValueTimeMark		Boolean	final fun hasNotPassedNow(): kotlin/Boolean
function	kotlin.time.TimeSource.Monotonic.ValueTimeMark.hasPassedNow	hasPassedNow	ValueTimeMark		Boolean	final fun hasPassedNow(): kotlin/Boolean
function	kotlin.time.TimeSource.Monotonic.ValueTimeMark.hashCode	hashCode	ValueTimeMark		Int	final fun hashCode(): kotlin/Int
function	kotlin.time.TimeSource.Monotonic.ValueTimeMark.minus	minus	ValueTimeMark	ComparableTimeMark	Duration	final fun minus(kotlin.time/ComparableTimeMark): kotlin.time/Duration
function	kotlin.time.TimeSource.Monotonic.ValueTimeMark.toString	toString	ValueTimeMark		String	final fun toString(): kotlin/String
interface	kotlin.time.TimeSource.WithComparableMarks	WithComparableMarks				abstract interface WithComparableMarks : kotlin.time/TimeSource {
class	kotlin.time.TimedValue	TimedValue				final class <#A: kotlin/Any?> kotlin.time/TimedValue {
property	kotlin.time.TimedValue.duration	duration	TimedValue		Duration	final val duration
property	kotlin.time.TimedValue.value	value	TimedValue		#A	final val value
constructor	kotlin.time.TimedValue.<init>	<init>		|Duration		constructor <init>(#A, kotlin.time/Duration)
function	kotlin.time.TimedValue.component1	component1	TimedValue		#A	final fun component1(): #A
function	kotlin.time.TimedValue.component2	component2	TimedValue		Duration	final fun component2(): kotlin.time/Duration
function	kotlin.time.TimedValue.copy	copy	TimedValue	|Duration	TimedValue	final fun copy(#A = ..., kotlin.time/Duration = ...): kotlin.time/TimedValue<#A>
function	kotlin.time.TimedValue.equals	equals	TimedValue	Any	Boolean	final fun equals(kotlin/Any?): kotlin/Boolean
function	kotlin.time.TimedValue.hashCode	hashCode	TimedValue		Int	final fun hashCode(): kotlin/Int
function	kotlin.time.TimedValue.toString	toString	TimedValue		String	final fun toString(): kotlin/String
class	kotlin.uuid.ExperimentalUuidApi	ExperimentalUuidApi				open annotation class kotlin.uuid/ExperimentalUuidApi : kotlin/Annotation {
constructor	kotlin.uuid.ExperimentalUuidApi.<init>	<init>				constructor <init>()
class	kotlin.uuid.Uuid	Uuid				final class kotlin.uuid/Uuid : kotlin.io/Serializable, kotlin/Comparable<kotlin.uuid/Uuid> {
property	kotlin.uuid.Uuid.leastSignificantBits	leastSignificantBits	Uuid		Long	final val leastSignificantBits
property	kotlin.uuid.Uuid.mostSignificantBits	mostSignificantBits	Uuid		Long	final val mostSignificantBits
function	kotlin.uuid.Uuid.compareTo	compareTo	Uuid	Uuid	Int	final fun compareTo(kotlin.uuid/Uuid): kotlin/Int
function	kotlin.uuid.Uuid.equals	equals	Uuid	Any	Boolean	final fun equals(kotlin/Any?): kotlin/Boolean
function	kotlin.uuid.Uuid.hashCode	hashCode	Uuid		Int	final fun hashCode(): kotlin/Int
function	kotlin.uuid.Uuid.toByteArray	toByteArray	Uuid		ByteArray	final fun toByteArray(): kotlin/ByteArray
function	kotlin.uuid.Uuid.toHexDashString	toHexDashString	Uuid		String	final fun toHexDashString(): kotlin/String
function	kotlin.uuid.Uuid.toHexString	toHexString	Uuid		String	final fun toHexString(): kotlin/String
function	kotlin.uuid.Uuid.toLongs	toLongs	Uuid	Function2	#A1	final inline fun <#A1: kotlin/Any?> toLongs(kotlin/Function2<kotlin/Long, kotlin/Long, #A1>): #A1
function	kotlin.uuid.Uuid.toString	toString	Uuid		String	final fun toString(): kotlin/String
function	kotlin.uuid.Uuid.toUByteArray	toUByteArray	Uuid		UByteArray	final fun toUByteArray(): kotlin/UByteArray
function	kotlin.uuid.Uuid.toULongs	toULongs	Uuid	Function2	#A1	final inline fun <#A1: kotlin/Any?> toULongs(kotlin/Function2<kotlin/ULong, kotlin/ULong, #A1>): #A1
object	kotlin.uuid.Uuid.Companion	Companion				final object Companion {
property	kotlin.uuid.Uuid.Companion.LEXICAL_ORDER	LEXICAL_ORDER	Companion		Comparator	final val LEXICAL_ORDER
property	kotlin.uuid.Uuid.Companion.NIL	NIL	Companion		Uuid	final val NIL
property	kotlin.uuid.Uuid.Companion.SIZE_BITS	SIZE_BITS	Companion		Int	final const val SIZE_BITS
property	kotlin.uuid.Uuid.Companion.SIZE_BYTES	SIZE_BYTES	Companion		Int	final const val SIZE_BYTES
function	kotlin.uuid.Uuid.Companion.fromByteArray	fromByteArray	Companion	ByteArray	Uuid	final fun fromByteArray(kotlin/ByteArray): kotlin.uuid/Uuid
function	kotlin.uuid.Uuid.Companion.fromLongs	fromLongs	Companion	Long|Long	Uuid	final fun fromLongs(kotlin/Long, kotlin/Long): kotlin.uuid/Uuid
function	kotlin.uuid.Uuid.Companion.fromUByteArray	fromUByteArray	Companion	UByteArray	Uuid	final fun fromUByteArray(kotlin/UByteArray): kotlin.uuid/Uuid
function	kotlin.uuid.Uuid.Companion.fromULongs	fromULongs	Companion	ULong|ULong	Uuid	final fun fromULongs(kotlin/ULong, kotlin/ULong): kotlin.uuid/Uuid
function	kotlin.uuid.Uuid.Companion.generateV4	generateV4	Companion		Uuid	final fun generateV4(): kotlin.uuid/Uuid
function	kotlin.uuid.Uuid.Companion.generateV7	generateV7	Companion		Uuid	final fun generateV7(): kotlin.uuid/Uuid
function	kotlin.uuid.Uuid.Companion.generateV7NonMonotonicAt	generateV7NonMonotonicAt	Companion	Instant	Uuid	final fun generateV7NonMonotonicAt(kotlin.time/Instant): kotlin.uuid/Uuid
function	kotlin.uuid.Uuid.Companion.parse	parse	Companion	String	Uuid	final fun parse(kotlin/String): kotlin.uuid/Uuid
function	kotlin.uuid.Uuid.Companion.parseHex	parseHex	Companion	String	Uuid	final fun parseHex(kotlin/String): kotlin.uuid/Uuid
function	kotlin.uuid.Uuid.Companion.parseHexDash	parseHexDash	Companion	String	Uuid	final fun parseHexDash(kotlin/String): kotlin.uuid/Uuid
function	kotlin.uuid.Uuid.Companion.parseHexDashOrNull	parseHexDashOrNull	Companion	String	Uuid	final fun parseHexDashOrNull(kotlin/String): kotlin.uuid/Uuid?
function	kotlin.uuid.Uuid.Companion.parseHexOrNull	parseHexOrNull	Companion	String	Uuid	final fun parseHexOrNull(kotlin/String): kotlin.uuid/Uuid?
function	kotlin.uuid.Uuid.Companion.parseOrNull	parseOrNull	Companion	String	Uuid	final fun parseOrNull(kotlin/String): kotlin.uuid/Uuid?
function	kotlin.uuid.Uuid.Companion.random	random	Companion		Uuid	final fun random(): kotlin.uuid/Uuid
property	kotlin.code	code	Char{}code			final val kotlin/code
property	kotlin.isInitialized	isInitialized	KProperty0{}isInitialized			final val kotlin/isInitialized
property	kotlin.suppressedExceptions	suppressedExceptions	Throwable{}suppressedExceptions			final val kotlin/suppressedExceptions
property	kotlin.collections.indices	indices	Collection{}indices			final val kotlin.collections/indices
property	kotlin.collections.indices	indices	BooleanArray{}indices			final val kotlin.collections/indices
property	kotlin.collections.indices	indices	ByteArray{}indices			final val kotlin.collections/indices
property	kotlin.collections.indices	indices	CharArray{}indices			final val kotlin.collections/indices
property	kotlin.collections.indices	indices	DoubleArray{}indices			final val kotlin.collections/indices
property	kotlin.collections.indices	indices	FloatArray{}indices			final val kotlin.collections/indices
property	kotlin.collections.indices	indices	IntArray{}indices			final val kotlin.collections/indices
property	kotlin.collections.indices	indices	LongArray{}indices			final val kotlin.collections/indices
property	kotlin.collections.indices	indices	ShortArray{}indices			final val kotlin.collections/indices
property	kotlin.collections.indices	indices	Array{0§}indices			final val kotlin.collections/indices
property	kotlin.collections.indices	indices	UByteArray{}indices			final val kotlin.collections/indices
property	kotlin.collections.indices	indices	UIntArray{}indices			final val kotlin.collections/indices
property	kotlin.collections.indices	indices	ULongArray{}indices			final val kotlin.collections/indices
property	kotlin.collections.indices	indices	UShortArray{}indices			final val kotlin.collections/indices
property	kotlin.collections.lastIndex	lastIndex	BooleanArray{}lastIndex			final val kotlin.collections/lastIndex
property	kotlin.collections.lastIndex	lastIndex	ByteArray{}lastIndex			final val kotlin.collections/lastIndex
property	kotlin.collections.lastIndex	lastIndex	CharArray{}lastIndex			final val kotlin.collections/lastIndex
property	kotlin.collections.lastIndex	lastIndex	DoubleArray{}lastIndex			final val kotlin.collections/lastIndex
property	kotlin.collections.lastIndex	lastIndex	FloatArray{}lastIndex			final val kotlin.collections/lastIndex
property	kotlin.collections.lastIndex	lastIndex	IntArray{}lastIndex			final val kotlin.collections/lastIndex
property	kotlin.collections.lastIndex	lastIndex	LongArray{}lastIndex			final val kotlin.collections/lastIndex
property	kotlin.collections.lastIndex	lastIndex	ShortArray{}lastIndex			final val kotlin.collections/lastIndex
property	kotlin.collections.lastIndex	lastIndex	List{0§}lastIndex			final val kotlin.collections/lastIndex
property	kotlin.collections.lastIndex	lastIndex	Array{0§}lastIndex			final val kotlin.collections/lastIndex
property	kotlin.collections.lastIndex	lastIndex	UByteArray{}lastIndex			final val kotlin.collections/lastIndex
property	kotlin.collections.lastIndex	lastIndex	UIntArray{}lastIndex			final val kotlin.collections/lastIndex
property	kotlin.collections.lastIndex	lastIndex	ULongArray{}lastIndex			final val kotlin.collections/lastIndex
property	kotlin.collections.lastIndex	lastIndex	UShortArray{}lastIndex			final val kotlin.collections/lastIndex
property	kotlin.coroutines.coroutineContext	coroutineContext				final val kotlin.coroutines/coroutineContext
property	kotlin.coroutines.intrinsics.COROUTINE_SUSPENDED	COROUTINE_SUSPENDED				final val kotlin.coroutines.intrinsics/COROUTINE_SUSPENDED
property	kotlin.math.E	E				final const val kotlin.math/E
property	kotlin.math.PI	PI				final const val kotlin.math/PI
property	kotlin.math.absoluteValue	absoluteValue	Double{}absoluteValue			final val kotlin.math/absoluteValue
property	kotlin.math.absoluteValue	absoluteValue	Float{}absoluteValue			final val kotlin.math/absoluteValue
property	kotlin.math.absoluteValue	absoluteValue	Int{}absoluteValue			final val kotlin.math/absoluteValue
property	kotlin.math.absoluteValue	absoluteValue	Long{}absoluteValue			final val kotlin.math/absoluteValue
property	kotlin.math.sign	sign	Double{}sign			final val kotlin.math/sign
property	kotlin.math.sign	sign	Float{}sign			final val kotlin.math/sign
property	kotlin.math.sign	sign	Int{}sign			final val kotlin.math/sign
property	kotlin.math.sign	sign	Long{}sign			final val kotlin.math/sign
property	kotlin.math.ulp	ulp	Double{}ulp			final val kotlin.math/ulp
property	kotlin.math.ulp	ulp	Float{}ulp			final val kotlin.math/ulp
property	kotlin.native.concurrent.isFrozen	isFrozen	Any{}isFrozen			final val kotlin.native.concurrent/isFrozen
property	kotlin.text.CASE_INSENSITIVE_ORDER	CASE_INSENSITIVE_ORDER	Companion{}CASE_INSENSITIVE_ORDER			final val kotlin.text/CASE_INSENSITIVE_ORDER
property	kotlin.text.category	category	Char{}category			final val kotlin.text/category
property	kotlin.text.indices	indices	CharSequence{}indices			final val kotlin.text/indices
property	kotlin.text.lastIndex	lastIndex	CharSequence{}lastIndex			final val kotlin.text/lastIndex
property	kotlin.time.isDistantFuture	isDistantFuture	Instant{}isDistantFuture			final val kotlin.time/isDistantFuture
property	kotlin.time.isDistantPast	isDistantPast	Instant{}isDistantPast			final val kotlin.time/isDistantPast
function	kotlin.AutoCloseable	AutoCloseable		Function0	AutoCloseable	final inline fun kotlin/AutoCloseable(crossinline kotlin/Function0<kotlin/Unit>): kotlin/AutoCloseable
function	kotlin.Char	Char		Int	Char	final inline fun kotlin/Char(kotlin/Int): kotlin/Char
function	kotlin.Char	Char		UShort	Char	final inline fun kotlin/Char(kotlin/UShort): kotlin/Char
function	kotlin.UByteArray	UByteArray		Int|Function1	UByteArray	final inline fun kotlin/UByteArray(kotlin/Int, kotlin/Function1<kotlin/Int, kotlin/UByte>): kotlin/UByteArray
function	kotlin.UIntArray	UIntArray		Int|Function1	UIntArray	final inline fun kotlin/UIntArray(kotlin/Int, kotlin/Function1<kotlin/Int, kotlin/UInt>): kotlin/UIntArray
function	kotlin.ULongArray	ULongArray		Int|Function1	ULongArray	final inline fun kotlin/ULongArray(kotlin/Int, kotlin/Function1<kotlin/Int, kotlin/ULong>): kotlin/ULongArray
function	kotlin.UShortArray	UShortArray		Int|Function1	UShortArray	final inline fun kotlin/UShortArray(kotlin/Int, kotlin/Function1<kotlin/Int, kotlin/UShort>): kotlin/UShortArray
function	kotlin.also	also		Function1	#A	final inline fun <#A: kotlin/Any?> (#A).kotlin/also(kotlin/Function1<#A, kotlin/Unit>): #A
function	kotlin.apply	apply		Function1	#A	final inline fun <#A: kotlin/Any?> (#A).kotlin/apply(kotlin/Function1<#A, kotlin/Unit>): #A
function	kotlin.booleanArrayOf	booleanArrayOf		Array	BooleanArray	final inline fun kotlin/booleanArrayOf(kotlin/BooleanArray...): kotlin/BooleanArray
function	kotlin.byteArrayOf	byteArrayOf		Array	ByteArray	final inline fun kotlin/byteArrayOf(kotlin/ByteArray...): kotlin/ByteArray
function	kotlin.charArrayOf	charArrayOf		Array	CharArray	final inline fun kotlin/charArrayOf(kotlin/CharArray...): kotlin/CharArray
function	kotlin.checkNotNull	checkNotNull			#A	final inline fun <#A: kotlin/Any> kotlin/checkNotNull(#A?): #A
function	kotlin.checkNotNull	checkNotNull		|Function0	#A	final inline fun <#A: kotlin/Any> kotlin/checkNotNull(#A?, kotlin/Function0<kotlin/Any>): #A
function	kotlin.closeFinally	closeFinally	AutoCloseable	Throwable	Unit	final fun (kotlin/AutoCloseable?).kotlin/closeFinally(kotlin/Throwable?)
function	kotlin.compareTo	compareTo	Comparable		Int	final inline fun <#A: kotlin/Any?> (kotlin/Comparable<#A>).kotlin/compareTo(#A): kotlin/Int
function	kotlin.context	context		|Function1	#B	final inline fun <#A: kotlin/Any?, #B: kotlin/Any?> kotlin/context(#A, kotlin/Function1<#A, #B>): #B
function	kotlin.context	context		||Function2	#C	final inline fun <#A: kotlin/Any?, #B: kotlin/Any?, #C: kotlin/Any?> kotlin/context(#A, #B, kotlin/Function2<#A, #B, #C>): #C
function	kotlin.context	context		|||Function3	#D	final inline fun <#A: kotlin/Any?, #B: kotlin/Any?, #C: kotlin/Any?, #D: kotlin/Any?> kotlin/context(#A, #B, #C, kotlin/Function3<#A, #B, #C, #D>): #D
function	kotlin.context	context		||||Function4	#E	final inline fun <#A: kotlin/Any?, #B: kotlin/Any?, #C: kotlin/Any?, #D: kotlin/Any?, #E: kotlin/Any?> kotlin/context(#A, #B, #C, #D, kotlin/Function4<#A, #B, #C, #D, #E>): #E
function	kotlin.context	context		|||||Function5	#F	final inline fun <#A: kotlin/Any?, #B: kotlin/Any?, #C: kotlin/Any?, #D: kotlin/Any?, #E: kotlin/Any?, #F: kotlin/Any?> kotlin/context(#A, #B, #C, #D, #E, kotlin/Function5<#A, #B, #C, #D, #E, #F>): #F
function	kotlin.context	context		||||||Function6	#G	final inline fun <#A: kotlin/Any?, #B: kotlin/Any?, #C: kotlin/Any?, #D: kotlin/Any?, #E: kotlin/Any?, #F: kotlin/Any?, #G: kotlin/Any?> kotlin/context(#A, #B, #C, #D, #E, #F, kotlin/Function6<#A, #B, #C, #D, #E, #F, #G>): #G
function	kotlin.context	context		|||||||Function7	#H	final inline fun <#A: kotlin/Any?, #B: kotlin/Any?, #C: kotlin/Any?, #D: kotlin/Any?, #E: kotlin/Any?, #F: kotlin/Any?, #G: kotlin/Any?, #H: kotlin/Any?> kotlin/context(#A, #B, #C, #D, #E, #F, #G, kotlin/Function7<#A, #B, #C, #D, #E, #F, #G, #H>): #H
function	kotlin.context	context		||||||||Function8	#I	final inline fun <#A: kotlin/Any?, #B: kotlin/Any?, #C: kotlin/Any?, #D: kotlin/Any?, #E: kotlin/Any?, #F: kotlin/Any?, #G: kotlin/Any?, #H: kotlin/Any?, #I: kotlin/Any?> kotlin/context(#A, #B, #C, #D, #E, #F, #G, #H, kotlin/Function8<#A, #B, #C, #D, #E, #F, #G, #H, #I>): #I
function	kotlin.context	context		|||||||||Function9	#J	final inline fun <#A: kotlin/Any?, #B: kotlin/Any?, #C: kotlin/Any?, #D: kotlin/Any?, #E: kotlin/Any?, #F: kotlin/Any?, #G: kotlin/Any?, #H: kotlin/Any?, #I: kotlin/Any?, #J: kotlin/Any?> kotlin/context(#A, #B, #C, #D, #E, #F, #G, #H, #I, kotlin/Function9<#A, #B, #C, #D, #E, #F, #G, #H, #I, #J>): #J
function	kotlin.context	context		||||||||||Function10	#K	final inline fun <#A: kotlin/Any?, #B: kotlin/Any?, #C: kotlin/Any?, #D: kotlin/Any?, #E: kotlin/Any?, #F: kotlin/Any?, #G: kotlin/Any?, #H: kotlin/Any?, #I: kotlin/Any?, #J: kotlin/Any?, #K: kotlin/Any?> kotlin/context(#A, #B, #C, #D, #E, #F, #G, #H, #I, #J, kotlin/Function10<#A, #B, #C, #D, #E, #F, #G, #H, #I, #J, #K>): #K
function	kotlin.context	context		|||||||||||Function11	#L	final inline fun <#A: kotlin/Any?, #B: kotlin/Any?, #C: kotlin/Any?, #D: kotlin/Any?, #E: kotlin/Any?, #F: kotlin/Any?, #G: kotlin/Any?, #H: kotlin/Any?, #I: kotlin/Any?, #J: kotlin/Any?, #K: kotlin/Any?, #L: kotlin/Any?> kotlin/context(#A, #B, #C, #D, #E, #F, #G, #H, #I, #J, #K, kotlin/Function11<#A, #B, #C, #D, #E, #F, #G, #H, #I, #J, #K, #L>): #L
function	kotlin.context	context		||||||||||||Function12	#M	final inline fun <#A: kotlin/Any?, #B: kotlin/Any?, #C: kotlin/Any?, #D: kotlin/Any?, #E: kotlin/Any?, #F: kotlin/Any?, #G: kotlin/Any?, #H: kotlin/Any?, #I: kotlin/Any?, #J: kotlin/Any?, #K: kotlin/Any?, #L: kotlin/Any?, #M: kotlin/Any?> kotlin/context(#A, #B, #C, #D, #E, #F, #G, #H, #I, #J, #K, #L, kotlin/Function12<#A, #B, #C, #D, #E, #F, #G, #H, #I, #J, #K, #L, #M>): #M
function	kotlin.context	context		|||||||||||||Function13	#N	final inline fun <#A: kotlin/Any?, #B: kotlin/Any?, #C: kotlin/Any?, #D: kotlin/Any?, #E: kotlin/Any?, #F: kotlin/Any?, #G: kotlin/Any?, #H: kotlin/Any?, #I: kotlin/Any?, #J: kotlin/Any?, #K: kotlin/Any?, #L: kotlin/Any?, #M: kotlin/Any?, #N: kotlin/Any?> kotlin/context(#A, #B, #C, #D, #E, #F, #G, #H, #I, #J, #K, #L, #M, kotlin/Function13<#A, #B, #C, #D, #E, #F, #G, #H, #I, #J, #K, #L, #M, #N>): #N
function	kotlin.context	context		||||||||||||||Function14	#O	final inline fun <#A: kotlin/Any?, #B: kotlin/Any?, #C: kotlin/Any?, #D: kotlin/Any?, #E: kotlin/Any?, #F: kotlin/Any?, #G: kotlin/Any?, #H: kotlin/Any?, #I: kotlin/Any?, #J: kotlin/Any?, #K: kotlin/Any?, #L: kotlin/Any?, #M: kotlin/Any?, #N: kotlin/Any?, #O: kotlin/Any?> kotlin/context(#A, #B, #C, #D, #E, #F, #G, #H, #I, #J, #K, #L, #M, #N, kotlin/Function14<#A, #B, #C, #D, #E, #F, #G, #H, #I, #J, #K, #L, #M, #N, #O>): #O
function	kotlin.context	context		|||||||||||||||Function15	#P	final inline fun <#A: kotlin/Any?, #B: kotlin/Any?, #C: kotlin/Any?, #D: kotlin/Any?, #E: kotlin/Any?, #F: kotlin/Any?, #G: kotlin/Any?, #H: kotlin/Any?, #I: kotlin/Any?, #J: kotlin/Any?, #K: kotlin/Any?, #L: kotlin/Any?, #M: kotlin/Any?, #N: kotlin/Any?, #O: kotlin/Any?, #P: kotlin/Any?> kotlin/context(#A, #B, #C, #D, #E, #F, #G, #H, #I, #J, #K, #L, #M, #N, #O, kotlin/Function15<#A, #B, #C, #D, #E, #F, #G, #H, #I, #J, #K, #L, #M, #N, #O, #P>): #P
function	kotlin.context	context		||||||||||||||||Function16	#Q	final inline fun <#A: kotlin/Any?, #B: kotlin/Any?, #C: kotlin/Any?, #D: kotlin/Any?, #E: kotlin/Any?, #F: kotlin/Any?, #G: kotlin/Any?, #H: kotlin/Any?, #I: kotlin/Any?, #J: kotlin/Any?, #K: kotlin/Any?, #L: kotlin/Any?, #M: kotlin/Any?, #N: kotlin/Any?, #O: kotlin/Any?, #P: kotlin/Any?, #Q: kotlin/Any?> kotlin/context(#A, #B, #C, #D, #E, #F, #G, #H, #I, #J, #K, #L, #M, #N, #O, #P, kotlin/Function16<#A, #B, #C, #D, #E, #F, #G, #H, #I, #J, #K, #L, #M, #N, #O, #P, #Q>): #Q
function	kotlin.context	context		|||||||||||||||||Function17	#R	final inline fun <#A: kotlin/Any?, #B: kotlin/Any?, #C: kotlin/Any?, #D: kotlin/Any?, #E: kotlin/Any?, #F: kotlin/Any?, #G: kotlin/Any?, #H: kotlin/Any?, #I: kotlin/Any?, #J: kotlin/Any?, #K: kotlin/Any?, #L: kotlin/Any?, #M: kotlin/Any?, #N: kotlin/Any?, #O: kotlin/Any?, #P: kotlin/Any?, #Q: kotlin/Any?, #R: kotlin/Any?> kotlin/context(#A, #B, #C, #D, #E, #F, #G, #H, #I, #J, #K, #L, #M, #N, #O, #P, #Q, kotlin/Function17<#A, #B, #C, #D, #E, #F, #G, #H, #I, #J, #K, #L, #M, #N, #O, #P, #Q, #R>): #R
function	kotlin.context	context		||||||||||||||||||Function18	#S	final inline fun <#A: kotlin/Any?, #B: kotlin/Any?, #C: kotlin/Any?, #D: kotlin/Any?, #E: kotlin/Any?, #F: kotlin/Any?, #G: kotlin/Any?, #H: kotlin/Any?, #I: kotlin/Any?, #J: kotlin/Any?, #K: kotlin/Any?, #L: kotlin/Any?, #M: kotlin/Any?, #N: kotlin/Any?, #O: kotlin/Any?, #P: kotlin/Any?, #Q: kotlin/Any?, #R: kotlin/Any?, #S: kotlin/Any?> kotlin/context(#A, #B, #C, #D, #E, #F, #G, #H, #I, #J, #K, #L, #M, #N, #O, #P, #Q, #R, kotlin/Function18<#A, #B, #C, #D, #E, #F, #G, #H, #I, #J, #K, #L, #M, #N, #O, #P, #Q, #R, #S>): #S
function	kotlin.context	context		|||||||||||||||||||Function19	#T	final inline fun <#A: kotlin/Any?, #B: kotlin/Any?, #C: kotlin/Any?, #D: kotlin/Any?, #E: kotlin/Any?, #F: kotlin/Any?, #G: kotlin/Any?, #H: kotlin/Any?, #I: kotlin/Any?, #J: kotlin/Any?, #K: kotlin/Any?, #L: kotlin/Any?, #M: kotlin/Any?, #N: kotlin/Any?, #O: kotlin/Any?, #P: kotlin/Any?, #Q: kotlin/Any?, #R: kotlin/Any?, #S: kotlin/Any?, #T: kotlin/Any?> kotlin/context(#A, #B, #C, #D, #E, #F, #G, #H, #I, #J, #K, #L, #M, #N, #O, #P, #Q, #R, #S, kotlin/Function19<#A, #B, #C, #D, #E, #F, #G, #H, #I, #J, #K, #L, #M, #N, #O, #P, #Q, #R, #S, #T>): #T
function	kotlin.context	context		||||||||||||||||||||Function20	#U	final inline fun <#A: kotlin/Any?, #B: kotlin/Any?, #C: kotlin/Any?, #D: kotlin/Any?, #E: kotlin/Any?, #F: kotlin/Any?, #G: kotlin/Any?, #H: kotlin/Any?, #I: kotlin/Any?, #J: kotlin/Any?, #K: kotlin/Any?, #L: kotlin/Any?, #M: kotlin/Any?, #N: kotlin/Any?, #O: kotlin/Any?, #P: kotlin/Any?, #Q: kotlin/Any?, #R: kotlin/Any?, #S: kotlin/Any?, #T: kotlin/Any?, #U: kotlin/Any?> kotlin/context(#A, #B, #C, #D, #E, #F, #G, #H, #I, #J, #K, #L, #M, #N, #O, #P, #Q, #R, #S, #T, kotlin/Function20<#A, #B, #C, #D, #E, #F, #G, #H, #I, #J, #K, #L, #M, #N, #O, #P, #Q, #R, #S, #T, #U>): #U
function	kotlin.context	context		|||||||||||||||||||||Function21	#V	final inline fun <#A: kotlin/Any?, #B: kotlin/Any?, #C: kotlin/Any?, #D: kotlin/Any?, #E: kotlin/Any?, #F: kotlin/Any?, #G: kotlin/Any?, #H: kotlin/Any?, #I: kotlin/Any?, #J: kotlin/Any?, #K: kotlin/Any?, #L: kotlin/Any?, #M: kotlin/Any?, #N: kotlin/Any?, #O: kotlin/Any?, #P: kotlin/Any?, #Q: kotlin/Any?, #R: kotlin/Any?, #S: kotlin/Any?, #T: kotlin/Any?, #U: kotlin/Any?, #V: kotlin/Any?> kotlin/context(#A, #B, #C, #D, #E, #F, #G, #H, #I, #J, #K, #L, #M, #N, #O, #P, #Q, #R, #S, #T, #U, kotlin/Function21<#A, #B, #C, #D, #E, #F, #G, #H, #I, #J, #K, #L, #M, #N, #O, #P, #Q, #R, #S, #T, #U, #V>): #V
function	kotlin.context	context		||||||||||||||||||||||Function22	#W	final inline fun <#A: kotlin/Any?, #B: kotlin/Any?, #C: kotlin/Any?, #D: kotlin/Any?, #E: kotlin/Any?, #F: kotlin/Any?, #G: kotlin/Any?, #H: kotlin/Any?, #I: kotlin/Any?, #J: kotlin/Any?, #K: kotlin/Any?, #L: kotlin/Any?, #M: kotlin/Any?, #N: kotlin/Any?, #O: kotlin/Any?, #P: kotlin/Any?, #Q: kotlin/Any?, #R: kotlin/Any?, #S: kotlin/Any?, #T: kotlin/Any?, #U: kotlin/Any?, #V: kotlin/Any?, #W: kotlin/Any?> kotlin/context(#A, #B, #C, #D, #E, #F, #G, #H, #I, #J, #K, #L, #M, #N, #O, #P, #Q, #R, #S, #T, #U, #V, kotlin/Function22<#A, #B, #C, #D, #E, #F, #G, #H, #I, #J, #K, #L, #M, #N, #O, #P, #Q, #R, #S, #T, #U, #V, #W>): #W
function	kotlin.contextOf	contextOf			#A	final inline fun <#A: kotlin/Any?> (context(#A)).kotlin/contextOf(): #A
function	kotlin.createFailure	createFailure		Throwable	Any	final fun kotlin/createFailure(kotlin/Throwable): kotlin/Any
function	kotlin.doubleArrayOf	doubleArrayOf		Array	DoubleArray	final inline fun kotlin/doubleArrayOf(kotlin/DoubleArray...): kotlin/DoubleArray
function	kotlin.doubleToUInt	doubleToUInt		Double	UInt	final fun kotlin/doubleToUInt(kotlin/Double): kotlin/UInt
function	kotlin.doubleToULong	doubleToULong		Double	ULong	final fun kotlin/doubleToULong(kotlin/Double): kotlin/ULong
function	kotlin.enumValueOf	enumValueOf		String	#A	final inline fun <#A: reified kotlin/Enum<#A>> kotlin/enumValueOf(kotlin/String): #A
function	kotlin.enumValues	enumValues			Array	final inline fun <#A: reified kotlin/Enum<#A>> kotlin/enumValues(): kotlin/Array<#A>
function	kotlin.floatArrayOf	floatArrayOf		Array	FloatArray	final inline fun kotlin/floatArrayOf(kotlin/FloatArray...): kotlin/FloatArray
function	kotlin.floatToUInt	floatToUInt		Float	UInt	final inline fun kotlin/floatToUInt(kotlin/Float): kotlin/UInt
function	kotlin.floatToULong	floatToULong		Float	ULong	final inline fun kotlin/floatToULong(kotlin/Float): kotlin/ULong
function	kotlin.fromBits	fromBits		Int	Float	final fun kotlin/fromBits(kotlin/Int): kotlin/Float
function	kotlin.fromBits	fromBits		Long	Double	final fun kotlin/fromBits(kotlin/Long): kotlin/Double
function	kotlin.fromBits	fromBits	Companion	Long	Double	final inline fun (kotlin/Double.Companion).kotlin/fromBits(kotlin/Long): kotlin/Double
function	kotlin.fromBits	fromBits	Companion	Int	Float	final inline fun (kotlin/Float.Companion).kotlin/fromBits(kotlin/Int): kotlin/Float
function	kotlin.getValue	getValue	KProperty1	|KProperty	#B	final inline fun <#A: kotlin/Any?, #B: kotlin/Any?> (kotlin.reflect/KProperty1<#A, #B>).kotlin/getValue(#A, kotlin.reflect/KProperty<*>): #B
function	kotlin.getValue	getValue	KProperty0	Any|KProperty	#A	final inline fun <#A: kotlin/Any?> (kotlin.reflect/KProperty0<#A>).kotlin/getValue(kotlin/Any?, kotlin.reflect/KProperty<*>): #A
function	kotlin.getValue	getValue	Lazy	Any|KProperty	#A	final inline fun <#A: kotlin/Any?> (kotlin/Lazy<#A>).kotlin/getValue(kotlin/Any?, kotlin.reflect/KProperty<*>): #A
function	kotlin.intArrayOf	intArrayOf		Array	IntArray	final inline fun kotlin/intArrayOf(kotlin/IntArray...): kotlin/IntArray
function	kotlin.invoke	invoke	DeepRecursiveFunction		#B	final fun <#A: kotlin/Any?, #B: kotlin/Any?> (kotlin/DeepRecursiveFunction<#A, #B>).kotlin/invoke(#A): #B
function	kotlin.isAssertionArgumentEvaluationEnabled	isAssertionArgumentEvaluationEnabled			Boolean	final fun kotlin/isAssertionArgumentEvaluationEnabled(): kotlin/Boolean
function	kotlin.isAssertionThrowingErrorEnabled	isAssertionThrowingErrorEnabled			Boolean	final fun kotlin/isAssertionThrowingErrorEnabled(): kotlin/Boolean
function	kotlin.lazy	lazy		Function0	Lazy	final fun <#A: kotlin/Any?> kotlin/lazy(kotlin/Function0<#A>): kotlin/Lazy<#A>
function	kotlin.lazy	lazy		Any|Function0	Lazy	final fun <#A: kotlin/Any?> kotlin/lazy(kotlin/Any?, kotlin/Function0<#A>): kotlin/Lazy<#A>
function	kotlin.lazy	lazy		LazyThreadSafetyMode|Function0	Lazy	final fun <#A: kotlin/Any?> kotlin/lazy(kotlin/LazyThreadSafetyMode, kotlin/Function0<#A>): kotlin/Lazy<#A>
function	kotlin.lazyOf	lazyOf			Lazy	final fun <#A: kotlin/Any?> kotlin/lazyOf(#A): kotlin/Lazy<#A>
function	kotlin.let	let		Function1	#B	final inline fun <#A: kotlin/Any?, #B: kotlin/Any?> (#A).kotlin/let(kotlin/Function1<#A, #B>): #B
function	kotlin.longArrayOf	longArrayOf		Array	LongArray	final inline fun kotlin/longArrayOf(kotlin/LongArray...): kotlin/LongArray
function	kotlin.requireNotNull	requireNotNull			#A	final inline fun <#A: kotlin/Any> kotlin/requireNotNull(#A?): #A
function	kotlin.requireNotNull	requireNotNull		|Function0	#A	final inline fun <#A: kotlin/Any> kotlin/requireNotNull(#A?, kotlin/Function0<kotlin/Any>): #A
function	kotlin.run	run		Function0	#A	final inline fun <#A: kotlin/Any?> kotlin/run(kotlin/Function0<#A>): #A
function	kotlin.run	run		Function1	#B	final inline fun <#A: kotlin/Any?, #B: kotlin/Any?> (#A).kotlin/run(kotlin/Function1<#A, #B>): #B
function	kotlin.runCatching	runCatching		Function1	Result	final inline fun <#A: kotlin/Any?, #B: kotlin/Any?> (#A).kotlin/runCatching(kotlin/Function1<#A, #B>): kotlin/Result<#B>
function	kotlin.setValue	setValue	KMutableProperty1	|KProperty|	Unit	final inline fun <#A: kotlin/Any?, #B: kotlin/Any?> (kotlin.reflect/KMutableProperty1<#A, #B>).kotlin/setValue(#A, kotlin.reflect/KProperty<*>, #B)
function	kotlin.setValue	setValue	KMutableProperty0	Any|KProperty|	Unit	final inline fun <#A: kotlin/Any?> (kotlin.reflect/KMutableProperty0<#A>).kotlin/setValue(kotlin/Any?, kotlin.reflect/KProperty<*>, #A)
function	kotlin.shortArrayOf	shortArrayOf		Array	ShortArray	final inline fun kotlin/shortArrayOf(kotlin/ShortArray...): kotlin/ShortArray
function	kotlin.suspend	suspend		SuspendFunction0	SuspendFunction0	final inline fun <#A: kotlin/Any?> kotlin/suspend(noinline kotlin.coroutines/SuspendFunction0<#A>): kotlin.coroutines/SuspendFunction0<#A>
function	kotlin.takeIf	takeIf		Function1	#A	final inline fun <#A: kotlin/Any?> (#A).kotlin/takeIf(kotlin/Function1<#A, kotlin/Boolean>): #A?
function	kotlin.takeUnless	takeUnless		Function1	#A	final inline fun <#A: kotlin/Any?> (#A).kotlin/takeUnless(kotlin/Function1<#A, kotlin/Boolean>): #A?
function	kotlin.ubyteArrayOf	ubyteArrayOf		Array	UByteArray	final inline fun kotlin/ubyteArrayOf(kotlin/UByteArray...): kotlin/UByteArray
function	kotlin.uintArrayOf	uintArrayOf		Array	UIntArray	final inline fun kotlin/uintArrayOf(kotlin/UIntArray...): kotlin/UIntArray
function	kotlin.uintCompare	uintCompare		Int|Int	Int	final fun kotlin/uintCompare(kotlin/Int, kotlin/Int): kotlin/Int
function	kotlin.uintDivide	uintDivide		UInt|UInt	UInt	final fun kotlin/uintDivide(kotlin/UInt, kotlin/UInt): kotlin/UInt
function	kotlin.uintRemainder	uintRemainder		UInt|UInt	UInt	final fun kotlin/uintRemainder(kotlin/UInt, kotlin/UInt): kotlin/UInt
function	kotlin.uintToDouble	uintToDouble		Int	Double	final fun kotlin/uintToDouble(kotlin/Int): kotlin/Double
function	kotlin.uintToFloat	uintToFloat		Int	Float	final inline fun kotlin/uintToFloat(kotlin/Int): kotlin/Float
function	kotlin.uintToLong	uintToLong		Int	Long	final inline fun kotlin/uintToLong(kotlin/Int): kotlin/Long
function	kotlin.uintToULong	uintToULong		Int	ULong	final inline fun kotlin/uintToULong(kotlin/Int): kotlin/ULong
function	kotlin.ulongArrayOf	ulongArrayOf		Array	ULongArray	final inline fun kotlin/ulongArrayOf(kotlin/ULongArray...): kotlin/ULongArray
function	kotlin.ulongCompare	ulongCompare		Long|Long	Int	final fun kotlin/ulongCompare(kotlin/Long, kotlin/Long): kotlin/Int
function	kotlin.ulongDivide	ulongDivide		ULong|ULong	ULong	final fun kotlin/ulongDivide(kotlin/ULong, kotlin/ULong): kotlin/ULong
function	kotlin.ulongRemainder	ulongRemainder		ULong|ULong	ULong	final fun kotlin/ulongRemainder(kotlin/ULong, kotlin/ULong): kotlin/ULong
function	kotlin.ulongToDouble	ulongToDouble		Long	Double	final fun kotlin/ulongToDouble(kotlin/Long): kotlin/Double
function	kotlin.ulongToFloat	ulongToFloat		Long	Float	final inline fun kotlin/ulongToFloat(kotlin/Long): kotlin/Float
function	kotlin.use	use		Function1	#B	final inline fun <#A: kotlin/AutoCloseable?, #B: kotlin/Any?> (#A).kotlin/use(kotlin/Function1<#A, #B>): #B
function	kotlin.ushortArrayOf	ushortArrayOf		Array	UShortArray	final inline fun kotlin/ushortArrayOf(kotlin/UShortArray...): kotlin/UShortArray
function	kotlin.with	with		|Function1	#B	final inline fun <#A: kotlin/Any?, #B: kotlin/Any?> kotlin/with(#A, kotlin/Function1<#A, #B>): #B
function	kotlin.collections.Iterable	Iterable		Function0	Iterable	final inline fun <#A: kotlin/Any?> kotlin.collections/Iterable(crossinline kotlin/Function0<kotlin.collections/Iterator<#A>>): kotlin.collections/Iterable<#A>
function	kotlin.collections.List	List		Int|Function1	List	final inline fun <#A: kotlin/Any?> kotlin.collections/List(kotlin/Int, kotlin/Function1<kotlin/Int, #A>): kotlin.collections/List<#A>
function	kotlin.collections.MutableList	MutableList		Int|Function1	MutableList	final inline fun <#A: kotlin/Any?> kotlin.collections/MutableList(kotlin/Int, kotlin/Function1<kotlin/Int, #A>): kotlin.collections/MutableList<#A>
function	kotlin.collections.addAll	addAll	MutableCollection	Iterable	Boolean	final fun <#A: kotlin/Any?> (kotlin.collections/MutableCollection<in #A>).kotlin.collections/addAll(kotlin.collections/Iterable<#A>): kotlin/Boolean
function	kotlin.collections.addAll	addAll	MutableCollection	Sequence	Boolean	final fun <#A: kotlin/Any?> (kotlin.collections/MutableCollection<in #A>).kotlin.collections/addAll(kotlin.sequences/Sequence<#A>): kotlin/Boolean
function	kotlin.collections.addAll	addAll	MutableCollection	Array	Boolean	final fun <#A: kotlin/Any?> (kotlin.collections/MutableCollection<in #A>).kotlin.collections/addAll(kotlin/Array<out #A>): kotlin/Boolean
function	kotlin.collections.aggregateTo	aggregateTo	Grouping	|Function4	#D	final inline fun <#A: kotlin/Any?, #B: kotlin/Any?, #C: kotlin/Any?, #D: kotlin.collections/MutableMap<in #B, #C>> (kotlin.collections/Grouping<#A, #B>).kotlin.collections/aggregateTo(#D, kotlin/Function4<#B, #C?, #A, kotlin/Boolean, #C>): #D
function	kotlin.collections.any	any	Map		Boolean	final fun <#A: kotlin/Any?, #B: kotlin/Any?> (kotlin.collections/Map<out #A, #B>).kotlin.collections/any(): kotlin/Boolean
function	kotlin.collections.arrayListOf	arrayListOf			ArrayList	final inline fun <#A: kotlin/Any?> kotlin.collections/arrayListOf(): kotlin.collections/ArrayList<#A>
function	kotlin.collections.arrayListOf	arrayListOf		Array	ArrayList	final fun <#A: kotlin/Any?> kotlin.collections/arrayListOf(kotlin/Array<out #A>...): kotlin.collections/ArrayList<#A>
function	kotlin.collections.arrayOfUninitializedElements	arrayOfUninitializedElements		Int	Array	final inline fun <#A: kotlin/Any?> kotlin.collections/arrayOfUninitializedElements(kotlin/Int): kotlin/Array<#A>
function	kotlin.collections.asIterable	asIterable	Map		Iterable	final inline fun <#A: kotlin/Any?, #B: kotlin/Any?> (kotlin.collections/Map<out #A, #B>).kotlin.collections/asIterable(): kotlin.collections/Iterable<kotlin.collections/Map.Entry<#A, #B>>
function	kotlin.collections.asIterable	asIterable	Iterable		Iterable	final inline fun <#A: kotlin/Any?> (kotlin.collections/Iterable<#A>).kotlin.collections/asIterable(): kotlin.collections/Iterable<#A>
function	kotlin.collections.asReversed	asReversed	MutableList		MutableList	final fun <#A: kotlin/Any?> (kotlin.collections/MutableList<#A>).kotlin.collections/asReversed(): kotlin.collections/MutableList<#A>
function	kotlin.collections.asSequence	asSequence	Map		Sequence	final fun <#A: kotlin/Any?, #B: kotlin/Any?> (kotlin.collections/Map<out #A, #B>).kotlin.collections/asSequence(): kotlin.sequences/Sequence<kotlin.collections/Map.Entry<#A, #B>>
function	kotlin.collections.associate	associate	Iterable	Function1	Map	final inline fun <#A: kotlin/Any?, #B: kotlin/Any?, #C: kotlin/Any?> (kotlin.collections/Iterable<#A>).kotlin.collections/associate(kotlin/Function1<#A, kotlin/Pair<#B, #C>>): kotlin.collections/Map<#B, #C>
function	kotlin.collections.associateBy	associateBy	Iterable	Function1	Map	final inline fun <#A: kotlin/Any?, #B: kotlin/Any?> (kotlin.collections/Iterable<#A>).kotlin.collections/associateBy(kotlin/Function1<#A, #B>): kotlin.collections/Map<#B, #A>
function	kotlin.collections.associateBy	associateBy	Iterable	Function1|Function1	Map	final inline fun <#A: kotlin/Any?, #B: kotlin/Any?, #C: kotlin/Any?> (kotlin.collections/Iterable<#A>).kotlin.collections/associateBy(kotlin/Function1<#A, #B>, kotlin/Function1<#A, #C>): kotlin.collections/Map<#B, #C>
function	kotlin.collections.associateByTo	associateByTo	Iterable	|Function1	#C	final inline fun <#A: kotlin/Any?, #B: kotlin/Any?, #C: kotlin.collections/MutableMap<in #B, in #A>> (kotlin.collections/Iterable<#A>).kotlin.collections/associateByTo(#C, kotlin/Function1<#A, #B>): #C
function	kotlin.collections.associateByTo	associateByTo	Iterable	|Function1|Function1	#D	final inline fun <#A: kotlin/Any?, #B: kotlin/Any?, #C: kotlin/Any?, #D: kotlin.collections/MutableMap<in #B, in #C>> (kotlin.collections/Iterable<#A>).kotlin.collections/associateByTo(#D, kotlin/Function1<#A, #B>, kotlin/Function1<#A, #C>): #D
function	kotlin.collections.associateTo	associateTo	Iterable	|Function1	#D	final inline fun <#A: kotlin/Any?, #B: kotlin/Any?, #C: kotlin/Any?, #D: kotlin.collections/MutableMap<in #B, in #C>> (kotlin.collections/Iterable<#A>).kotlin.collections/associateTo(#D, kotlin/Function1<#A, kotlin/Pair<#B, #C>>): #D
function	kotlin.collections.associateWith	associateWith	Iterable	Function1	Map	final inline fun <#A: kotlin/Any?, #B: kotlin/Any?> (kotlin.collections/Iterable<#A>).kotlin.collections/associateWith(kotlin/Function1<#A, #B>): kotlin.collections/Map<#A, #B>
function	kotlin.collections.associateWithTo	associateWithTo	Iterable	|Function1	#C	final inline fun <#A: kotlin/Any?, #B: kotlin/Any?, #C: kotlin.collections/MutableMap<in #A, in #B>> (kotlin.collections/Iterable<#A>).kotlin.collections/associateWithTo(#C, kotlin/Function1<#A, #B>): #C
function	kotlin.collections.average	average	Iterable		Double	final fun (kotlin.collections/Iterable<kotlin/Byte>).kotlin.collections/average(): kotlin/Double
function	kotlin.collections.average	average	Iterable		Double	final fun (kotlin.collections/Iterable<kotlin/Double>).kotlin.collections/average(): kotlin/Double
function	kotlin.collections.average	average	Iterable		Double	final fun (kotlin.collections/Iterable<kotlin/Float>).kotlin.collections/average(): kotlin/Double
function	kotlin.collections.average	average	Iterable		Double	final fun (kotlin.collections/Iterable<kotlin/Int>).kotlin.collections/average(): kotlin/Double
function	kotlin.collections.average	average	Iterable		Double	final fun (kotlin.collections/Iterable<kotlin/Long>).kotlin.collections/average(): kotlin/Double
function	kotlin.collections.average	average	Iterable		Double	final fun (kotlin.collections/Iterable<kotlin/Short>).kotlin.collections/average(): kotlin/Double
function	kotlin.collections.buildList	buildList		Function1	List	final inline fun <#A: kotlin/Any?> kotlin.collections/buildList(kotlin/Function1<kotlin.collections/MutableList<#A>, kotlin/Unit>): kotlin.collections/List<#A>
function	kotlin.collections.buildList	buildList		Int|Function1	List	final inline fun <#A: kotlin/Any?> kotlin.collections/buildList(kotlin/Int, kotlin/Function1<kotlin.collections/MutableList<#A>, kotlin/Unit>): kotlin.collections/List<#A>
function	kotlin.collections.buildListInternal	buildListInternal		Function1	List	final inline fun <#A: kotlin/Any?> kotlin.collections/buildListInternal(kotlin/Function1<kotlin.collections/MutableList<#A>, kotlin/Unit>): kotlin.collections/List<#A>
function	kotlin.collections.buildListInternal	buildListInternal		Int|Function1	List	final inline fun <#A: kotlin/Any?> kotlin.collections/buildListInternal(kotlin/Int, kotlin/Function1<kotlin.collections/MutableList<#A>, kotlin/Unit>): kotlin.collections/List<#A>
function	kotlin.collections.buildMap	buildMap		Function1	Map	final inline fun <#A: kotlin/Any?, #B: kotlin/Any?> kotlin.collections/buildMap(kotlin/Function1<kotlin.collections/MutableMap<#A, #B>, kotlin/Unit>): kotlin.collections/Map<#A, #B>
function	kotlin.collections.buildMap	buildMap		Int|Function1	Map	final inline fun <#A: kotlin/Any?, #B: kotlin/Any?> kotlin.collections/buildMap(kotlin/Int, kotlin/Function1<kotlin.collections/MutableMap<#A, #B>, kotlin/Unit>): kotlin.collections/Map<#A, #B>
function	kotlin.collections.buildMapInternal	buildMapInternal		Function1	Map	final inline fun <#A: kotlin/Any?, #B: kotlin/Any?> kotlin.collections/buildMapInternal(kotlin/Function1<kotlin.collections/MutableMap<#A, #B>, kotlin/Unit>): kotlin.collections/Map<#A, #B>
function	kotlin.collections.buildMapInternal	buildMapInternal		Int|Function1	Map	final inline fun <#A: kotlin/Any?, #B: kotlin/Any?> kotlin.collections/buildMapInternal(kotlin/Int, kotlin/Function1<kotlin.collections/MutableMap<#A, #B>, kotlin/Unit>): kotlin.collections/Map<#A, #B>
function	kotlin.collections.buildSet	buildSet		Function1	Set	final inline fun <#A: kotlin/Any?> kotlin.collections/buildSet(kotlin/Function1<kotlin.collections/MutableSet<#A>, kotlin/Unit>): kotlin.collections/Set<#A>
function	kotlin.collections.buildSet	buildSet		Int|Function1	Set	final inline fun <#A: kotlin/Any?> kotlin.collections/buildSet(kotlin/Int, kotlin/Function1<kotlin.collections/MutableSet<#A>, kotlin/Unit>): kotlin.collections/Set<#A>
function	kotlin.collections.buildSetInternal	buildSetInternal		Function1	Set	final inline fun <#A: kotlin/Any?> kotlin.collections/buildSetInternal(kotlin/Function1<kotlin.collections/MutableSet<#A>, kotlin/Unit>): kotlin.collections/Set<#A>
function	kotlin.collections.buildSetInternal	buildSetInternal		Int|Function1	Set	final inline fun <#A: kotlin/Any?> kotlin.collections/buildSetInternal(kotlin/Int, kotlin/Function1<kotlin.collections/MutableSet<#A>, kotlin/Unit>): kotlin.collections/Set<#A>
function	kotlin.collections.checkCountOverflow	checkCountOverflow		Int	Int	final inline fun kotlin.collections/checkCountOverflow(kotlin/Int): kotlin/Int
function	kotlin.collections.checkIndexOverflow	checkIndexOverflow		Int	Int	final inline fun kotlin.collections/checkIndexOverflow(kotlin/Int): kotlin/Int
function	kotlin.collections.collectionSizeOrDefault	collectionSizeOrDefault	Iterable	Int	Int	final fun <#A: kotlin/Any?> (kotlin.collections/Iterable<#A>).kotlin.collections/collectionSizeOrDefault(kotlin/Int): kotlin/Int
function	kotlin.collections.collectionSizeOrNull	collectionSizeOrNull	Iterable		Int	final fun <#A: kotlin/Any?> (kotlin.collections/Iterable<#A>).kotlin.collections/collectionSizeOrNull(): kotlin/Int?
function	kotlin.collections.component1	component1	Entry		#A	final inline fun <#A: kotlin/Any?, #B: kotlin/Any?> (kotlin.collections/Map.Entry<#A, #B>).kotlin.collections/component1(): #A
function	kotlin.collections.component1	component1	List		#A	final inline fun <#A: kotlin/Any?> (kotlin.collections/List<#A>).kotlin.collections/component1(): #A
function	kotlin.collections.component2	component2	Entry		#B	final inline fun <#A: kotlin/Any?, #B: kotlin/Any?> (kotlin.collections/Map.Entry<#A, #B>).kotlin.collections/component2(): #B
function	kotlin.collections.component2	component2	List		#A	final inline fun <#A: kotlin/Any?> (kotlin.collections/List<#A>).kotlin.collections/component2(): #A
function	kotlin.collections.component3	component3	List		#A	final inline fun <#A: kotlin/Any?> (kotlin.collections/List<#A>).kotlin.collections/component3(): #A
function	kotlin.collections.component4	component4	List		#A	final inline fun <#A: kotlin/Any?> (kotlin.collections/List<#A>).kotlin.collections/component4(): #A
function	kotlin.collections.component5	component5	List		#A	final inline fun <#A: kotlin/Any?> (kotlin.collections/List<#A>).kotlin.collections/component5(): #A
function	kotlin.collections.contains	contains	Iterable		Boolean	final fun <#A: kotlin/Any?> (kotlin.collections/Iterable<#A>).kotlin.collections/contains(#A): kotlin/Boolean
function	kotlin.collections.contains	contains	Map		Boolean	final inline fun <#A: kotlin/Any?, #B: kotlin/Any?> (kotlin.collections/Map<out #A, #B>).kotlin.collections/contains(#A): kotlin/Boolean
function	kotlin.collections.containsAll	containsAll	Collection	Collection	Boolean	final inline fun <#A: kotlin/Any?> (kotlin.collections/Collection<#A>).kotlin.collections/containsAll(kotlin.collections/Collection<#A>): kotlin/Boolean
function	kotlin.collections.count	count	Iterable		Int	final fun <#A: kotlin/Any?> (kotlin.collections/Iterable<#A>).kotlin.collections/count(): kotlin/Int
function	kotlin.collections.count	count	Map		Int	final inline fun <#A: kotlin/Any?, #B: kotlin/Any?> (kotlin.collections/Map<out #A, #B>).kotlin.collections/count(): kotlin/Int
function	kotlin.collections.count	count	Collection		Int	final inline fun <#A: kotlin/Any?> (kotlin.collections/Collection<#A>).kotlin.collections/count(): kotlin/Int
function	kotlin.collections.count	count	Iterable	Function1	Int	final inline fun <#A: kotlin/Any?> (kotlin.collections/Iterable<#A>).kotlin.collections/count(kotlin/Function1<#A, kotlin/Boolean>): kotlin/Int
function	kotlin.collections.drop	drop	Iterable	Int	List	final fun <#A: kotlin/Any?> (kotlin.collections/Iterable<#A>).kotlin.collections/drop(kotlin/Int): kotlin.collections/List<#A>
function	kotlin.collections.dropWhile	dropWhile	Iterable	Function1	List	final inline fun <#A: kotlin/Any?> (kotlin.collections/Iterable<#A>).kotlin.collections/dropWhile(kotlin/Function1<#A, kotlin/Boolean>): kotlin.collections/List<#A>
function	kotlin.collections.eachCountTo	eachCountTo	Grouping		#C	final fun <#A: kotlin/Any?, #B: kotlin/Any?, #C: kotlin.collections/MutableMap<in #B, kotlin/Int>> (kotlin.collections/Grouping<#A, #B>).kotlin.collections/eachCountTo(#C): #C
function	kotlin.collections.elementAt	elementAt	Iterable	Int	#A	final fun <#A: kotlin/Any?> (kotlin.collections/Iterable<#A>).kotlin.collections/elementAt(kotlin/Int): #A
function	kotlin.collections.elementAt	elementAt	List	Int	#A	final inline fun <#A: kotlin/Any?> (kotlin.collections/List<#A>).kotlin.collections/elementAt(kotlin/Int): #A
function	kotlin.collections.elementAtOrElse	elementAtOrElse	Iterable	Int|Function1	#A	final fun <#A: kotlin/Any?> (kotlin.collections/Iterable<#A>).kotlin.collections/elementAtOrElse(kotlin/Int, kotlin/Function1<kotlin/Int, #A>): #A
function	kotlin.collections.elementAtOrElse	elementAtOrElse	List	Int|Function1	#A	final inline fun <#A: kotlin/Any?> (kotlin.collections/List<#A>).kotlin.collections/elementAtOrElse(kotlin/Int, kotlin/Function1<kotlin/Int, #A>): #A
function	kotlin.collections.elementAtOrNull	elementAtOrNull	Iterable	Int	#A	final fun <#A: kotlin/Any?> (kotlin.collections/Iterable<#A>).kotlin.collections/elementAtOrNull(kotlin/Int): #A?
function	kotlin.collections.elementAtOrNull	elementAtOrNull	List	Int	#A	final inline fun <#A: kotlin/Any?> (kotlin.collections/List<#A>).kotlin.collections/elementAtOrNull(kotlin/Int): #A?
function	kotlin.collections.filter	filter	Iterable	Function1	List	final inline fun <#A: kotlin/Any?> (kotlin.collections/Iterable<#A>).kotlin.collections/filter(kotlin/Function1<#A, kotlin/Boolean>): kotlin.collections/List<#A>
function	kotlin.collections.filterIndexed	filterIndexed	Iterable	Function2	List	final inline fun <#A: kotlin/Any?> (kotlin.collections/Iterable<#A>).kotlin.collections/filterIndexed(kotlin/Function2<kotlin/Int, #A, kotlin/Boolean>): kotlin.collections/List<#A>
function	kotlin.collections.filterIndexedTo	filterIndexedTo	Iterable	|Function2	#B	final inline fun <#A: kotlin/Any?, #B: kotlin.collections/MutableCollection<in #A>> (kotlin.collections/Iterable<#A>).kotlin.collections/filterIndexedTo(#B, kotlin/Function2<kotlin/Int, #A, kotlin/Boolean>): #B
function	kotlin.collections.filterIsInstance	filterIsInstance	Iterable		List	final inline fun <#A: reified kotlin/Any?> (kotlin.collections/Iterable<*>).kotlin.collections/filterIsInstance(): kotlin.collections/List<#A>
function	kotlin.collections.filterIsInstanceTo	filterIsInstanceTo	Iterable		#B	final inline fun <#A: reified kotlin/Any?, #B: kotlin.collections/MutableCollection<in #A>> (kotlin.collections/Iterable<*>).kotlin.collections/filterIsInstanceTo(#B): #B
function	kotlin.collections.filterNot	filterNot	Iterable	Function1	List	final inline fun <#A: kotlin/Any?> (kotlin.collections/Iterable<#A>).kotlin.collections/filterNot(kotlin/Function1<#A, kotlin/Boolean>): kotlin.collections/List<#A>
function	kotlin.collections.filterNotNull	filterNotNull	Iterable		List	final fun <#A: kotlin/Any> (kotlin.collections/Iterable<#A?>).kotlin.collections/filterNotNull(): kotlin.collections/List<#A>
function	kotlin.collections.filterNotNullTo	filterNotNullTo	Iterable		#A	final fun <#A: kotlin.collections/MutableCollection<in #B>, #B: kotlin/Any> (kotlin.collections/Iterable<#B?>).kotlin.collections/filterNotNullTo(#A): #A
function	kotlin.collections.filterNotTo	filterNotTo	Iterable	|Function1	#B	final inline fun <#A: kotlin/Any?, #B: kotlin.collections/MutableCollection<in #A>> (kotlin.collections/Iterable<#A>).kotlin.collections/filterNotTo(#B, kotlin/Function1<#A, kotlin/Boolean>): #B
function	kotlin.collections.filterNotTo	filterNotTo	Map	|Function1	#C	final inline fun <#A: kotlin/Any?, #B: kotlin/Any?, #C: kotlin.collections/MutableMap<in #A, in #B>> (kotlin.collections/Map<out #A, #B>).kotlin.collections/filterNotTo(#C, kotlin/Function1<kotlin.collections/Map.Entry<#A, #B>, kotlin/Boolean>): #C
function	kotlin.collections.filterTo	filterTo	Iterable	|Function1	#B	final inline fun <#A: kotlin/Any?, #B: kotlin.collections/MutableCollection<in #A>> (kotlin.collections/Iterable<#A>).kotlin.collections/filterTo(#B, kotlin/Function1<#A, kotlin/Boolean>): #B
function	kotlin.collections.filterTo	filterTo	Map	|Function1	#C	final inline fun <#A: kotlin/Any?, #B: kotlin/Any?, #C: kotlin.collections/MutableMap<in #A, in #B>> (kotlin.collections/Map<out #A, #B>).kotlin.collections/filterTo(#C, kotlin/Function1<kotlin.collections/Map.Entry<#A, #B>, kotlin/Boolean>): #C
function	kotlin.collections.find	find	Iterable	Function1	#A	final inline fun <#A: kotlin/Any?> (kotlin.collections/Iterable<#A>).kotlin.collections/find(kotlin/Function1<#A, kotlin/Boolean>): #A?
function	kotlin.collections.findLast	findLast	Iterable	Function1	#A	final inline fun <#A: kotlin/Any?> (kotlin.collections/Iterable<#A>).kotlin.collections/findLast(kotlin/Function1<#A, kotlin/Boolean>): #A?
function	kotlin.collections.findLast	findLast	List	Function1	#A	final inline fun <#A: kotlin/Any?> (kotlin.collections/List<#A>).kotlin.collections/findLast(kotlin/Function1<#A, kotlin/Boolean>): #A?
function	kotlin.collections.first	first	Iterable		#A	final fun <#A: kotlin/Any?> (kotlin.collections/Iterable<#A>).kotlin.collections/first(): #A
function	kotlin.collections.first	first	List		#A	final fun <#A: kotlin/Any?> (kotlin.collections/List<#A>).kotlin.collections/first(): #A
function	kotlin.collections.first	first	Iterable	Function1	#A	final inline fun <#A: kotlin/Any?> (kotlin.collections/Iterable<#A>).kotlin.collections/first(kotlin/Function1<#A, kotlin/Boolean>): #A
function	kotlin.collections.firstNotNullOf	firstNotNullOf	Iterable	Function1	#B	final inline fun <#A: kotlin/Any?, #B: kotlin/Any> (kotlin.collections/Iterable<#A>).kotlin.collections/firstNotNullOf(kotlin/Function1<#A, #B?>): #B
function	kotlin.collections.firstNotNullOf	firstNotNullOf	Map	Function1	#C	final inline fun <#A: kotlin/Any?, #B: kotlin/Any?, #C: kotlin/Any> (kotlin.collections/Map<out #A, #B>).kotlin.collections/firstNotNullOf(kotlin/Function1<kotlin.collections/Map.Entry<#A, #B>, #C?>): #C
function	kotlin.collections.firstNotNullOfOrNull	firstNotNullOfOrNull	Iterable	Function1	#B	final inline fun <#A: kotlin/Any?, #B: kotlin/Any> (kotlin.collections/Iterable<#A>).kotlin.collections/firstNotNullOfOrNull(kotlin/Function1<#A, #B?>): #B?
function	kotlin.collections.firstNotNullOfOrNull	firstNotNullOfOrNull	Map	Function1	#C	final inline fun <#A: kotlin/Any?, #B: kotlin/Any?, #C: kotlin/Any> (kotlin.collections/Map<out #A, #B>).kotlin.collections/firstNotNullOfOrNull(kotlin/Function1<kotlin.collections/Map.Entry<#A, #B>, #C?>): #C?
function	kotlin.collections.firstOrNull	firstOrNull	Iterable		#A	final fun <#A: kotlin/Any?> (kotlin.collections/Iterable<#A>).kotlin.collections/firstOrNull(): #A?
function	kotlin.collections.firstOrNull	firstOrNull	List		#A	final fun <#A: kotlin/Any?> (kotlin.collections/List<#A>).kotlin.collections/firstOrNull(): #A?
function	kotlin.collections.firstOrNull	firstOrNull	Iterable	Function1	#A	final inline fun <#A: kotlin/Any?> (kotlin.collections/Iterable<#A>).kotlin.collections/firstOrNull(kotlin/Function1<#A, kotlin/Boolean>): #A?
function	kotlin.collections.flatMap	flatMap	Iterable	Function1	List	final inline fun <#A: kotlin/Any?, #B: kotlin/Any?> (kotlin.collections/Iterable<#A>).kotlin.collections/flatMap(kotlin/Function1<#A, kotlin.collections/Iterable<#B>>): kotlin.collections/List<#B>
function	kotlin.collections.flatMap	flatMap	Iterable	Function1	List	final inline fun <#A: kotlin/Any?, #B: kotlin/Any?> (kotlin.collections/Iterable<#A>).kotlin.collections/flatMap(kotlin/Function1<#A, kotlin.sequences/Sequence<#B>>): kotlin.collections/List<#B>
function	kotlin.collections.flatMapIndexed	flatMapIndexed	Iterable	Function2	List	final inline fun <#A: kotlin/Any?, #B: kotlin/Any?> (kotlin.collections/Iterable<#A>).kotlin.collections/flatMapIndexed(kotlin/Function2<kotlin/Int, #A, kotlin.collections/Iterable<#B>>): kotlin.collections/List<#B>
function	kotlin.collections.flatMapIndexed	flatMapIndexed	Iterable	Function2	List	final inline fun <#A: kotlin/Any?, #B: kotlin/Any?> (kotlin.collections/Iterable<#A>).kotlin.collections/flatMapIndexed(kotlin/Function2<kotlin/Int, #A, kotlin.sequences/Sequence<#B>>): kotlin.collections/List<#B>
function	kotlin.collections.flatMapIndexedTo	flatMapIndexedTo	Iterable	|Function2	#C	final inline fun <#A: kotlin/Any?, #B: kotlin/Any?, #C: kotlin.collections/MutableCollection<in #B>> (kotlin.collections/Iterable<#A>).kotlin.collections/flatMapIndexedTo(#C, kotlin/Function2<kotlin/Int, #A, kotlin.collections/Iterable<#B>>): #C
function	kotlin.collections.flatMapIndexedTo	flatMapIndexedTo	Iterable	|Function2	#C	final inline fun <#A: kotlin/Any?, #B: kotlin/Any?, #C: kotlin.collections/MutableCollection<in #B>> (kotlin.collections/Iterable<#A>).kotlin.collections/flatMapIndexedTo(#C, kotlin/Function2<kotlin/Int, #A, kotlin.sequences/Sequence<#B>>): #C
function	kotlin.collections.flatMapTo	flatMapTo	Iterable	|Function1	#C	final inline fun <#A: kotlin/Any?, #B: kotlin/Any?, #C: kotlin.collections/MutableCollection<in #B>> (kotlin.collections/Iterable<#A>).kotlin.collections/flatMapTo(#C, kotlin/Function1<#A, kotlin.collections/Iterable<#B>>): #C
function	kotlin.collections.flatMapTo	flatMapTo	Iterable	|Function1	#C	final inline fun <#A: kotlin/Any?, #B: kotlin/Any?, #C: kotlin.collections/MutableCollection<in #B>> (kotlin.collections/Iterable<#A>).kotlin.collections/flatMapTo(#C, kotlin/Function1<#A, kotlin.sequences/Sequence<#B>>): #C
function	kotlin.collections.flatMapTo	flatMapTo	Map	|Function1	#D	final inline fun <#A: kotlin/Any?, #B: kotlin/Any?, #C: kotlin/Any?, #D: kotlin.collections/MutableCollection<in #C>> (kotlin.collections/Map<out #A, #B>).kotlin.collections/flatMapTo(#D, kotlin/Function1<kotlin.collections/Map.Entry<#A, #B>, kotlin.collections/Iterable<#C>>): #D
function	kotlin.collections.flatMapTo	flatMapTo	Map	|Function1	#D	final inline fun <#A: kotlin/Any?, #B: kotlin/Any?, #C: kotlin/Any?, #D: kotlin.collections/MutableCollection<in #C>> (kotlin.collections/Map<out #A, #B>).kotlin.collections/flatMapTo(#D, kotlin/Function1<kotlin.collections/Map.Entry<#A, #B>, kotlin.sequences/Sequence<#C>>): #D
function	kotlin.collections.flatten	flatten	Iterable		List	final fun <#A: kotlin/Any?> (kotlin.collections/Iterable<kotlin.collections/Iterable<#A>>).kotlin.collections/flatten(): kotlin.collections/List<#A>
function	kotlin.collections.fold	fold	Iterable	|Function2	#B	final inline fun <#A: kotlin/Any?, #B: kotlin/Any?> (kotlin.collections/Iterable<#A>).kotlin.collections/fold(#B, kotlin/Function2<#B, #A, #B>): #B
function	kotlin.collections.foldIndexed	foldIndexed	Iterable	|Function3	#B	final inline fun <#A: kotlin/Any?, #B: kotlin/Any?> (kotlin.collections/Iterable<#A>).kotlin.collections/foldIndexed(#B, kotlin/Function3<kotlin/Int, #B, #A, #B>): #B
function	kotlin.collections.foldRight	foldRight	List	|Function2	#B	final inline fun <#A: kotlin/Any?, #B: kotlin/Any?> (kotlin.collections/List<#A>).kotlin.collections/foldRight(#B, kotlin/Function2<#A, #B, #B>): #B
function	kotlin.collections.foldRightIndexed	foldRightIndexed	List	|Function3	#B	final inline fun <#A: kotlin/Any?, #B: kotlin/Any?> (kotlin.collections/List<#A>).kotlin.collections/foldRightIndexed(#B, kotlin/Function3<kotlin/Int, #A, #B, #B>): #B
function	kotlin.collections.foldTo	foldTo	Grouping	||Function2	#D	final inline fun <#A: kotlin/Any?, #B: kotlin/Any?, #C: kotlin/Any?, #D: kotlin.collections/MutableMap<in #B, #C>> (kotlin.collections/Grouping<#A, #B>).kotlin.collections/foldTo(#D, #C, kotlin/Function2<#C, #A, #C>): #D
function	kotlin.collections.foldTo	foldTo	Grouping	|Function2|Function3	#D	final inline fun <#A: kotlin/Any?, #B: kotlin/Any?, #C: kotlin/Any?, #D: kotlin.collections/MutableMap<in #B, #C>> (kotlin.collections/Grouping<#A, #B>).kotlin.collections/foldTo(#D, kotlin/Function2<#B, #A, #C>, kotlin/Function3<#B, #C, #A, #C>): #D
function	kotlin.collections.forEach	forEach	Iterable	Function1	Unit	final inline fun <#A: kotlin/Any?> (kotlin.collections/Iterable<#A>).kotlin.collections/forEach(kotlin/Function1<#A, kotlin/Unit>)
function	kotlin.collections.get	get	Map		#B	final inline fun <#A: kotlin/Any?, #B: kotlin/Any?> (kotlin.collections/Map<out #A, #B>).kotlin.collections/get(#A): #B?
function	kotlin.collections.getOrElse	getOrElse	Map	|Function0	#B	final inline fun <#A: kotlin/Any?, #B: kotlin/Any?> (kotlin.collections/Map<#A, #B>).kotlin.collections/getOrElse(#A, kotlin/Function0<#B>): #B
function	kotlin.collections.getOrElse	getOrElse	List	Int|Function1	#A	final inline fun <#A: kotlin/Any?> (kotlin.collections/List<#A>).kotlin.collections/getOrElse(kotlin/Int, kotlin/Function1<kotlin/Int, #A>): #A
function	kotlin.collections.getOrImplicitDefault	getOrImplicitDefault	Map		#B	final fun <#A: kotlin/Any?, #B: kotlin/Any?> (kotlin.collections/Map<#A, #B>).kotlin.collections/getOrImplicitDefault(#A): #B
function	kotlin.collections.getOrNull	getOrNull	List	Int	#A	final fun <#A: kotlin/Any?> (kotlin.collections/List<#A>).kotlin.collections/getOrNull(kotlin/Int): #A?
function	kotlin.collections.getOrPut	getOrPut	MutableMap	|Function0	#B	final inline fun <#A: kotlin/Any?, #B: kotlin/Any?> (kotlin.collections/MutableMap<#A, #B>).kotlin.collections/getOrPut(#A, kotlin/Function0<#B>): #B
function	kotlin.collections.getValue	getValue	Map		#B	final fun <#A: kotlin/Any?, #B: kotlin/Any?> (kotlin.collections/Map<#A, #B>).kotlin.collections/getValue(#A): #B
function	kotlin.collections.getValue	getValue	Map	Any|KProperty	#B	final inline fun <#A: kotlin/Any?, #B: #A> (kotlin.collections/Map<in kotlin/String, #A>).kotlin.collections/getValue(kotlin/Any?, kotlin.reflect/KProperty<*>): #B
function	kotlin.collections.getValue	getValue	MutableMap	Any|KProperty	#B	final inline fun <#A: kotlin/Any?, #B: #A> (kotlin.collections/MutableMap<in kotlin/String, out #A>).kotlin.collections/getValue(kotlin/Any?, kotlin.reflect/KProperty<*>): #B
function	kotlin.collections.groupBy	groupBy	Iterable	Function1	Map	final inline fun <#A: kotlin/Any?, #B: kotlin/Any?> (kotlin.collections/Iterable<#A>).kotlin.collections/groupBy(kotlin/Function1<#A, #B>): kotlin.collections/Map<#B, kotlin.collections/List<#A>>
function	kotlin.collections.groupBy	groupBy	Iterable	Function1|Function1	Map	final inline fun <#A: kotlin/Any?, #B: kotlin/Any?, #C: kotlin/Any?> (kotlin.collections/Iterable<#A>).kotlin.collections/groupBy(kotlin/Function1<#A, #B>, kotlin/Function1<#A, #C>): kotlin.collections/Map<#B, kotlin.collections/List<#C>>
function	kotlin.collections.groupByTo	groupByTo	Iterable	|Function1	#C	final inline fun <#A: kotlin/Any?, #B: kotlin/Any?, #C: kotlin.collections/MutableMap<in #B, kotlin.collections/MutableList<#A>>> (kotlin.collections/Iterable<#A>).kotlin.collections/groupByTo(#C, kotlin/Function1<#A, #B>): #C
function	kotlin.collections.groupByTo	groupByTo	Iterable	|Function1|Function1	#D	final inline fun <#A: kotlin/Any?, #B: kotlin/Any?, #C: kotlin/Any?, #D: kotlin.collections/MutableMap<in #B, kotlin.collections/MutableList<#C>>> (kotlin.collections/Iterable<#A>).kotlin.collections/groupByTo(#D, kotlin/Function1<#A, #B>, kotlin/Function1<#A, #C>): #D
function	kotlin.collections.hashMapOf	hashMapOf			HashMap	final inline fun <#A: kotlin/Any?, #B: kotlin/Any?> kotlin.collections/hashMapOf(): kotlin.collections/HashMap<#A, #B>
function	kotlin.collections.hashMapOf	hashMapOf		Array	HashMap	final fun <#A: kotlin/Any?, #B: kotlin/Any?> kotlin.collections/hashMapOf(kotlin/Array<out kotlin/Pair<#A, #B>>...): kotlin.collections/HashMap<#A, #B>
function	kotlin.collections.hashSetOf	hashSetOf			HashSet	final inline fun <#A: kotlin/Any?> kotlin.collections/hashSetOf(): kotlin.collections/HashSet<#A>
function	kotlin.collections.hashSetOf	hashSetOf		Array	HashSet	final fun <#A: kotlin/Any?> kotlin.collections/hashSetOf(kotlin/Array<out #A>...): kotlin.collections/HashSet<#A>
function	kotlin.collections.ifEmpty	ifEmpty		Function0	#B	final inline fun <#A: #B & kotlin.collections/Collection<*>, #B: kotlin/Any?> (#A).kotlin.collections/ifEmpty(kotlin/Function0<#B>): #B
function	kotlin.collections.ifEmpty	ifEmpty		Function0	#B	final inline fun <#A: #B & kotlin.collections/Map<*, *>, #B: kotlin/Any?> (#A).kotlin.collections/ifEmpty(kotlin/Function0<#B>): #B
function	kotlin.collections.ifEmpty	ifEmpty		Function0	#B	final inline fun <#A: #B & kotlin/Array<*>, #B: kotlin/Any?> (#A).kotlin.collections/ifEmpty(kotlin/Function0<#B>): #B
function	kotlin.collections.indexOf	indexOf	Iterable		Int	final fun <#A: kotlin/Any?> (kotlin.collections/Iterable<#A>).kotlin.collections/indexOf(#A): kotlin/Int
function	kotlin.collections.indexOfFirst	indexOfFirst	Iterable	Function1	Int	final inline fun <#A: kotlin/Any?> (kotlin.collections/Iterable<#A>).kotlin.collections/indexOfFirst(kotlin/Function1<#A, kotlin/Boolean>): kotlin/Int
function	kotlin.collections.indexOfLast	indexOfLast	Iterable	Function1	Int	final inline fun <#A: kotlin/Any?> (kotlin.collections/Iterable<#A>).kotlin.collections/indexOfLast(kotlin/Function1<#A, kotlin/Boolean>): kotlin/Int
function	kotlin.collections.isNotEmpty	isNotEmpty	Map		Boolean	final inline fun <#A: kotlin/Any?, #B: kotlin/Any?> (kotlin.collections/Map<out #A, #B>).kotlin.collections/isNotEmpty(): kotlin/Boolean
function	kotlin.collections.isNullOrEmpty	isNullOrEmpty	Map		Boolean	final inline fun <#A: kotlin/Any?, #B: kotlin/Any?> (kotlin.collections/Map<out #A, #B>?).kotlin.collections/isNullOrEmpty(): kotlin/Boolean
function	kotlin.collections.isNullOrEmpty	isNullOrEmpty	Collection		Boolean	final inline fun <#A: kotlin/Any?> (kotlin.collections/Collection<#A>?).kotlin.collections/isNullOrEmpty(): kotlin/Boolean
function	kotlin.collections.iterator	iterator	Map		Iterator	final inline fun <#A: kotlin/Any?, #B: kotlin/Any?> (kotlin.collections/Map<out #A, #B>).kotlin.collections/iterator(): kotlin.collections/Iterator<kotlin.collections/Map.Entry<#A, #B>>
function	kotlin.collections.iterator	iterator	MutableMap		MutableIterator	final inline fun <#A: kotlin/Any?, #B: kotlin/Any?> (kotlin.collections/MutableMap<#A, #B>).kotlin.collections/iterator(): kotlin.collections/MutableIterator<kotlin.collections/MutableMap.MutableEntry<#A, #B>>
function	kotlin.collections.iterator	iterator	Iterator		Iterator	final inline fun <#A: kotlin/Any?> (kotlin.collections/Iterator<#A>).kotlin.collections/iterator(): kotlin.collections/Iterator<#A>
function	kotlin.collections.joinTo	joinTo	Iterable	|CharSequence|CharSequence|CharSequence|Int|CharSequence|Function1	#B	final fun <#A: kotlin/Any?, #B: kotlin.text/Appendable> (kotlin.collections/Iterable<#A>).kotlin.collections/joinTo(#B, kotlin/CharSequence = ..., kotlin/CharSequence = ..., kotlin/CharSequence = ..., kotlin/Int = ..., kotlin/CharSequence = ..., kotlin/Function1<#A, kotlin/CharSequence>? = ...): #B
function	kotlin.collections.joinToString	joinToString	Iterable	CharSequence|CharSequence|CharSequence|Int|CharSequence|Function1	String	final fun <#A: kotlin/Any?> (kotlin.collections/Iterable<#A>).kotlin.collections/joinToString(kotlin/CharSequence = ..., kotlin/CharSequence = ..., kotlin/CharSequence = ..., kotlin/Int = ..., kotlin/CharSequence = ..., kotlin/Function1<#A, kotlin/CharSequence>? = ...): kotlin/String
function	kotlin.collections.last	last	Iterable		#A	final fun <#A: kotlin/Any?> (kotlin.collections/Iterable<#A>).kotlin.collections/last(): #A
function	kotlin.collections.last	last	List		#A	final fun <#A: kotlin/Any?> (kotlin.collections/List<#A>).kotlin.collections/last(): #A
function	kotlin.collections.last	last	Iterable	Function1	#A	final inline fun <#A: kotlin/Any?> (kotlin.collections/Iterable<#A>).kotlin.collections/last(kotlin/Function1<#A, kotlin/Boolean>): #A
function	kotlin.collections.last	last	List	Function1	#A	final inline fun <#A: kotlin/Any?> (kotlin.collections/List<#A>).kotlin.collections/last(kotlin/Function1<#A, kotlin/Boolean>): #A
function	kotlin.collections.lastIndexOf	lastIndexOf	Iterable		Int	final fun <#A: kotlin/Any?> (kotlin.collections/Iterable<#A>).kotlin.collections/lastIndexOf(#A): kotlin/Int
function	kotlin.collections.lastOrNull	lastOrNull	Iterable		#A	final fun <#A: kotlin/Any?> (kotlin.collections/Iterable<#A>).kotlin.collections/lastOrNull(): #A?
function	kotlin.collections.lastOrNull	lastOrNull	List		#A	final fun <#A: kotlin/Any?> (kotlin.collections/List<#A>).kotlin.collections/lastOrNull(): #A?
function	kotlin.collections.lastOrNull	lastOrNull	Iterable	Function1	#A	final inline fun <#A: kotlin/Any?> (kotlin.collections/Iterable<#A>).kotlin.collections/lastOrNull(kotlin/Function1<#A, kotlin/Boolean>): #A?
function	kotlin.collections.lastOrNull	lastOrNull	List	Function1	#A	final inline fun <#A: kotlin/Any?> (kotlin.collections/List<#A>).kotlin.collections/lastOrNull(kotlin/Function1<#A, kotlin/Boolean>): #A?
function	kotlin.collections.linkedMapOf	linkedMapOf			HashMap	final inline fun <#A: kotlin/Any?, #B: kotlin/Any?> kotlin.collections/linkedMapOf(): kotlin.collections/HashMap<#A, #B>
function	kotlin.collections.linkedMapOf	linkedMapOf		Array	HashMap	final fun <#A: kotlin/Any?, #B: kotlin/Any?> kotlin.collections/linkedMapOf(kotlin/Array<out kotlin/Pair<#A, #B>>...): kotlin.collections/HashMap<#A, #B>
function	kotlin.collections.linkedSetOf	linkedSetOf			HashSet	final inline fun <#A: kotlin/Any?> kotlin.collections/linkedSetOf(): kotlin.collections/HashSet<#A>
function	kotlin.collections.linkedSetOf	linkedSetOf		Array	HashSet	final fun <#A: kotlin/Any?> kotlin.collections/linkedSetOf(kotlin/Array<out #A>...): kotlin.collections/HashSet<#A>
function	kotlin.collections.listOf	listOf			List	final fun <#A: kotlin/Any?> kotlin.collections/listOf(#A): kotlin.collections/List<#A>
function	kotlin.collections.listOfNotNull	listOfNotNull			List	final fun <#A: kotlin/Any> kotlin.collections/listOfNotNull(#A?): kotlin.collections/List<#A>
function	kotlin.collections.map	map	Iterable	Function1	List	final inline fun <#A: kotlin/Any?, #B: kotlin/Any?> (kotlin.collections/Iterable<#A>).kotlin.collections/map(kotlin/Function1<#A, #B>): kotlin.collections/List<#B>
function	kotlin.collections.mapCapacity	mapCapacity		Int	Int	final fun kotlin.collections/mapCapacity(kotlin/Int): kotlin/Int
function	kotlin.collections.mapIndexed	mapIndexed	Iterable	Function2	List	final inline fun <#A: kotlin/Any?, #B: kotlin/Any?> (kotlin.collections/Iterable<#A>).kotlin.collections/mapIndexed(kotlin/Function2<kotlin/Int, #A, #B>): kotlin.collections/List<#B>
function	kotlin.collections.mapIndexedNotNull	mapIndexedNotNull	Iterable	Function2	List	final inline fun <#A: kotlin/Any?, #B: kotlin/Any> (kotlin.collections/Iterable<#A>).kotlin.collections/mapIndexedNotNull(kotlin/Function2<kotlin/Int, #A, #B?>): kotlin.collections/List<#B>
function	kotlin.collections.mapIndexedNotNullTo	mapIndexedNotNullTo	Iterable	|Function2	#C	final inline fun <#A: kotlin/Any?, #B: kotlin/Any, #C: kotlin.collections/MutableCollection<in #B>> (kotlin.collections/Iterable<#A>).kotlin.collections/mapIndexedNotNullTo(#C, kotlin/Function2<kotlin/Int, #A, #B?>): #C
function	kotlin.collections.mapIndexedTo	mapIndexedTo	Iterable	|Function2	#C	final inline fun <#A: kotlin/Any?, #B: kotlin/Any?, #C: kotlin.collections/MutableCollection<in #B>> (kotlin.collections/Iterable<#A>).kotlin.collections/mapIndexedTo(#C, kotlin/Function2<kotlin/Int, #A, #B>): #C
function	kotlin.collections.mapKeysTo	mapKeysTo	Map	|Function1	#D	final inline fun <#A: kotlin/Any?, #B: kotlin/Any?, #C: kotlin/Any?, #D: kotlin.collections/MutableMap<in #C, in #B>> (kotlin.collections/Map<out #A, #B>).kotlin.collections/mapKeysTo(#D, kotlin/Function1<kotlin.collections/Map.Entry<#A, #B>, #C>): #D
function	kotlin.collections.mapNotNull	mapNotNull	Iterable	Function1	List	final inline fun <#A: kotlin/Any?, #B: kotlin/Any> (kotlin.collections/Iterable<#A>).kotlin.collections/mapNotNull(kotlin/Function1<#A, #B?>): kotlin.collections/List<#B>
function	kotlin.collections.mapNotNullTo	mapNotNullTo	Iterable	|Function1	#C	final inline fun <#A: kotlin/Any?, #B: kotlin/Any, #C: kotlin.collections/MutableCollection<in #B>> (kotlin.collections/Iterable<#A>).kotlin.collections/mapNotNullTo(#C, kotlin/Function1<#A, #B?>): #C
function	kotlin.collections.mapNotNullTo	mapNotNullTo	Map	|Function1	#D	final inline fun <#A: kotlin/Any?, #B: kotlin/Any?, #C: kotlin/Any, #D: kotlin.collections/MutableCollection<in #C>> (kotlin.collections/Map<out #A, #B>).kotlin.collections/mapNotNullTo(#D, kotlin/Function1<kotlin.collections/Map.Entry<#A, #B>, #C?>): #D
function	kotlin.collections.mapOf	mapOf		Pair	Map	final fun <#A: kotlin/Any?, #B: kotlin/Any?> kotlin.collections/mapOf(kotlin/Pair<#A, #B>): kotlin.collections/Map<#A, #B>
function	kotlin.collections.mapTo	mapTo	Iterable	|Function1	#C	final inline fun <#A: kotlin/Any?, #B: kotlin/Any?, #C: kotlin.collections/MutableCollection<in #B>> (kotlin.collections/Iterable<#A>).kotlin.collections/mapTo(#C, kotlin/Function1<#A, #B>): #C
function	kotlin.collections.mapTo	mapTo	Map	|Function1	#D	final inline fun <#A: kotlin/Any?, #B: kotlin/Any?, #C: kotlin/Any?, #D: kotlin.collections/MutableCollection<in #C>> (kotlin.collections/Map<out #A, #B>).kotlin.collections/mapTo(#D, kotlin/Function1<kotlin.collections/Map.Entry<#A, #B>, #C>): #D
function	kotlin.collections.mapValuesTo	mapValuesTo	Map	|Function1	#D	final inline fun <#A: kotlin/Any?, #B: kotlin/Any?, #C: kotlin/Any?, #D: kotlin.collections/MutableMap<in #A, in #C>> (kotlin.collections/Map<out #A, #B>).kotlin.collections/mapValuesTo(#D, kotlin/Function1<kotlin.collections/Map.Entry<#A, #B>, #C>): #D
function	kotlin.collections.max	max	Iterable		Double	final fun (kotlin.collections/Iterable<kotlin/Double>).kotlin.collections/max(): kotlin/Double
function	kotlin.collections.max	max	Iterable		Float	final fun (kotlin.collections/Iterable<kotlin/Float>).kotlin.collections/max(): kotlin/Float
function	kotlin.collections.max	max	Iterable		#A	final fun <#A: kotlin/Comparable<#A>> (kotlin.collections/Iterable<#A>).kotlin.collections/max(): #A
function	kotlin.collections.maxBy	maxBy	Map	Function1	Entry	final inline fun <#A: kotlin/Any?, #B: kotlin/Any?, #C: kotlin/Comparable<#C>> (kotlin.collections/Map<out #A, #B>).kotlin.collections/maxBy(kotlin/Function1<kotlin.collections/Map.Entry<#A, #B>, #C>): kotlin.collections/Map.Entry<#A, #B>
function	kotlin.collections.maxBy	maxBy	Iterable	Function1	#A	final inline fun <#A: kotlin/Any?, #B: kotlin/Comparable<#B>> (kotlin.collections/Iterable<#A>).kotlin.collections/maxBy(kotlin/Function1<#A, #B>): #A
function	kotlin.collections.maxByOrNull	maxByOrNull	Iterable	Function1	#A	final inline fun <#A: kotlin/Any?, #B: kotlin/Comparable<#B>> (kotlin.collections/Iterable<#A>).kotlin.collections/maxByOrNull(kotlin/Function1<#A, #B>): #A?
function	kotlin.collections.maxOf	maxOf	Map	Function1	#C	final inline fun <#A: kotlin/Any?, #B: kotlin/Any?, #C: kotlin/Comparable<#C>> (kotlin.collections/Map<out #A, #B>).kotlin.collections/maxOf(kotlin/Function1<kotlin.collections/Map.Entry<#A, #B>, #C>): #C
function	kotlin.collections.maxOf	maxOf	Map	Function1	Double	final inline fun <#A: kotlin/Any?, #B: kotlin/Any?> (kotlin.collections/Map<out #A, #B>).kotlin.collections/maxOf(kotlin/Function1<kotlin.collections/Map.Entry<#A, #B>, kotlin/Double>): kotlin/Double
function	kotlin.collections.maxOf	maxOf	Map	Function1	Float	final inline fun <#A: kotlin/Any?, #B: kotlin/Any?> (kotlin.collections/Map<out #A, #B>).kotlin.collections/maxOf(kotlin/Function1<kotlin.collections/Map.Entry<#A, #B>, kotlin/Float>): kotlin/Float
function	kotlin.collections.maxOf	maxOf	Iterable	Function1	#B	final inline fun <#A: kotlin/Any?, #B: kotlin/Comparable<#B>> (kotlin.collections/Iterable<#A>).kotlin.collections/maxOf(kotlin/Function1<#A, #B>): #B
function	kotlin.collections.maxOf	maxOf	Iterable	Function1	Double	final inline fun <#A: kotlin/Any?> (kotlin.collections/Iterable<#A>).kotlin.collections/maxOf(kotlin/Function1<#A, kotlin/Double>): kotlin/Double
function	kotlin.collections.maxOf	maxOf	Iterable	Function1	Float	final inline fun <#A: kotlin/Any?> (kotlin.collections/Iterable<#A>).kotlin.collections/maxOf(kotlin/Function1<#A, kotlin/Float>): kotlin/Float
function	kotlin.collections.maxOfOrNull	maxOfOrNull	Map	Function1	#C	final inline fun <#A: kotlin/Any?, #B: kotlin/Any?, #C: kotlin/Comparable<#C>> (kotlin.collections/Map<out #A, #B>).kotlin.collections/maxOfOrNull(kotlin/Function1<kotlin.collections/Map.Entry<#A, #B>, #C>): #C?
function	kotlin.collections.maxOfOrNull	maxOfOrNull	Map	Function1	Double	final inline fun <#A: kotlin/Any?, #B: kotlin/Any?> (kotlin.collections/Map<out #A, #B>).kotlin.collections/maxOfOrNull(kotlin/Function1<kotlin.collections/Map.Entry<#A, #B>, kotlin/Double>): kotlin/Double?
function	kotlin.collections.maxOfOrNull	maxOfOrNull	Map	Function1	Float	final inline fun <#A: kotlin/Any?, #B: kotlin/Any?> (kotlin.collections/Map<out #A, #B>).kotlin.collections/maxOfOrNull(kotlin/Function1<kotlin.collections/Map.Entry<#A, #B>, kotlin/Float>): kotlin/Float?
function	kotlin.collections.maxOfOrNull	maxOfOrNull	Iterable	Function1	#B	final inline fun <#A: kotlin/Any?, #B: kotlin/Comparable<#B>> (kotlin.collections/Iterable<#A>).kotlin.collections/maxOfOrNull(kotlin/Function1<#A, #B>): #B?
function	kotlin.collections.maxOfOrNull	maxOfOrNull	Iterable	Function1	Double	final inline fun <#A: kotlin/Any?> (kotlin.collections/Iterable<#A>).kotlin.collections/maxOfOrNull(kotlin/Function1<#A, kotlin/Double>): kotlin/Double?
function	kotlin.collections.maxOfOrNull	maxOfOrNull	Iterable	Function1	Float	final inline fun <#A: kotlin/Any?> (kotlin.collections/Iterable<#A>).kotlin.collections/maxOfOrNull(kotlin/Function1<#A, kotlin/Float>): kotlin/Float?
function	kotlin.collections.maxOfWith	maxOfWith	Map	Comparator|Function1	#C	final inline fun <#A: kotlin/Any?, #B: kotlin/Any?, #C: kotlin/Any?> (kotlin.collections/Map<out #A, #B>).kotlin.collections/maxOfWith(kotlin/Comparator<in #C>, kotlin/Function1<kotlin.collections/Map.Entry<#A, #B>, #C>): #C
function	kotlin.collections.maxOfWith	maxOfWith	Iterable	Comparator|Function1	#B	final inline fun <#A: kotlin/Any?, #B: kotlin/Any?> (kotlin.collections/Iterable<#A>).kotlin.collections/maxOfWith(kotlin/Comparator<in #B>, kotlin/Function1<#A, #B>): #B
function	kotlin.collections.maxOfWithOrNull	maxOfWithOrNull	Map	Comparator|Function1	#C	final inline fun <#A: kotlin/Any?, #B: kotlin/Any?, #C: kotlin/Any?> (kotlin.collections/Map<out #A, #B>).kotlin.collections/maxOfWithOrNull(kotlin/Comparator<in #C>, kotlin/Function1<kotlin.collections/Map.Entry<#A, #B>, #C>): #C?
function	kotlin.collections.maxOfWithOrNull	maxOfWithOrNull	Iterable	Comparator|Function1	#B	final inline fun <#A: kotlin/Any?, #B: kotlin/Any?> (kotlin.collections/Iterable<#A>).kotlin.collections/maxOfWithOrNull(kotlin/Comparator<in #B>, kotlin/Function1<#A, #B>): #B?
function	kotlin.collections.maxOrNull	maxOrNull	Iterable		Double	final fun (kotlin.collections/Iterable<kotlin/Double>).kotlin.collections/maxOrNull(): kotlin/Double?
function	kotlin.collections.maxOrNull	maxOrNull	Iterable		Float	final fun (kotlin.collections/Iterable<kotlin/Float>).kotlin.collections/maxOrNull(): kotlin/Float?
function	kotlin.collections.maxOrNull	maxOrNull	Iterable		#A	final fun <#A: kotlin/Comparable<#A>> (kotlin.collections/Iterable<#A>).kotlin.collections/maxOrNull(): #A?
function	kotlin.collections.maxWith	maxWith	Iterable	Comparator	#A	final fun <#A: kotlin/Any?> (kotlin.collections/Iterable<#A>).kotlin.collections/maxWith(kotlin/Comparator<in #A>): #A
function	kotlin.collections.maxWith	maxWith	Map	Comparator	Entry	final inline fun <#A: kotlin/Any?, #B: kotlin/Any?> (kotlin.collections/Map<out #A, #B>).kotlin.collections/maxWith(kotlin/Comparator<in kotlin.collections/Map.Entry<#A, #B>>): kotlin.collections/Map.Entry<#A, #B>
function	kotlin.collections.maxWithOrNull	maxWithOrNull	Iterable	Comparator	#A	final fun <#A: kotlin/Any?> (kotlin.collections/Iterable<#A>).kotlin.collections/maxWithOrNull(kotlin/Comparator<in #A>): #A?
function	kotlin.collections.maxWithOrNull	maxWithOrNull	Map	Comparator	Entry	final inline fun <#A: kotlin/Any?, #B: kotlin/Any?> (kotlin.collections/Map<out #A, #B>).kotlin.collections/maxWithOrNull(kotlin/Comparator<in kotlin.collections/Map.Entry<#A, #B>>): kotlin.collections/Map.Entry<#A, #B>?
function	kotlin.collections.min	min	Iterable		Double	final fun (kotlin.collections/Iterable<kotlin/Double>).kotlin.collections/min(): kotlin/Double
function	kotlin.collections.min	min	Iterable		Float	final fun (kotlin.collections/Iterable<kotlin/Float>).kotlin.collections/min(): kotlin/Float
function	kotlin.collections.min	min	Iterable		#A	final fun <#A: kotlin/Comparable<#A>> (kotlin.collections/Iterable<#A>).kotlin.collections/min(): #A
function	kotlin.collections.minBy	minBy	Map	Function1	Entry	final inline fun <#A: kotlin/Any?, #B: kotlin/Any?, #C: kotlin/Comparable<#C>> (kotlin.collections/Map<out #A, #B>).kotlin.collections/minBy(kotlin/Function1<kotlin.collections/Map.Entry<#A, #B>, #C>): kotlin.collections/Map.Entry<#A, #B>
function	kotlin.collections.minBy	minBy	Iterable	Function1	#A	final inline fun <#A: kotlin/Any?, #B: kotlin/Comparable<#B>> (kotlin.collections/Iterable<#A>).kotlin.collections/minBy(kotlin/Function1<#A, #B>): #A
function	kotlin.collections.minByOrNull	minByOrNull	Iterable	Function1	#A	final inline fun <#A: kotlin/Any?, #B: kotlin/Comparable<#B>> (kotlin.collections/Iterable<#A>).kotlin.collections/minByOrNull(kotlin/Function1<#A, #B>): #A?
function	kotlin.collections.minOf	minOf	Map	Function1	#C	final inline fun <#A: kotlin/Any?, #B: kotlin/Any?, #C: kotlin/Comparable<#C>> (kotlin.collections/Map<out #A, #B>).kotlin.collections/minOf(kotlin/Function1<kotlin.collections/Map.Entry<#A, #B>, #C>): #C
function	kotlin.collections.minOf	minOf	Map	Function1	Double	final inline fun <#A: kotlin/Any?, #B: kotlin/Any?> (kotlin.collections/Map<out #A, #B>).kotlin.collections/minOf(kotlin/Function1<kotlin.collections/Map.Entry<#A, #B>, kotlin/Double>): kotlin/Double
function	kotlin.collections.minOf	minOf	Map	Function1	Float	final inline fun <#A: kotlin/Any?, #B: kotlin/Any?> (kotlin.collections/Map<out #A, #B>).kotlin.collections/minOf(kotlin/Function1<kotlin.collections/Map.Entry<#A, #B>, kotlin/Float>): kotlin/Float
function	kotlin.collections.minOf	minOf	Iterable	Function1	#B	final inline fun <#A: kotlin/Any?, #B: kotlin/Comparable<#B>> (kotlin.collections/Iterable<#A>).kotlin.collections/minOf(kotlin/Function1<#A, #B>): #B
function	kotlin.collections.minOf	minOf	Iterable	Function1	Double	final inline fun <#A: kotlin/Any?> (kotlin.collections/Iterable<#A>).kotlin.collections/minOf(kotlin/Function1<#A, kotlin/Double>): kotlin/Double
function	kotlin.collections.minOf	minOf	Iterable	Function1	Float	final inline fun <#A: kotlin/Any?> (kotlin.collections/Iterable<#A>).kotlin.collections/minOf(kotlin/Function1<#A, kotlin/Float>): kotlin/Float
function	kotlin.collections.minOfOrNull	minOfOrNull	Map	Function1	#C	final inline fun <#A: kotlin/Any?, #B: kotlin/Any?, #C: kotlin/Comparable<#C>> (kotlin.collections/Map<out #A, #B>).kotlin.collections/minOfOrNull(kotlin/Function1<kotlin.collections/Map.Entry<#A, #B>, #C>): #C?
function	kotlin.collections.minOfOrNull	minOfOrNull	Map	Function1	Double	final inline fun <#A: kotlin/Any?, #B: kotlin/Any?> (kotlin.collections/Map<out #A, #B>).kotlin.collections/minOfOrNull(kotlin/Function1<kotlin.collections/Map.Entry<#A, #B>, kotlin/Double>): kotlin/Double?
function	kotlin.collections.minOfOrNull	minOfOrNull	Map	Function1	Float	final inline fun <#A: kotlin/Any?, #B: kotlin/Any?> (kotlin.collections/Map<out #A, #B>).kotlin.collections/minOfOrNull(kotlin/Function1<kotlin.collections/Map.Entry<#A, #B>, kotlin/Float>): kotlin/Float?
function	kotlin.collections.minOfOrNull	minOfOrNull	Iterable	Function1	#B	final inline fun <#A: kotlin/Any?, #B: kotlin/Comparable<#B>> (kotlin.collections/Iterable<#A>).kotlin.collections/minOfOrNull(kotlin/Function1<#A, #B>): #B?
function	kotlin.collections.minOfOrNull	minOfOrNull	Iterable	Function1	Double	final inline fun <#A: kotlin/Any?> (kotlin.collections/Iterable<#A>).kotlin.collections/minOfOrNull(kotlin/Function1<#A, kotlin/Double>): kotlin/Double?
function	kotlin.collections.minOfOrNull	minOfOrNull	Iterable	Function1	Float	final inline fun <#A: kotlin/Any?> (kotlin.collections/Iterable<#A>).kotlin.collections/minOfOrNull(kotlin/Function1<#A, kotlin/Float>): kotlin/Float?
function	kotlin.collections.minOfWith	minOfWith	Map	Comparator|Function1	#C	final inline fun <#A: kotlin/Any?, #B: kotlin/Any?, #C: kotlin/Any?> (kotlin.collections/Map<out #A, #B>).kotlin.collections/minOfWith(kotlin/Comparator<in #C>, kotlin/Function1<kotlin.collections/Map.Entry<#A, #B>, #C>): #C
function	kotlin.collections.minOfWith	minOfWith	Iterable	Comparator|Function1	#B	final inline fun <#A: kotlin/Any?, #B: kotlin/Any?> (kotlin.collections/Iterable<#A>).kotlin.collections/minOfWith(kotlin/Comparator<in #B>, kotlin/Function1<#A, #B>): #B
function	kotlin.collections.minOfWithOrNull	minOfWithOrNull	Map	Comparator|Function1	#C	final inline fun <#A: kotlin/Any?, #B: kotlin/Any?, #C: kotlin/Any?> (kotlin.collections/Map<out #A, #B>).kotlin.collections/minOfWithOrNull(kotlin/Comparator<in #C>, kotlin/Function1<kotlin.collections/Map.Entry<#A, #B>, #C>): #C?
function	kotlin.collections.minOfWithOrNull	minOfWithOrNull	Iterable	Comparator|Function1	#B	final inline fun <#A: kotlin/Any?, #B: kotlin/Any?> (kotlin.collections/Iterable<#A>).kotlin.collections/minOfWithOrNull(kotlin/Comparator<in #B>, kotlin/Function1<#A, #B>): #B?
function	kotlin.collections.minOrNull	minOrNull	Iterable		Double	final fun (kotlin.collections/Iterable<kotlin/Double>).kotlin.collections/minOrNull(): kotlin/Double?
function	kotlin.collections.minOrNull	minOrNull	Iterable		Float	final fun (kotlin.collections/Iterable<kotlin/Float>).kotlin.collections/minOrNull(): kotlin/Float?
function	kotlin.collections.minOrNull	minOrNull	Iterable		#A	final fun <#A: kotlin/Comparable<#A>> (kotlin.collections/Iterable<#A>).kotlin.collections/minOrNull(): #A?
function	kotlin.collections.minWith	minWith	Iterable	Comparator	#A	final fun <#A: kotlin/Any?> (kotlin.collections/Iterable<#A>).kotlin.collections/minWith(kotlin/Comparator<in #A>): #A
function	kotlin.collections.minWith	minWith	Map	Comparator	Entry	final inline fun <#A: kotlin/Any?, #B: kotlin/Any?> (kotlin.collections/Map<out #A, #B>).kotlin.collections/minWith(kotlin/Comparator<in kotlin.collections/Map.Entry<#A, #B>>): kotlin.collections/Map.Entry<#A, #B>
function	kotlin.collections.minWithOrNull	minWithOrNull	Iterable	Comparator	#A	final fun <#A: kotlin/Any?> (kotlin.collections/Iterable<#A>).kotlin.collections/minWithOrNull(kotlin/Comparator<in #A>): #A?
function	kotlin.collections.minWithOrNull	minWithOrNull	Map	Comparator	Entry	final inline fun <#A: kotlin/Any?, #B: kotlin/Any?> (kotlin.collections/Map<out #A, #B>).kotlin.collections/minWithOrNull(kotlin/Comparator<in kotlin.collections/Map.Entry<#A, #B>>): kotlin.collections/Map.Entry<#A, #B>?
function	kotlin.collections.minus	minus	Map	Sequence	Map	final fun <#A: kotlin/Any?, #B: kotlin/Any?> (kotlin.collections/Map<out #A, #B>).kotlin.collections/minus(kotlin.sequences/Sequence<#A>): kotlin.collections/Map<#A, #B>
function	kotlin.collections.minus	minus	Map	Array	Map	final fun <#A: kotlin/Any?, #B: kotlin/Any?> (kotlin.collections/Map<out #A, #B>).kotlin.collections/minus(kotlin/Array<out #A>): kotlin.collections/Map<#A, #B>
function	kotlin.collections.minus	minus	Iterable	Sequence	List	final fun <#A: kotlin/Any?> (kotlin.collections/Iterable<#A>).kotlin.collections/minus(kotlin.sequences/Sequence<#A>): kotlin.collections/List<#A>
function	kotlin.collections.minus	minus	Iterable	Array	List	final fun <#A: kotlin/Any?> (kotlin.collections/Iterable<#A>).kotlin.collections/minus(kotlin/Array<out #A>): kotlin.collections/List<#A>
function	kotlin.collections.minus	minus	Set		Set	final fun <#A: kotlin/Any?> (kotlin.collections/Set<#A>).kotlin.collections/minus(#A): kotlin.collections/Set<#A>
function	kotlin.collections.minus	minus	Set	Iterable	Set	final fun <#A: kotlin/Any?> (kotlin.collections/Set<#A>).kotlin.collections/minus(kotlin.collections/Iterable<#A>): kotlin.collections/Set<#A>
function	kotlin.collections.minus	minus	Set	Sequence	Set	final fun <#A: kotlin/Any?> (kotlin.collections/Set<#A>).kotlin.collections/minus(kotlin.sequences/Sequence<#A>): kotlin.collections/Set<#A>
function	kotlin.collections.minus	minus	Set	Array	Set	final fun <#A: kotlin/Any?> (kotlin.collections/Set<#A>).kotlin.collections/minus(kotlin/Array<out #A>): kotlin.collections/Set<#A>
function	kotlin.collections.minusAssign	minusAssign	MutableMap		Unit	final inline fun <#A: kotlin/Any?, #B: kotlin/Any?> (kotlin.collections/MutableMap<#A, #B>).kotlin.collections/minusAssign(#A)
function	kotlin.collections.minusAssign	minusAssign	MutableMap	Iterable	Unit	final inline fun <#A: kotlin/Any?, #B: kotlin/Any?> (kotlin.collections/MutableMap<#A, #B>).kotlin.collections/minusAssign(kotlin.collections/Iterable<#A>)
function	kotlin.collections.minusAssign	minusAssign	MutableMap	Sequence	Unit	final inline fun <#A: kotlin/Any?, #B: kotlin/Any?> (kotlin.collections/MutableMap<#A, #B>).kotlin.collections/minusAssign(kotlin.sequences/Sequence<#A>)
function	kotlin.collections.minusAssign	minusAssign	MutableMap	Array	Unit	final inline fun <#A: kotlin/Any?, #B: kotlin/Any?> (kotlin.collections/MutableMap<#A, #B>).kotlin.collections/minusAssign(kotlin/Array<out #A>)
function	kotlin.collections.minusAssign	minusAssign	MutableCollection		Unit	final inline fun <#A: kotlin/Any?> (kotlin.collections/MutableCollection<in #A>).kotlin.collections/minusAssign(#A)
function	kotlin.collections.minusAssign	minusAssign	MutableCollection	Iterable	Unit	final inline fun <#A: kotlin/Any?> (kotlin.collections/MutableCollection<in #A>).kotlin.collections/minusAssign(kotlin.collections/Iterable<#A>)
function	kotlin.collections.minusAssign	minusAssign	MutableCollection	Sequence	Unit	final inline fun <#A: kotlin/Any?> (kotlin.collections/MutableCollection<in #A>).kotlin.collections/minusAssign(kotlin.sequences/Sequence<#A>)
function	kotlin.collections.minusAssign	minusAssign	MutableCollection	Array	Unit	final inline fun <#A: kotlin/Any?> (kotlin.collections/MutableCollection<in #A>).kotlin.collections/minusAssign(kotlin/Array<#A>)
function	kotlin.collections.minusElement	minusElement	Set		Set	final inline fun <#A: kotlin/Any?> (kotlin.collections/Set<#A>).kotlin.collections/minusElement(#A): kotlin.collections/Set<#A>
function	kotlin.collections.none	none	Map		Boolean	final fun <#A: kotlin/Any?, #B: kotlin/Any?> (kotlin.collections/Map<out #A, #B>).kotlin.collections/none(): kotlin/Boolean
function	kotlin.collections.none	none	Iterable		Boolean	final fun <#A: kotlin/Any?> (kotlin.collections/Iterable<#A>).kotlin.collections/none(): kotlin/Boolean
function	kotlin.collections.none	none	Iterable	Function1	Boolean	final inline fun <#A: kotlin/Any?> (kotlin.collections/Iterable<#A>).kotlin.collections/none(kotlin/Function1<#A, kotlin/Boolean>): kotlin/Boolean
function	kotlin.collections.onEach	onEach		Function1	#B	final inline fun <#A: kotlin/Any?, #B: kotlin.collections/Iterable<#A>> (#B).kotlin.collections/onEach(kotlin/Function1<#A, kotlin/Unit>): #B
function	kotlin.collections.onEach	onEach		Function1	#C	final inline fun <#A: kotlin/Any?, #B: kotlin/Any?, #C: kotlin.collections/Map<out #A, #B>> (#C).kotlin.collections/onEach(kotlin/Function1<kotlin.collections/Map.Entry<#A, #B>, kotlin/Unit>): #C
function	kotlin.collections.onEachIndexed	onEachIndexed		Function2	#B	final inline fun <#A: kotlin/Any?, #B: kotlin.collections/Iterable<#A>> (#B).kotlin.collections/onEachIndexed(kotlin/Function2<kotlin/Int, #A, kotlin/Unit>): #B
function	kotlin.collections.onEachIndexed	onEachIndexed		Function2	#C	final inline fun <#A: kotlin/Any?, #B: kotlin/Any?, #C: kotlin.collections/Map<out #A, #B>> (#C).kotlin.collections/onEachIndexed(kotlin/Function2<kotlin/Int, kotlin.collections/Map.Entry<#A, #B>, kotlin/Unit>): #C
function	kotlin.collections.orEmpty	orEmpty	Collection		Collection	final inline fun <#A: kotlin/Any?> (kotlin.collections/Collection<#A>?).kotlin.collections/orEmpty(): kotlin.collections/Collection<#A>
function	kotlin.collections.orEmpty	orEmpty	Set		Set	final inline fun <#A: kotlin/Any?> (kotlin.collections/Set<#A>?).kotlin.collections/orEmpty(): kotlin.collections/Set<#A>
function	kotlin.collections.partition	partition	Iterable	Function1	Pair	final inline fun <#A: kotlin/Any?> (kotlin.collections/Iterable<#A>).kotlin.collections/partition(kotlin/Function1<#A, kotlin/Boolean>): kotlin/Pair<kotlin.collections/List<#A>, kotlin.collections/List<#A>>
function	kotlin.collections.plus	plus	Map	Iterable	Map	final fun <#A: kotlin/Any?, #B: kotlin/Any?> (kotlin.collections/Map<out #A, #B>).kotlin.collections/plus(kotlin.collections/Iterable<kotlin/Pair<#A, #B>>): kotlin.collections/Map<#A, #B>
function	kotlin.collections.plus	plus	Map	Sequence	Map	final fun <#A: kotlin/Any?, #B: kotlin/Any?> (kotlin.collections/Map<out #A, #B>).kotlin.collections/plus(kotlin.sequences/Sequence<kotlin/Pair<#A, #B>>): kotlin.collections/Map<#A, #B>
function	kotlin.collections.plus	plus	Map	Array	Map	final fun <#A: kotlin/Any?, #B: kotlin/Any?> (kotlin.collections/Map<out #A, #B>).kotlin.collections/plus(kotlin/Array<out kotlin/Pair<#A, #B>>): kotlin.collections/Map<#A, #B>
function	kotlin.collections.plus	plus	Collection		List	final fun <#A: kotlin/Any?> (kotlin.collections/Collection<#A>).kotlin.collections/plus(#A): kotlin.collections/List<#A>
function	kotlin.collections.plus	plus	Collection	Iterable	List	final fun <#A: kotlin/Any?> (kotlin.collections/Collection<#A>).kotlin.collections/plus(kotlin.collections/Iterable<#A>): kotlin.collections/List<#A>
function	kotlin.collections.plus	plus	Collection	Sequence	List	final fun <#A: kotlin/Any?> (kotlin.collections/Collection<#A>).kotlin.collections/plus(kotlin.sequences/Sequence<#A>): kotlin.collections/List<#A>
function	kotlin.collections.plus	plus	Collection	Array	List	final fun <#A: kotlin/Any?> (kotlin.collections/Collection<#A>).kotlin.collections/plus(kotlin/Array<out #A>): kotlin.collections/List<#A>
function	kotlin.collections.plus	plus	Iterable	Sequence	List	final fun <#A: kotlin/Any?> (kotlin.collections/Iterable<#A>).kotlin.collections/plus(kotlin.sequences/Sequence<#A>): kotlin.collections/List<#A>
function	kotlin.collections.plus	plus	Iterable	Array	List	final fun <#A: kotlin/Any?> (kotlin.collections/Iterable<#A>).kotlin.collections/plus(kotlin/Array<out #A>): kotlin.collections/List<#A>
function	kotlin.collections.plus	plus	Set		Set	final fun <#A: kotlin/Any?> (kotlin.collections/Set<#A>).kotlin.collections/plus(#A): kotlin.collections/Set<#A>
function	kotlin.collections.plus	plus	Set	Iterable	Set	final fun <#A: kotlin/Any?> (kotlin.collections/Set<#A>).kotlin.collections/plus(kotlin.collections/Iterable<#A>): kotlin.collections/Set<#A>
function	kotlin.collections.plus	plus	Set	Sequence	Set	final fun <#A: kotlin/Any?> (kotlin.collections/Set<#A>).kotlin.collections/plus(kotlin.sequences/Sequence<#A>): kotlin.collections/Set<#A>
function	kotlin.collections.plus	plus	Set	Array	Set	final fun <#A: kotlin/Any?> (kotlin.collections/Set<#A>).kotlin.collections/plus(kotlin/Array<out #A>): kotlin.collections/Set<#A>
function	kotlin.collections.plusAssign	plusAssign	MutableMap	Iterable	Unit	final inline fun <#A: kotlin/Any?, #B: kotlin/Any?> (kotlin.collections/MutableMap<in #A, in #B>).kotlin.collections/plusAssign(kotlin.collections/Iterable<kotlin/Pair<#A, #B>>)
function	kotlin.collections.plusAssign	plusAssign	MutableMap	Map	Unit	final inline fun <#A: kotlin/Any?, #B: kotlin/Any?> (kotlin.collections/MutableMap<in #A, in #B>).kotlin.collections/plusAssign(kotlin.collections/Map<#A, #B>)
function	kotlin.collections.plusAssign	plusAssign	MutableMap	Sequence	Unit	final inline fun <#A: kotlin/Any?, #B: kotlin/Any?> (kotlin.collections/MutableMap<in #A, in #B>).kotlin.collections/plusAssign(kotlin.sequences/Sequence<kotlin/Pair<#A, #B>>)
function	kotlin.collections.plusAssign	plusAssign	MutableMap	Array	Unit	final inline fun <#A: kotlin/Any?, #B: kotlin/Any?> (kotlin.collections/MutableMap<in #A, in #B>).kotlin.collections/plusAssign(kotlin/Array<out kotlin/Pair<#A, #B>>)
function	kotlin.collections.plusAssign	plusAssign	MutableMap	Pair	Unit	final inline fun <#A: kotlin/Any?, #B: kotlin/Any?> (kotlin.collections/MutableMap<in #A, in #B>).kotlin.collections/plusAssign(kotlin/Pair<#A, #B>)
function	kotlin.collections.plusAssign	plusAssign	MutableCollection		Unit	final inline fun <#A: kotlin/Any?> (kotlin.collections/MutableCollection<in #A>).kotlin.collections/plusAssign(#A)
function	kotlin.collections.plusAssign	plusAssign	MutableCollection	Iterable	Unit	final inline fun <#A: kotlin/Any?> (kotlin.collections/MutableCollection<in #A>).kotlin.collections/plusAssign(kotlin.collections/Iterable<#A>)
function	kotlin.collections.plusAssign	plusAssign	MutableCollection	Sequence	Unit	final inline fun <#A: kotlin/Any?> (kotlin.collections/MutableCollection<in #A>).kotlin.collections/plusAssign(kotlin.sequences/Sequence<#A>)
function	kotlin.collections.plusAssign	plusAssign	MutableCollection	Array	Unit	final inline fun <#A: kotlin/Any?> (kotlin.collections/MutableCollection<in #A>).kotlin.collections/plusAssign(kotlin/Array<#A>)
function	kotlin.collections.plusElement	plusElement	Collection		List	final inline fun <#A: kotlin/Any?> (kotlin.collections/Collection<#A>).kotlin.collections/plusElement(#A): kotlin.collections/List<#A>
function	kotlin.collections.plusElement	plusElement	Set		Set	final inline fun <#A: kotlin/Any?> (kotlin.collections/Set<#A>).kotlin.collections/plusElement(#A): kotlin.collections/Set<#A>
function	kotlin.collections.putAll	putAll	MutableMap	Iterable	Unit	final fun <#A: kotlin/Any?, #B: kotlin/Any?> (kotlin.collections/MutableMap<in #A, in #B>).kotlin.collections/putAll(kotlin.collections/Iterable<kotlin/Pair<#A, #B>>)
function	kotlin.collections.putAll	putAll	MutableMap	Sequence	Unit	final fun <#A: kotlin/Any?, #B: kotlin/Any?> (kotlin.collections/MutableMap<in #A, in #B>).kotlin.collections/putAll(kotlin.sequences/Sequence<kotlin/Pair<#A, #B>>)
function	kotlin.collections.putAll	putAll	MutableMap	Array	Unit	final fun <#A: kotlin/Any?, #B: kotlin/Any?> (kotlin.collections/MutableMap<in #A, in #B>).kotlin.collections/putAll(kotlin/Array<out kotlin/Pair<#A, #B>>)
function	kotlin.collections.random	random	Collection		#A	final inline fun <#A: kotlin/Any?> (kotlin.collections/Collection<#A>).kotlin.collections/random(): #A
function	kotlin.collections.random	random	Collection	Random	#A	final fun <#A: kotlin/Any?> (kotlin.collections/Collection<#A>).kotlin.collections/random(kotlin.random/Random): #A
function	kotlin.collections.randomOrNull	randomOrNull	Collection		#A	final inline fun <#A: kotlin/Any?> (kotlin.collections/Collection<#A>).kotlin.collections/randomOrNull(): #A?
function	kotlin.collections.randomOrNull	randomOrNull	Collection	Random	#A	final fun <#A: kotlin/Any?> (kotlin.collections/Collection<#A>).kotlin.collections/randomOrNull(kotlin.random/Random): #A?
function	kotlin.collections.reduce	reduce	Iterable	Function2	#A	final inline fun <#A: kotlin/Any?, #B: #A> (kotlin.collections/Iterable<#B>).kotlin.collections/reduce(kotlin/Function2<#A, #B, #A>): #A
function	kotlin.collections.reduceIndexed	reduceIndexed	Iterable	Function3	#A	final inline fun <#A: kotlin/Any?, #B: #A> (kotlin.collections/Iterable<#B>).kotlin.collections/reduceIndexed(kotlin/Function3<kotlin/Int, #A, #B, #A>): #A
function	kotlin.collections.reduceIndexedOrNull	reduceIndexedOrNull	Iterable	Function3	#A	final inline fun <#A: kotlin/Any?, #B: #A> (kotlin.collections/Iterable<#B>).kotlin.collections/reduceIndexedOrNull(kotlin/Function3<kotlin/Int, #A, #B, #A>): #A?
function	kotlin.collections.reduceOrNull	reduceOrNull	Iterable	Function2	#A	final inline fun <#A: kotlin/Any?, #B: #A> (kotlin.collections/Iterable<#B>).kotlin.collections/reduceOrNull(kotlin/Function2<#A, #B, #A>): #A?
function	kotlin.collections.reduceRight	reduceRight	List	Function2	#A	final inline fun <#A: kotlin/Any?, #B: #A> (kotlin.collections/List<#B>).kotlin.collections/reduceRight(kotlin/Function2<#B, #A, #A>): #A
function	kotlin.collections.reduceRightIndexed	reduceRightIndexed	List	Function3	#A	final inline fun <#A: kotlin/Any?, #B: #A> (kotlin.collections/List<#B>).kotlin.collections/reduceRightIndexed(kotlin/Function3<kotlin/Int, #B, #A, #A>): #A
function	kotlin.collections.reduceRightIndexedOrNull	reduceRightIndexedOrNull	List	Function3	#A	final inline fun <#A: kotlin/Any?, #B: #A> (kotlin.collections/List<#B>).kotlin.collections/reduceRightIndexedOrNull(kotlin/Function3<kotlin/Int, #B, #A, #A>): #A?
function	kotlin.collections.reduceRightOrNull	reduceRightOrNull	List	Function2	#A	final inline fun <#A: kotlin/Any?, #B: #A> (kotlin.collections/List<#B>).kotlin.collections/reduceRightOrNull(kotlin/Function2<#B, #A, #A>): #A?
function	kotlin.collections.reduceTo	reduceTo	Grouping	|Function3	#D	final inline fun <#A: kotlin/Any?, #B: #A, #C: kotlin/Any?, #D: kotlin.collections/MutableMap<in #C, #A>> (kotlin.collections/Grouping<#B, #C>).kotlin.collections/reduceTo(#D, kotlin/Function3<#C, #A, #B, #A>): #D
function	kotlin.collections.remove	remove	MutableMap		#B	final inline fun <#A: kotlin/Any?, #B: kotlin/Any?> (kotlin.collections/MutableMap<out #A, #B>).kotlin.collections/remove(#A): #B?
function	kotlin.collections.remove	remove	MutableCollection		Boolean	final inline fun <#A: kotlin/Any?> (kotlin.collections/MutableCollection<out #A>).kotlin.collections/remove(#A): kotlin/Boolean
function	kotlin.collections.remove	remove	MutableList	Int	#A	final inline fun <#A: kotlin/Any?> (kotlin.collections/MutableList<#A>).kotlin.collections/remove(kotlin/Int): #A
function	kotlin.collections.removeAll	removeAll	MutableCollection	Iterable	Boolean	final fun <#A: kotlin/Any?> (kotlin.collections/MutableCollection<in #A>).kotlin.collections/removeAll(kotlin.collections/Iterable<#A>): kotlin/Boolean
function	kotlin.collections.removeAll	removeAll	MutableCollection	Sequence	Boolean	final fun <#A: kotlin/Any?> (kotlin.collections/MutableCollection<in #A>).kotlin.collections/removeAll(kotlin.sequences/Sequence<#A>): kotlin/Boolean
function	kotlin.collections.removeAll	removeAll	MutableCollection	Array	Boolean	final fun <#A: kotlin/Any?> (kotlin.collections/MutableCollection<in #A>).kotlin.collections/removeAll(kotlin/Array<out #A>): kotlin/Boolean
function	kotlin.collections.removeAll	removeAll	MutableIterable	Function1	Boolean	final fun <#A: kotlin/Any?> (kotlin.collections/MutableIterable<#A>).kotlin.collections/removeAll(kotlin/Function1<#A, kotlin/Boolean>): kotlin/Boolean
function	kotlin.collections.removeAll	removeAll	MutableList	Function1	Boolean	final fun <#A: kotlin/Any?> (kotlin.collections/MutableList<#A>).kotlin.collections/removeAll(kotlin/Function1<#A, kotlin/Boolean>): kotlin/Boolean
function	kotlin.collections.removeAll	removeAll	MutableCollection	Collection	Boolean	final inline fun <#A: kotlin/Any?> (kotlin.collections/MutableCollection<out #A>).kotlin.collections/removeAll(kotlin.collections/Collection<#A>): kotlin/Boolean
function	kotlin.collections.removeFirst	removeFirst	MutableList		#A	final fun <#A: kotlin/Any?> (kotlin.collections/MutableList<#A>).kotlin.collections/removeFirst(): #A
function	kotlin.collections.removeFirstOrNull	removeFirstOrNull	MutableList		#A	final fun <#A: kotlin/Any?> (kotlin.collections/MutableList<#A>).kotlin.collections/removeFirstOrNull(): #A?
function	kotlin.collections.removeLast	removeLast	MutableList		#A	final fun <#A: kotlin/Any?> (kotlin.collections/MutableList<#A>).kotlin.collections/removeLast(): #A
function	kotlin.collections.removeLastOrNull	removeLastOrNull	MutableList		#A	final fun <#A: kotlin/Any?> (kotlin.collections/MutableList<#A>).kotlin.collections/removeLastOrNull(): #A?
function	kotlin.collections.requireNoNulls	requireNoNulls	List		List	final fun <#A: kotlin/Any> (kotlin.collections/List<#A?>).kotlin.collections/requireNoNulls(): kotlin.collections/List<#A>
function	kotlin.collections.retainAll	retainAll	MutableCollection	Iterable	Boolean	final fun <#A: kotlin/Any?> (kotlin.collections/MutableCollection<in #A>).kotlin.collections/retainAll(kotlin.collections/Iterable<#A>): kotlin/Boolean
function	kotlin.collections.retainAll	retainAll	MutableCollection	Sequence	Boolean	final fun <#A: kotlin/Any?> (kotlin.collections/MutableCollection<in #A>).kotlin.collections/retainAll(kotlin.sequences/Sequence<#A>): kotlin/Boolean
function	kotlin.collections.retainAll	retainAll	MutableCollection	Array	Boolean	final fun <#A: kotlin/Any?> (kotlin.collections/MutableCollection<in #A>).kotlin.collections/retainAll(kotlin/Array<out #A>): kotlin/Boolean
function	kotlin.collections.retainAll	retainAll	MutableIterable	Function1	Boolean	final fun <#A: kotlin/Any?> (kotlin.collections/MutableIterable<#A>).kotlin.collections/retainAll(kotlin/Function1<#A, kotlin/Boolean>): kotlin/Boolean
function	kotlin.collections.retainAll	retainAll	MutableList	Function1	Boolean	final fun <#A: kotlin/Any?> (kotlin.collections/MutableList<#A>).kotlin.collections/retainAll(kotlin/Function1<#A, kotlin/Boolean>): kotlin/Boolean
function	kotlin.collections.retainAll	retainAll	MutableCollection	Collection	Boolean	final inline fun <#A: kotlin/Any?> (kotlin.collections/MutableCollection<out #A>).kotlin.collections/retainAll(kotlin.collections/Collection<#A>): kotlin/Boolean
function	kotlin.collections.reverse	reverse	MutableList		Unit	final fun <#A: kotlin/Any?> (kotlin.collections/MutableList<#A>).kotlin.collections/reverse()
function	kotlin.collections.runningReduce	runningReduce	Iterable	Function2	List	final inline fun <#A: kotlin/Any?, #B: #A> (kotlin.collections/Iterable<#B>).kotlin.collections/runningReduce(kotlin/Function2<#A, #B, #A>): kotlin.collections/List<#A>
function	kotlin.collections.runningReduceIndexed	runningReduceIndexed	Iterable	Function3	List	final inline fun <#A: kotlin/Any?, #B: #A> (kotlin.collections/Iterable<#B>).kotlin.collections/runningReduceIndexed(kotlin/Function3<kotlin/Int, #A, #B, #A>): kotlin.collections/List<#A>
function	kotlin.collections.set	set	MutableMap	|	Unit	final inline fun <#A: kotlin/Any?, #B: kotlin/Any?> (kotlin.collections/MutableMap<#A, #B>).kotlin.collections/set(#A, #B)
function	kotlin.collections.setOf	setOf			Set	final fun <#A: kotlin/Any?> kotlin.collections/setOf(#A): kotlin.collections/Set<#A>
function	kotlin.collections.setOfNotNull	setOfNotNull			Set	final fun <#A: kotlin/Any> kotlin.collections/setOfNotNull(#A?): kotlin.collections/Set<#A>
function	kotlin.collections.setOfNotNull	setOfNotNull		Array	Set	final fun <#A: kotlin/Any> kotlin.collections/setOfNotNull(kotlin/Array<out #A?>...): kotlin.collections/Set<#A>
function	kotlin.collections.setValue	setValue	MutableMap	Any|KProperty|	Unit	final inline fun <#A: kotlin/Any?> (kotlin.collections/MutableMap<in kotlin/String, in #A>).kotlin.collections/setValue(kotlin/Any?, kotlin.reflect/KProperty<*>, #A)
function	kotlin.collections.shuffle	shuffle	MutableList		Unit	final fun <#A: kotlin/Any?> (kotlin.collections/MutableList<#A>).kotlin.collections/shuffle()
function	kotlin.collections.shuffle	shuffle	MutableList	Random	Unit	final fun <#A: kotlin/Any?> (kotlin.collections/MutableList<#A>).kotlin.collections/shuffle(kotlin.random/Random)
function	kotlin.collections.shuffled	shuffled	Iterable		List	final fun <#A: kotlin/Any?> (kotlin.collections/Iterable<#A>).kotlin.collections/shuffled(): kotlin.collections/List<#A>
function	kotlin.collections.shuffled	shuffled	Iterable	Random	List	final fun <#A: kotlin/Any?> (kotlin.collections/Iterable<#A>).kotlin.collections/shuffled(kotlin.random/Random): kotlin.collections/List<#A>
function	kotlin.collections.single	single	Iterable		#A	final fun <#A: kotlin/Any?> (kotlin.collections/Iterable<#A>).kotlin.collections/single(): #A
function	kotlin.collections.single	single	List		#A	final fun <#A: kotlin/Any?> (kotlin.collections/List<#A>).kotlin.collections/single(): #A
function	kotlin.collections.single	single	Iterable	Function1	#A	final inline fun <#A: kotlin/Any?> (kotlin.collections/Iterable<#A>).kotlin.collections/single(kotlin/Function1<#A, kotlin/Boolean>): #A
function	kotlin.collections.singleOrNull	singleOrNull	Iterable		#A	final fun <#A: kotlin/Any?> (kotlin.collections/Iterable<#A>).kotlin.collections/singleOrNull(): #A?
function	kotlin.collections.singleOrNull	singleOrNull	List		#A	final fun <#A: kotlin/Any?> (kotlin.collections/List<#A>).kotlin.collections/singleOrNull(): #A?
function	kotlin.collections.singleOrNull	singleOrNull	Iterable	Function1	#A	final inline fun <#A: kotlin/Any?> (kotlin.collections/Iterable<#A>).kotlin.collections/singleOrNull(kotlin/Function1<#A, kotlin/Boolean>): #A?
function	kotlin.collections.slice	slice	List	IntRange	List	final fun <#A: kotlin/Any?> (kotlin.collections/List<#A>).kotlin.collections/slice(kotlin.ranges/IntRange): kotlin.collections/List<#A>
function	kotlin.collections.sorted	sorted	Iterable		List	final fun <#A: kotlin/Comparable<#A>> (kotlin.collections/Iterable<#A>).kotlin.collections/sorted(): kotlin.collections/List<#A>
function	kotlin.collections.sortedBy	sortedBy	Iterable	Function1	List	final inline fun <#A: kotlin/Any?, #B: kotlin/Comparable<#B>> (kotlin.collections/Iterable<#A>).kotlin.collections/sortedBy(crossinline kotlin/Function1<#A, #B?>): kotlin.collections/List<#A>
function	kotlin.collections.sortedByDescending	sortedByDescending	Iterable	Function1	List	final inline fun <#A: kotlin/Any?, #B: kotlin/Comparable<#B>> (kotlin.collections/Iterable<#A>).kotlin.collections/sortedByDescending(crossinline kotlin/Function1<#A, #B?>): kotlin.collections/List<#A>
function	kotlin.collections.sortedDescending	sortedDescending	Iterable		List	final fun <#A: kotlin/Comparable<#A>> (kotlin.collections/Iterable<#A>).kotlin.collections/sortedDescending(): kotlin.collections/List<#A>
function	kotlin.collections.sortedWith	sortedWith	Iterable	Comparator	List	final fun <#A: kotlin/Any?> (kotlin.collections/Iterable<#A>).kotlin.collections/sortedWith(kotlin/Comparator<in #A>): kotlin.collections/List<#A>
function	kotlin.collections.sum	sum	Iterable		Int	final fun (kotlin.collections/Iterable<kotlin/Byte>).kotlin.collections/sum(): kotlin/Int
function	kotlin.collections.sum	sum	Iterable		Double	final fun (kotlin.collections/Iterable<kotlin/Double>).kotlin.collections/sum(): kotlin/Double
function	kotlin.collections.sum	sum	Iterable		Float	final fun (kotlin.collections/Iterable<kotlin/Float>).kotlin.collections/sum(): kotlin/Float
function	kotlin.collections.sum	sum	Iterable		Int	final fun (kotlin.collections/Iterable<kotlin/Int>).kotlin.collections/sum(): kotlin/Int
function	kotlin.collections.sum	sum	Iterable		Long	final fun (kotlin.collections/Iterable<kotlin/Long>).kotlin.collections/sum(): kotlin/Long
function	kotlin.collections.sum	sum	Iterable		Int	final fun (kotlin.collections/Iterable<kotlin/Short>).kotlin.collections/sum(): kotlin/Int
function	kotlin.collections.sum	sum	Iterable		UInt	final fun (kotlin.collections/Iterable<kotlin/UByte>).kotlin.collections/sum(): kotlin/UInt
function	kotlin.collections.sum	sum	Iterable		UInt	final fun (kotlin.collections/Iterable<kotlin/UInt>).kotlin.collections/sum(): kotlin/UInt
function	kotlin.collections.sum	sum	Iterable		ULong	final fun (kotlin.collections/Iterable<kotlin/ULong>).kotlin.collections/sum(): kotlin/ULong
function	kotlin.collections.sum	sum	Iterable		UInt	final fun (kotlin.collections/Iterable<kotlin/UShort>).kotlin.collections/sum(): kotlin/UInt
function	kotlin.collections.sumOf	sumOf	Iterable	Function1	Double	final inline fun <#A: kotlin/Any?> (kotlin.collections/Iterable<#A>).kotlin.collections/sumOf(kotlin/Function1<#A, kotlin/Double>): kotlin/Double
function	kotlin.collections.sumOf	sumOf	Iterable	Function1	Int	final inline fun <#A: kotlin/Any?> (kotlin.collections/Iterable<#A>).kotlin.collections/sumOf(kotlin/Function1<#A, kotlin/Int>): kotlin/Int
function	kotlin.collections.sumOf	sumOf	Iterable	Function1	Long	final inline fun <#A: kotlin/Any?> (kotlin.collections/Iterable<#A>).kotlin.collections/sumOf(kotlin/Function1<#A, kotlin/Long>): kotlin/Long
function	kotlin.collections.sumOf	sumOf	Iterable	Function1	UInt	final inline fun <#A: kotlin/Any?> (kotlin.collections/Iterable<#A>).kotlin.collections/sumOf(kotlin/Function1<#A, kotlin/UInt>): kotlin/UInt
function	kotlin.collections.sumOf	sumOf	Iterable	Function1	ULong	final inline fun <#A: kotlin/Any?> (kotlin.collections/Iterable<#A>).kotlin.collections/sumOf(kotlin/Function1<#A, kotlin/ULong>): kotlin/ULong
function	kotlin.collections.take	take	Iterable	Int	List	final fun <#A: kotlin/Any?> (kotlin.collections/Iterable<#A>).kotlin.collections/take(kotlin/Int): kotlin.collections/List<#A>
function	kotlin.collections.takeWhile	takeWhile	Iterable	Function1	List	final inline fun <#A: kotlin/Any?> (kotlin.collections/Iterable<#A>).kotlin.collections/takeWhile(kotlin/Function1<#A, kotlin/Boolean>): kotlin.collections/List<#A>
function	kotlin.collections.throwCountOverflow	throwCountOverflow			Unit	final fun kotlin.collections/throwCountOverflow()
function	kotlin.collections.throwIndexOverflow	throwIndexOverflow			Unit	final fun kotlin.collections/throwIndexOverflow()
function	kotlin.collections.toBooleanArray	toBooleanArray	Collection		BooleanArray	final fun (kotlin.collections/Collection<kotlin/Boolean>).kotlin.collections/toBooleanArray(): kotlin/BooleanArray
function	kotlin.collections.toByteArray	toByteArray	Collection		ByteArray	final fun (kotlin.collections/Collection<kotlin/Byte>).kotlin.collections/toByteArray(): kotlin/ByteArray
function	kotlin.collections.toCharArray	toCharArray	Collection		CharArray	final fun (kotlin.collections/Collection<kotlin/Char>).kotlin.collections/toCharArray(): kotlin/CharArray
function	kotlin.collections.toCollection	toCollection	Iterable		#B	final fun <#A: kotlin/Any?, #B: kotlin.collections/MutableCollection<in #A>> (kotlin.collections/Iterable<#A>).kotlin.collections/toCollection(#B): #B
function	kotlin.collections.toDoubleArray	toDoubleArray	Collection		DoubleArray	final fun (kotlin.collections/Collection<kotlin/Double>).kotlin.collections/toDoubleArray(): kotlin/DoubleArray
function	kotlin.collections.toFloatArray	toFloatArray	Collection		FloatArray	final fun (kotlin.collections/Collection<kotlin/Float>).kotlin.collections/toFloatArray(): kotlin/FloatArray
function	kotlin.collections.toHashSet	toHashSet	Iterable		HashSet	final fun <#A: kotlin/Any?> (kotlin.collections/Iterable<#A>).kotlin.collections/toHashSet(): kotlin.collections/HashSet<#A>
function	kotlin.collections.toIntArray	toIntArray	Collection		IntArray	final fun (kotlin.collections/Collection<kotlin/Int>).kotlin.collections/toIntArray(): kotlin/IntArray
function	kotlin.collections.toLongArray	toLongArray	Collection		LongArray	final fun (kotlin.collections/Collection<kotlin/Long>).kotlin.collections/toLongArray(): kotlin/LongArray
function	kotlin.collections.toMap	toMap	Iterable		Map	final fun <#A: kotlin/Any?, #B: kotlin/Any?> (kotlin.collections/Iterable<kotlin/Pair<#A, #B>>).kotlin.collections/toMap(): kotlin.collections/Map<#A, #B>
function	kotlin.collections.toMap	toMap	Map		Map	final fun <#A: kotlin/Any?, #B: kotlin/Any?> (kotlin.collections/Map<out #A, #B>).kotlin.collections/toMap(): kotlin.collections/Map<#A, #B>
function	kotlin.collections.toMap	toMap	Sequence		Map	final fun <#A: kotlin/Any?, #B: kotlin/Any?> (kotlin.sequences/Sequence<kotlin/Pair<#A, #B>>).kotlin.collections/toMap(): kotlin.collections/Map<#A, #B>
function	kotlin.collections.toMap	toMap	Iterable		#C	final fun <#A: kotlin/Any?, #B: kotlin/Any?, #C: kotlin.collections/MutableMap<in #A, in #B>> (kotlin.collections/Iterable<kotlin/Pair<#A, #B>>).kotlin.collections/toMap(#C): #C
function	kotlin.collections.toMap	toMap	Map		#C	final fun <#A: kotlin/Any?, #B: kotlin/Any?, #C: kotlin.collections/MutableMap<in #A, in #B>> (kotlin.collections/Map<out #A, #B>).kotlin.collections/toMap(#C): #C
function	kotlin.collections.toMap	toMap	Sequence		#C	final fun <#A: kotlin/Any?, #B: kotlin/Any?, #C: kotlin.collections/MutableMap<in #A, in #B>> (kotlin.sequences/Sequence<kotlin/Pair<#A, #B>>).kotlin.collections/toMap(#C): #C
function	kotlin.collections.toMutableList	toMutableList	Collection		MutableList	final fun <#A: kotlin/Any?> (kotlin.collections/Collection<#A>).kotlin.collections/toMutableList(): kotlin.collections/MutableList<#A>
function	kotlin.collections.toPair	toPair	Entry		Pair	final inline fun <#A: kotlin/Any?, #B: kotlin/Any?> (kotlin.collections/Map.Entry<#A, #B>).kotlin.collections/toPair(): kotlin/Pair<#A, #B>
function	kotlin.collections.toSet	toSet	Iterable		Set	final fun <#A: kotlin/Any?> (kotlin.collections/Iterable<#A>).kotlin.collections/toSet(): kotlin.collections/Set<#A>
function	kotlin.collections.toShortArray	toShortArray	Collection		ShortArray	final fun (kotlin.collections/Collection<kotlin/Short>).kotlin.collections/toShortArray(): kotlin/ShortArray
function	kotlin.collections.toUByteArray	toUByteArray	Collection		UByteArray	final fun (kotlin.collections/Collection<kotlin/UByte>).kotlin.collections/toUByteArray(): kotlin/UByteArray
function	kotlin.collections.toUIntArray	toUIntArray	Collection		UIntArray	final fun (kotlin.collections/Collection<kotlin/UInt>).kotlin.collections/toUIntArray(): kotlin/UIntArray
function	kotlin.collections.toULongArray	toULongArray	Collection		ULongArray	final fun (kotlin.collections/Collection<kotlin/ULong>).kotlin.collections/toULongArray(): kotlin/ULongArray
function	kotlin.collections.toUShortArray	toUShortArray	Collection		UShortArray	final fun (kotlin.collections/Collection<kotlin/UShort>).kotlin.collections/toUShortArray(): kotlin/UShortArray
function	kotlin.collections.unzip	unzip	Iterable		Pair	final fun <#A: kotlin/Any?, #B: kotlin/Any?> (kotlin.collections/Iterable<kotlin/Pair<#A, #B>>).kotlin.collections/unzip(): kotlin/Pair<kotlin.collections/List<#A>, kotlin.collections/List<#B>>
function	kotlin.collections.withDefault	withDefault	MutableMap	Function1	MutableMap	final fun <#A: kotlin/Any?, #B: kotlin/Any?> (kotlin.collections/MutableMap<#A, #B>).kotlin.collections/withDefault(kotlin/Function1<#A, #B>): kotlin.collections/MutableMap<#A, #B>
function	kotlin.collections.withIndex	withIndex	Iterable		Iterable	final fun <#A: kotlin/Any?> (kotlin.collections/Iterable<#A>).kotlin.collections/withIndex(): kotlin.collections/Iterable<kotlin.collections/IndexedValue<#A>>
function	kotlin.collections.zip	zip	Iterable	Array	List	final fun <#A: kotlin/Any?, #B: kotlin/Any?> (kotlin.collections/Iterable<#A>).kotlin.collections/zip(kotlin/Array<out #B>): kotlin.collections/List<kotlin/Pair<#A, #B>>
function	kotlin.collections.zip	zip	Iterable	Array|Function2	List	final inline fun <#A: kotlin/Any?, #B: kotlin/Any?, #C: kotlin/Any?> (kotlin.collections/Iterable<#A>).kotlin.collections/zip(kotlin/Array<out #B>, kotlin/Function2<#A, #B, #C>): kotlin.collections/List<#C>
function	kotlin.comparisons.maxOf	maxOf		|	#A	final fun <#A: kotlin/Comparable<#A>> kotlin.comparisons/maxOf(#A, #A): #A
function	kotlin.comparisons.maxOf	maxOf		|Array	#A	final fun <#A: kotlin/Comparable<#A>> kotlin.comparisons/maxOf(#A, kotlin/Array<out #A>...): #A
function	kotlin.comparisons.maxOf	maxOf		Byte|Array	Byte	final fun kotlin.comparisons/maxOf(kotlin/Byte, kotlin/ByteArray...): kotlin/Byte
function	kotlin.comparisons.maxOf	maxOf		Double|Array	Double	final fun kotlin.comparisons/maxOf(kotlin/Double, kotlin/DoubleArray...): kotlin/Double
function	kotlin.comparisons.maxOf	maxOf		Float|Array	Float	final fun kotlin.comparisons/maxOf(kotlin/Float, kotlin/FloatArray...): kotlin/Float
function	kotlin.comparisons.maxOf	maxOf		Int|Array	Int	final fun kotlin.comparisons/maxOf(kotlin/Int, kotlin/IntArray...): kotlin/Int
function	kotlin.comparisons.maxOf	maxOf		Long|Array	Long	final fun kotlin.comparisons/maxOf(kotlin/Long, kotlin/LongArray...): kotlin/Long
function	kotlin.comparisons.maxOf	maxOf		Short|Array	Short	final fun kotlin.comparisons/maxOf(kotlin/Short, kotlin/ShortArray...): kotlin/Short
function	kotlin.comparisons.maxOf	maxOf		UByte|Array	UByte	final fun kotlin.comparisons/maxOf(kotlin/UByte, kotlin/UByteArray...): kotlin/UByte
function	kotlin.comparisons.maxOf	maxOf		UInt|Array	UInt	final fun kotlin.comparisons/maxOf(kotlin/UInt, kotlin/UIntArray...): kotlin/UInt
function	kotlin.comparisons.maxOf	maxOf		ULong|Array	ULong	final fun kotlin.comparisons/maxOf(kotlin/ULong, kotlin/ULongArray...): kotlin/ULong
function	kotlin.comparisons.maxOf	maxOf		UShort|Array	UShort	final fun kotlin.comparisons/maxOf(kotlin/UShort, kotlin/UShortArray...): kotlin/UShort
function	kotlin.comparisons.maxOf	maxOf		Byte|Byte	Byte	final inline fun kotlin.comparisons/maxOf(kotlin/Byte, kotlin/Byte): kotlin/Byte
function	kotlin.comparisons.maxOf	maxOf		Short|Short	Short	final inline fun kotlin.comparisons/maxOf(kotlin/Short, kotlin/Short): kotlin/Short
function	kotlin.comparisons.maxOf	maxOf		||Comparator	#A	final fun <#A: kotlin/Any?> kotlin.comparisons/maxOf(#A, #A, kotlin/Comparator<in #A>): #A
function	kotlin.comparisons.maxOf	maxOf		|Array|Comparator	#A	final fun <#A: kotlin/Any?> kotlin.comparisons/maxOf(#A, kotlin/Array<out #A>..., kotlin/Comparator<in #A>): #A
function	kotlin.comparisons.maxOf	maxOf		||	#A	final fun <#A: kotlin/Comparable<#A>> kotlin.comparisons/maxOf(#A, #A, #A): #A
function	kotlin.comparisons.maxOf	maxOf		Byte|Byte|Byte	Byte	final inline fun kotlin.comparisons/maxOf(kotlin/Byte, kotlin/Byte, kotlin/Byte): kotlin/Byte
function	kotlin.comparisons.maxOf	maxOf		Short|Short|Short	Short	final inline fun kotlin.comparisons/maxOf(kotlin/Short, kotlin/Short, kotlin/Short): kotlin/Short
function	kotlin.comparisons.maxOf	maxOf		|||Comparator	#A	final fun <#A: kotlin/Any?> kotlin.comparisons/maxOf(#A, #A, #A, kotlin/Comparator<in #A>): #A
function	kotlin.comparisons.minOf	minOf		|	#A	final fun <#A: kotlin/Comparable<#A>> kotlin.comparisons/minOf(#A, #A): #A
function	kotlin.comparisons.minOf	minOf		|Array	#A	final fun <#A: kotlin/Comparable<#A>> kotlin.comparisons/minOf(#A, kotlin/Array<out #A>...): #A
function	kotlin.comparisons.minOf	minOf		Byte|Array	Byte	final fun kotlin.comparisons/minOf(kotlin/Byte, kotlin/ByteArray...): kotlin/Byte
function	kotlin.comparisons.minOf	minOf		Double|Array	Double	final fun kotlin.comparisons/minOf(kotlin/Double, kotlin/DoubleArray...): kotlin/Double
function	kotlin.comparisons.minOf	minOf		Float|Array	Float	final fun kotlin.comparisons/minOf(kotlin/Float, kotlin/FloatArray...): kotlin/Float
function	kotlin.comparisons.minOf	minOf		Int|Array	Int	final fun kotlin.comparisons/minOf(kotlin/Int, kotlin/IntArray...): kotlin/Int
function	kotlin.comparisons.minOf	minOf		Long|Array	Long	final fun kotlin.comparisons/minOf(kotlin/Long, kotlin/LongArray...): kotlin/Long
function	kotlin.comparisons.minOf	minOf		Short|Array	Short	final fun kotlin.comparisons/minOf(kotlin/Short, kotlin/ShortArray...): kotlin/Short
function	kotlin.comparisons.minOf	minOf		UByte|Array	UByte	final fun kotlin.comparisons/minOf(kotlin/UByte, kotlin/UByteArray...): kotlin/UByte
function	kotlin.comparisons.minOf	minOf		UInt|Array	UInt	final fun kotlin.comparisons/minOf(kotlin/UInt, kotlin/UIntArray...): kotlin/UInt
function	kotlin.comparisons.minOf	minOf		ULong|Array	ULong	final fun kotlin.comparisons/minOf(kotlin/ULong, kotlin/ULongArray...): kotlin/ULong
function	kotlin.comparisons.minOf	minOf		UShort|Array	UShort	final fun kotlin.comparisons/minOf(kotlin/UShort, kotlin/UShortArray...): kotlin/UShort
function	kotlin.comparisons.minOf	minOf		Byte|Byte	Byte	final inline fun kotlin.comparisons/minOf(kotlin/Byte, kotlin/Byte): kotlin/Byte
function	kotlin.comparisons.minOf	minOf		Short|Short	Short	final inline fun kotlin.comparisons/minOf(kotlin/Short, kotlin/Short): kotlin/Short
function	kotlin.comparisons.minOf	minOf		||Comparator	#A	final fun <#A: kotlin/Any?> kotlin.comparisons/minOf(#A, #A, kotlin/Comparator<in #A>): #A
function	kotlin.comparisons.minOf	minOf		|Array|Comparator	#A	final fun <#A: kotlin/Any?> kotlin.comparisons/minOf(#A, kotlin/Array<out #A>..., kotlin/Comparator<in #A>): #A
function	kotlin.comparisons.minOf	minOf		||	#A	final fun <#A: kotlin/Comparable<#A>> kotlin.comparisons/minOf(#A, #A, #A): #A
function	kotlin.comparisons.minOf	minOf		Byte|Byte|Byte	Byte	final inline fun kotlin.comparisons/minOf(kotlin/Byte, kotlin/Byte, kotlin/Byte): kotlin/Byte
function	kotlin.comparisons.minOf	minOf		Short|Short|Short	Short	final inline fun kotlin.comparisons/minOf(kotlin/Short, kotlin/Short, kotlin/Short): kotlin/Short
function	kotlin.comparisons.minOf	minOf		|||Comparator	#A	final fun <#A: kotlin/Any?> kotlin.comparisons/minOf(#A, #A, #A, kotlin/Comparator<in #A>): #A
function	kotlin.comparisons.then	then	Comparator	Comparator	Comparator	final fun <#A: kotlin/Any?> (kotlin/Comparator<#A>).kotlin.comparisons/then(kotlin/Comparator<in #A>): kotlin/Comparator<#A>
function	kotlin.comparisons.thenDescending	thenDescending	Comparator	Comparator	Comparator	final fun <#A: kotlin/Any?> (kotlin/Comparator<#A>).kotlin.comparisons/thenDescending(kotlin/Comparator<in #A>): kotlin/Comparator<#A>
function	kotlin.concurrent.AtomicArray	AtomicArray		Int|Function1	AtomicArray	final inline fun <#A: reified kotlin/Any?> kotlin.concurrent/AtomicArray(kotlin/Int, kotlin/Function1<kotlin/Int, #A>): kotlin.concurrent/AtomicArray<#A>
function	kotlin.concurrent.AtomicIntArray	AtomicIntArray		Int|Function1	AtomicIntArray	final inline fun kotlin.concurrent/AtomicIntArray(kotlin/Int, kotlin/Function1<kotlin/Int, kotlin/Int>): kotlin.concurrent/AtomicIntArray
function	kotlin.concurrent.AtomicLongArray	AtomicLongArray		Int|Function1	AtomicLongArray	final inline fun kotlin.concurrent/AtomicLongArray(kotlin/Int, kotlin/Function1<kotlin/Int, kotlin/Long>): kotlin.concurrent/AtomicLongArray
function	kotlin.concurrent.atomicGetField	atomicGetField	KMutableProperty0		#A	final fun <#A: kotlin/Any?> (kotlin.reflect/KMutableProperty0<#A>).kotlin.concurrent/atomicGetField(): #A
function	kotlin.concurrent.atomicSetField	atomicSetField	KMutableProperty0		Unit	final fun <#A: kotlin/Any?> (kotlin.reflect/KMutableProperty0<#A>).kotlin.concurrent/atomicSetField(#A)
function	kotlin.concurrent.compareAndExchangeField	compareAndExchangeField	KMutableProperty0	|	#A	final fun <#A: kotlin/Any?> (kotlin.reflect/KMutableProperty0<#A>).kotlin.concurrent/compareAndExchangeField(#A, #A): #A
function	kotlin.concurrent.compareAndSetField	compareAndSetField	KMutableProperty0	|	Boolean	final fun <#A: kotlin/Any?> (kotlin.reflect/KMutableProperty0<#A>).kotlin.concurrent/compareAndSetField(#A, #A): kotlin/Boolean
function	kotlin.concurrent.getAndAddField	getAndAddField	KMutableProperty0	Byte	Byte	final fun (kotlin.reflect/KMutableProperty0<kotlin/Byte>).kotlin.concurrent/getAndAddField(kotlin/Byte): kotlin/Byte
function	kotlin.concurrent.getAndAddField	getAndAddField	KMutableProperty0	Int	Int	final fun (kotlin.reflect/KMutableProperty0<kotlin/Int>).kotlin.concurrent/getAndAddField(kotlin/Int): kotlin/Int
function	kotlin.concurrent.getAndAddField	getAndAddField	KMutableProperty0	Long	Long	final fun (kotlin.reflect/KMutableProperty0<kotlin/Long>).kotlin.concurrent/getAndAddField(kotlin/Long): kotlin/Long
function	kotlin.concurrent.getAndAddField	getAndAddField	KMutableProperty0	Short	Short	final fun (kotlin.reflect/KMutableProperty0<kotlin/Short>).kotlin.concurrent/getAndAddField(kotlin/Short): kotlin/Short
function	kotlin.concurrent.getAndSetField	getAndSetField	KMutableProperty0		#A	final fun <#A: kotlin/Any?> (kotlin.reflect/KMutableProperty0<#A>).kotlin.concurrent/getAndSetField(#A): #A
function	kotlin.concurrent.atomics.AtomicArray	AtomicArray		Int|Function1	AtomicArray	final inline fun <#A: reified kotlin/Any?> kotlin.concurrent.atomics/AtomicArray(kotlin/Int, kotlin/Function1<kotlin/Int, #A>): kotlin.concurrent.atomics/AtomicArray<#A>
function	kotlin.concurrent.atomics.AtomicIntArray	AtomicIntArray		Int|Function1	AtomicIntArray	final inline fun kotlin.concurrent.atomics/AtomicIntArray(kotlin/Int, kotlin/Function1<kotlin/Int, kotlin/Int>): kotlin.concurrent.atomics/AtomicIntArray
function	kotlin.concurrent.atomics.AtomicLongArray	AtomicLongArray		Int|Function1	AtomicLongArray	final inline fun kotlin.concurrent.atomics/AtomicLongArray(kotlin/Int, kotlin/Function1<kotlin/Int, kotlin/Long>): kotlin.concurrent.atomics/AtomicLongArray
function	kotlin.concurrent.atomics.atomicArrayOfNulls	atomicArrayOfNulls		Int	AtomicArray	final inline fun <#A: reified kotlin/Any?> kotlin.concurrent.atomics/atomicArrayOfNulls(kotlin/Int): kotlin.concurrent.atomics/AtomicArray<#A?>
function	kotlin.concurrent.atomics.decrementAndFetch	decrementAndFetch	AtomicInt		Int	final fun (kotlin.concurrent.atomics/AtomicInt).kotlin.concurrent.atomics/decrementAndFetch(): kotlin/Int
function	kotlin.concurrent.atomics.decrementAndFetch	decrementAndFetch	AtomicLong		Long	final fun (kotlin.concurrent.atomics/AtomicLong).kotlin.concurrent.atomics/decrementAndFetch(): kotlin/Long
function	kotlin.concurrent.atomics.fetchAndUpdate	fetchAndUpdate	AtomicNativePtr	Function1	NativePtr	final inline fun (kotlin.concurrent.atomics/AtomicNativePtr).kotlin.concurrent.atomics/fetchAndUpdate(kotlin/Function1<kotlin.native.internal/NativePtr, kotlin.native.internal/NativePtr>): kotlin.native.internal/NativePtr
function	kotlin.concurrent.atomics.fetchAndUpdate	fetchAndUpdate	AtomicReference	Function1	#A	final inline fun <#A: kotlin/Any?> (kotlin.concurrent.atomics/AtomicReference<#A>).kotlin.concurrent.atomics/fetchAndUpdate(kotlin/Function1<#A, #A>): #A
function	kotlin.concurrent.atomics.fetchAndUpdateAt	fetchAndUpdateAt	AtomicArray	Int|Function1	#A	final inline fun <#A: kotlin/Any?> (kotlin.concurrent.atomics/AtomicArray<#A>).kotlin.concurrent.atomics/fetchAndUpdateAt(kotlin/Int, kotlin/Function1<#A, #A>): #A
function	kotlin.concurrent.atomics.incrementAndFetch	incrementAndFetch	AtomicInt		Int	final fun (kotlin.concurrent.atomics/AtomicInt).kotlin.concurrent.atomics/incrementAndFetch(): kotlin/Int
function	kotlin.concurrent.atomics.incrementAndFetch	incrementAndFetch	AtomicLong		Long	final fun (kotlin.concurrent.atomics/AtomicLong).kotlin.concurrent.atomics/incrementAndFetch(): kotlin/Long
function	kotlin.concurrent.atomics.minusAssign	minusAssign	AtomicInt	Int	Unit	final fun (kotlin.concurrent.atomics/AtomicInt).kotlin.concurrent.atomics/minusAssign(kotlin/Int)
function	kotlin.concurrent.atomics.minusAssign	minusAssign	AtomicLong	Long	Unit	final fun (kotlin.concurrent.atomics/AtomicLong).kotlin.concurrent.atomics/minusAssign(kotlin/Long)
function	kotlin.concurrent.atomics.plusAssign	plusAssign	AtomicInt	Int	Unit	final fun (kotlin.concurrent.atomics/AtomicInt).kotlin.concurrent.atomics/plusAssign(kotlin/Int)
function	kotlin.concurrent.atomics.plusAssign	plusAssign	AtomicLong	Long	Unit	final fun (kotlin.concurrent.atomics/AtomicLong).kotlin.concurrent.atomics/plusAssign(kotlin/Long)
function	kotlin.concurrent.atomics.update	update	AtomicInt	Function1	Unit	final inline fun (kotlin.concurrent.atomics/AtomicInt).kotlin.concurrent.atomics/update(kotlin/Function1<kotlin/Int, kotlin/Int>)
function	kotlin.concurrent.atomics.update	update	AtomicLong	Function1	Unit	final inline fun (kotlin.concurrent.atomics/AtomicLong).kotlin.concurrent.atomics/update(kotlin/Function1<kotlin/Long, kotlin/Long>)
function	kotlin.concurrent.atomics.update	update	AtomicNativePtr	Function1	Unit	final inline fun (kotlin.concurrent.atomics/AtomicNativePtr).kotlin.concurrent.atomics/update(kotlin/Function1<kotlin.native.internal/NativePtr, kotlin.native.internal/NativePtr>)
function	kotlin.concurrent.atomics.update	update	AtomicReference	Function1	Unit	final inline fun <#A: kotlin/Any?> (kotlin.concurrent.atomics/AtomicReference<#A>).kotlin.concurrent.atomics/update(kotlin/Function1<#A, #A>)
function	kotlin.concurrent.atomics.updateAndFetch	updateAndFetch	AtomicInt	Function1	Int	final inline fun (kotlin.concurrent.atomics/AtomicInt).kotlin.concurrent.atomics/updateAndFetch(kotlin/Function1<kotlin/Int, kotlin/Int>): kotlin/Int
function	kotlin.concurrent.atomics.updateAndFetch	updateAndFetch	AtomicLong	Function1	Long	final inline fun (kotlin.concurrent.atomics/AtomicLong).kotlin.concurrent.atomics/updateAndFetch(kotlin/Function1<kotlin/Long, kotlin/Long>): kotlin/Long
function	kotlin.concurrent.atomics.updateAndFetch	updateAndFetch	AtomicNativePtr	Function1	NativePtr	final inline fun (kotlin.concurrent.atomics/AtomicNativePtr).kotlin.concurrent.atomics/updateAndFetch(kotlin/Function1<kotlin.native.internal/NativePtr, kotlin.native.internal/NativePtr>): kotlin.native.internal/NativePtr
function	kotlin.concurrent.atomics.updateAndFetch	updateAndFetch	AtomicReference	Function1	#A	final inline fun <#A: kotlin/Any?> (kotlin.concurrent.atomics/AtomicReference<#A>).kotlin.concurrent.atomics/updateAndFetch(kotlin/Function1<#A, #A>): #A
function	kotlin.concurrent.atomics.updateAndFetchAt	updateAndFetchAt	AtomicIntArray	Int|Function1	Int	final inline fun (kotlin.concurrent.atomics/AtomicIntArray).kotlin.concurrent.atomics/updateAndFetchAt(kotlin/Int, kotlin/Function1<kotlin/Int, kotlin/Int>): kotlin/Int
function	kotlin.concurrent.atomics.updateAndFetchAt	updateAndFetchAt	AtomicLongArray	Int|Function1	Long	final inline fun (kotlin.concurrent.atomics/AtomicLongArray).kotlin.concurrent.atomics/updateAndFetchAt(kotlin/Int, kotlin/Function1<kotlin/Long, kotlin/Long>): kotlin/Long
function	kotlin.concurrent.atomics.updateAndFetchAt	updateAndFetchAt	AtomicArray	Int|Function1	#A	final inline fun <#A: kotlin/Any?> (kotlin.concurrent.atomics/AtomicArray<#A>).kotlin.concurrent.atomics/updateAndFetchAt(kotlin/Int, kotlin/Function1<#A, #A>): #A
function	kotlin.concurrent.atomics.updateAt	updateAt	AtomicIntArray	Int|Function1	Unit	final inline fun (kotlin.concurrent.atomics/AtomicIntArray).kotlin.concurrent.atomics/updateAt(kotlin/Int, kotlin/Function1<kotlin/Int, kotlin/Int>)
function	kotlin.concurrent.atomics.updateAt	updateAt	AtomicLongArray	Int|Function1	Unit	final inline fun (kotlin.concurrent.atomics/AtomicLongArray).kotlin.concurrent.atomics/updateAt(kotlin/Int, kotlin/Function1<kotlin/Long, kotlin/Long>)
function	kotlin.contracts.contract	contract		Function1	Unit	final inline fun kotlin.contracts/contract(kotlin/Function1<kotlin.contracts/ContractBuilder, kotlin/Unit>)
function	kotlin.coroutines.Continuation	Continuation		CoroutineContext|Function1	Continuation	final inline fun <#A: kotlin/Any?> kotlin.coroutines/Continuation(kotlin.coroutines/CoroutineContext, crossinline kotlin/Function1<kotlin/Result<#A>, kotlin/Unit>): kotlin.coroutines/Continuation<#A>
function	kotlin.coroutines.createCoroutine	createCoroutine	SuspendFunction0	Continuation	Continuation	final fun <#A: kotlin/Any?> (kotlin.coroutines/SuspendFunction0<#A>).kotlin.coroutines/createCoroutine(kotlin.coroutines/Continuation<#A>): kotlin.coroutines/Continuation<kotlin/Unit>
function	kotlin.coroutines.createCoroutine	createCoroutine	SuspendFunction1	|Continuation	Continuation	final fun <#A: kotlin/Any?, #B: kotlin/Any?> (kotlin.coroutines/SuspendFunction1<#A, #B>).kotlin.coroutines/createCoroutine(#A, kotlin.coroutines/Continuation<#B>): kotlin.coroutines/Continuation<kotlin/Unit>
function	kotlin.coroutines.getPolymorphicElement	getPolymorphicElement	Element	Key	#A	final fun <#A: kotlin.coroutines/CoroutineContext.Element> (kotlin.coroutines/CoroutineContext.Element).kotlin.coroutines/getPolymorphicElement(kotlin.coroutines/CoroutineContext.Key<#A>): #A?
function	kotlin.coroutines.minusPolymorphicKey	minusPolymorphicKey	Element	Key	CoroutineContext	final fun (kotlin.coroutines/CoroutineContext.Element).kotlin.coroutines/minusPolymorphicKey(kotlin.coroutines/CoroutineContext.Key<*>): kotlin.coroutines/CoroutineContext
function	kotlin.coroutines.resume	resume	Continuation		Unit	final inline fun <#A: kotlin/Any?> (kotlin.coroutines/Continuation<#A>).kotlin.coroutines/resume(#A)
function	kotlin.coroutines.resumeWithException	resumeWithException	Continuation	Throwable	Unit	final inline fun <#A: kotlin/Any?> (kotlin.coroutines/Continuation<#A>).kotlin.coroutines/resumeWithException(kotlin/Throwable)
function	kotlin.coroutines.startCoroutine	startCoroutine	SuspendFunction0	Continuation	Unit	final fun <#A: kotlin/Any?> (kotlin.coroutines/SuspendFunction0<#A>).kotlin.coroutines/startCoroutine(kotlin.coroutines/Continuation<#A>)
function	kotlin.coroutines.startCoroutine	startCoroutine	SuspendFunction1	|Continuation	Unit	final fun <#A: kotlin/Any?, #B: kotlin/Any?> (kotlin.coroutines/SuspendFunction1<#A, #B>).kotlin.coroutines/startCoroutine(#A, kotlin.coroutines/Continuation<#B>)
function	kotlin.coroutines.suspendCoroutine	suspendCoroutine		Function1	#A	final suspend inline fun <#A: kotlin/Any?> kotlin.coroutines/suspendCoroutine(crossinline kotlin/Function1<kotlin.coroutines/Continuation<#A>, kotlin/Unit>): #A
function	kotlin.coroutines.cancellation.CancellationException	CancellationException		Throwable	CancellationException	final inline fun kotlin.coroutines.cancellation/CancellationException(kotlin/Throwable?): kotlin.coroutines.cancellation/CancellationException
function	kotlin.coroutines.cancellation.CancellationException	CancellationException		String|Throwable	CancellationException	final inline fun kotlin.coroutines.cancellation/CancellationException(kotlin/String?, kotlin/Throwable?): kotlin.coroutines.cancellation/CancellationException
function	kotlin.coroutines.intrinsics.createCoroutineUnintercepted	createCoroutineUnintercepted	SuspendFunction0	Continuation	Continuation	final fun <#A: kotlin/Any?> (kotlin.coroutines/SuspendFunction0<#A>).kotlin.coroutines.intrinsics/createCoroutineUnintercepted(kotlin.coroutines/Continuation<#A>): kotlin.coroutines/Continuation<kotlin/Unit>
function	kotlin.coroutines.intrinsics.createCoroutineUnintercepted	createCoroutineUnintercepted	SuspendFunction1	|Continuation	Continuation	final fun <#A: kotlin/Any?, #B: kotlin/Any?> (kotlin.coroutines/SuspendFunction1<#A, #B>).kotlin.coroutines.intrinsics/createCoroutineUnintercepted(#A, kotlin.coroutines/Continuation<#B>): kotlin.coroutines/Continuation<kotlin/Unit>
function	kotlin.coroutines.intrinsics.intercepted	intercepted	Continuation		Continuation	final fun <#A: kotlin/Any?> (kotlin.coroutines/Continuation<#A>).kotlin.coroutines.intrinsics/intercepted(): kotlin.coroutines/Continuation<#A>
function	kotlin.coroutines.intrinsics.startCoroutineUninterceptedOrReturn	startCoroutineUninterceptedOrReturn	SuspendFunction0	Continuation	Any	final inline fun <#A: kotlin/Any?> (kotlin.coroutines/SuspendFunction0<#A>).kotlin.coroutines.intrinsics/startCoroutineUninterceptedOrReturn(kotlin.coroutines/Continuation<#A>): kotlin/Any?
function	kotlin.coroutines.intrinsics.startCoroutineUninterceptedOrReturn	startCoroutineUninterceptedOrReturn	SuspendFunction1	|Continuation	Any	final inline fun <#A: kotlin/Any?, #B: kotlin/Any?> (kotlin.coroutines/SuspendFunction1<#A, #B>).kotlin.coroutines.intrinsics/startCoroutineUninterceptedOrReturn(#A, kotlin.coroutines/Continuation<#B>): kotlin/Any?
function	kotlin.coroutines.intrinsics.startCoroutineUninterceptedOrReturnFallback	startCoroutineUninterceptedOrReturnFallback		SuspendFunction0|Continuation	Any	final fun <#A: kotlin/Any?> kotlin.coroutines.intrinsics/startCoroutineUninterceptedOrReturnFallback(kotlin.coroutines/SuspendFunction0<#A>, kotlin.coroutines/Continuation<#A>): kotlin/Any?
function	kotlin.coroutines.intrinsics.startCoroutineUninterceptedOrReturnFallback	startCoroutineUninterceptedOrReturnFallback		SuspendFunction1||Continuation	Any	final fun <#A: kotlin/Any?, #B: kotlin/Any?> kotlin.coroutines.intrinsics/startCoroutineUninterceptedOrReturnFallback(kotlin.coroutines/SuspendFunction1<#A, #B>, #A, kotlin.coroutines/Continuation<#B>): kotlin/Any?
function	kotlin.coroutines.intrinsics.suspendCoroutineUninterceptedOrReturn	suspendCoroutineUninterceptedOrReturn		Function1	#A	final suspend inline fun <#A: kotlin/Any?> kotlin.coroutines.intrinsics/suspendCoroutineUninterceptedOrReturn(crossinline kotlin/Function1<kotlin.coroutines/Continuation<#A>, kotlin/Any?>): #A
function	kotlin.coroutines.intrinsics.wrapWithContinuationImpl	wrapWithContinuationImpl		Continuation	Continuation	final fun <#A: kotlin/Any?> kotlin.coroutines.intrinsics/wrapWithContinuationImpl(kotlin.coroutines/Continuation<#A>): kotlin.coroutines/Continuation<#A>
function	kotlin.enums.enumEntries	enumEntries			EnumEntries	final inline fun <#A: reified kotlin/Enum<#A>> kotlin.enums/enumEntries(): kotlin.enums/EnumEntries<#A>
function	kotlin.enums.enumEntries	enumEntries		Array	EnumEntries	final fun <#A: kotlin/Enum<#A>> kotlin.enums/enumEntries(kotlin/Array<#A>): kotlin.enums/EnumEntries<#A>
function	kotlin.enums.enumEntries	enumEntries		Function0	EnumEntries	final fun <#A: kotlin/Enum<#A>> kotlin.enums/enumEntries(kotlin/Function0<kotlin/Array<#A>>): kotlin.enums/EnumEntries<#A>
function	kotlin.enums.enumEntriesIntrinsic	enumEntriesIntrinsic			EnumEntries	final fun <#A: kotlin/Enum<#A>> kotlin.enums/enumEntriesIntrinsic(): kotlin.enums/EnumEntries<#A>
function	kotlin.io.print	print		String	Unit	final fun kotlin.io/print(kotlin/String)
function	kotlin.io.println	println		String	Unit	final fun kotlin.io/println(kotlin/String)
function	kotlin.math.acos	acos		Double	Double	final fun kotlin.math/acos(kotlin/Double): kotlin/Double
function	kotlin.math.acos	acos		Float	Float	final fun kotlin.math/acos(kotlin/Float): kotlin/Float
function	kotlin.math.acosh	acosh		Double	Double	final fun kotlin.math/acosh(kotlin/Double): kotlin/Double
function	kotlin.math.acosh	acosh		Float	Float	final fun kotlin.math/acosh(kotlin/Float): kotlin/Float
function	kotlin.math.asin	asin		Double	Double	final fun kotlin.math/asin(kotlin/Double): kotlin/Double
function	kotlin.math.asin	asin		Float	Float	final fun kotlin.math/asin(kotlin/Float): kotlin/Float
function	kotlin.math.asinh	asinh		Double	Double	final fun kotlin.math/asinh(kotlin/Double): kotlin/Double
function	kotlin.math.asinh	asinh		Float	Float	final fun kotlin.math/asinh(kotlin/Float): kotlin/Float
function	kotlin.math.atan	atan		Double	Double	final fun kotlin.math/atan(kotlin/Double): kotlin/Double
function	kotlin.math.atan	atan		Float	Float	final fun kotlin.math/atan(kotlin/Float): kotlin/Float
function	kotlin.math.atan2	atan2		Double|Double	Double	final fun kotlin.math/atan2(kotlin/Double, kotlin/Double): kotlin/Double
function	kotlin.math.atan2	atan2		Float|Float	Float	final fun kotlin.math/atan2(kotlin/Float, kotlin/Float): kotlin/Float
function	kotlin.math.atanh	atanh		Double	Double	final fun kotlin.math/atanh(kotlin/Double): kotlin/Double
function	kotlin.math.atanh	atanh		Float	Float	final fun kotlin.math/atanh(kotlin/Float): kotlin/Float
function	kotlin.math.cbrt	cbrt		Double	Double	final fun kotlin.math/cbrt(kotlin/Double): kotlin/Double
function	kotlin.math.cbrt	cbrt		Float	Float	final fun kotlin.math/cbrt(kotlin/Float): kotlin/Float
function	kotlin.math.cos	cos		Double	Double	final fun kotlin.math/cos(kotlin/Double): kotlin/Double
function	kotlin.math.cos	cos		Float	Float	final fun kotlin.math/cos(kotlin/Float): kotlin/Float
function	kotlin.math.cosh	cosh		Double	Double	final fun kotlin.math/cosh(kotlin/Double): kotlin/Double
function	kotlin.math.cosh	cosh		Float	Float	final fun kotlin.math/cosh(kotlin/Float): kotlin/Float
function	kotlin.math.exp	exp		Double	Double	final fun kotlin.math/exp(kotlin/Double): kotlin/Double
function	kotlin.math.exp	exp		Float	Float	final fun kotlin.math/exp(kotlin/Float): kotlin/Float
function	kotlin.math.expm1	expm1		Double	Double	final fun kotlin.math/expm1(kotlin/Double): kotlin/Double
function	kotlin.math.expm1	expm1		Float	Float	final fun kotlin.math/expm1(kotlin/Float): kotlin/Float
function	kotlin.math.hypot	hypot		Double|Double	Double	final fun kotlin.math/hypot(kotlin/Double, kotlin/Double): kotlin/Double
function	kotlin.math.hypot	hypot		Float|Float	Float	final fun kotlin.math/hypot(kotlin/Float, kotlin/Float): kotlin/Float
function	kotlin.math.ln	ln		Double	Double	final fun kotlin.math/ln(kotlin/Double): kotlin/Double
function	kotlin.math.ln	ln		Float	Float	final fun kotlin.math/ln(kotlin/Float): kotlin/Float
function	kotlin.math.ln1p	ln1p		Double	Double	final fun kotlin.math/ln1p(kotlin/Double): kotlin/Double
function	kotlin.math.ln1p	ln1p		Float	Float	final fun kotlin.math/ln1p(kotlin/Float): kotlin/Float
function	kotlin.math.log	log		Double|Double	Double	final fun kotlin.math/log(kotlin/Double, kotlin/Double): kotlin/Double
function	kotlin.math.log	log		Float|Float	Float	final fun kotlin.math/log(kotlin/Float, kotlin/Float): kotlin/Float
function	kotlin.math.log10	log10		Double	Double	final fun kotlin.math/log10(kotlin/Double): kotlin/Double
function	kotlin.math.log10	log10		Float	Float	final fun kotlin.math/log10(kotlin/Float): kotlin/Float
function	kotlin.math.log2	log2		Double	Double	final fun kotlin.math/log2(kotlin/Double): kotlin/Double
function	kotlin.math.log2	log2		Float	Float	final fun kotlin.math/log2(kotlin/Float): kotlin/Float
function	kotlin.math.sin	sin		Double	Double	final fun kotlin.math/sin(kotlin/Double): kotlin/Double
function	kotlin.math.sin	sin		Float	Float	final fun kotlin.math/sin(kotlin/Float): kotlin/Float
function	kotlin.math.sinh	sinh		Double	Double	final fun kotlin.math/sinh(kotlin/Double): kotlin/Double
function	kotlin.math.sinh	sinh		Float	Float	final fun kotlin.math/sinh(kotlin/Float): kotlin/Float
function	kotlin.math.sqrt	sqrt		Double	Double	final fun kotlin.math/sqrt(kotlin/Double): kotlin/Double
function	kotlin.math.sqrt	sqrt		Float	Float	final fun kotlin.math/sqrt(kotlin/Float): kotlin/Float
function	kotlin.math.tan	tan		Double	Double	final fun kotlin.math/tan(kotlin/Double): kotlin/Double
function	kotlin.math.tan	tan		Float	Float	final fun kotlin.math/tan(kotlin/Float): kotlin/Float
function	kotlin.math.tanh	tanh		Double	Double	final fun kotlin.math/tanh(kotlin/Double): kotlin/Double
function	kotlin.math.tanh	tanh		Float	Float	final fun kotlin.math/tanh(kotlin/Float): kotlin/Float
function	kotlin.native.asCPointer	asCPointer	ImmutableBlob	Int	CPointer	final fun (kotlin.native/ImmutableBlob).kotlin.native/asCPointer(kotlin/Int = ...): kotlinx.cinterop/CPointer<kotlinx.cinterop/ByteVarOf<kotlin/Byte>>
function	kotlin.native.asUCPointer	asUCPointer	ImmutableBlob	Int	CPointer	final fun (kotlin.native/ImmutableBlob).kotlin.native/asUCPointer(kotlin/Int = ...): kotlinx.cinterop/CPointer<kotlinx.cinterop/UByteVarOf<kotlin/UByte>>
function	kotlin.native.getStackTraceAddresses	getStackTraceAddresses	Throwable		List	final fun (kotlin/Throwable).kotlin.native/getStackTraceAddresses(): kotlin.collections/List<kotlin/Long>
function	kotlin.native.getUnhandledExceptionHook	getUnhandledExceptionHook			Function1	final fun kotlin.native/getUnhandledExceptionHook(): kotlin/Function1<kotlin/Throwable, kotlin/Unit>?
function	kotlin.native.immutableBlobOf	immutableBlobOf		Array	ImmutableBlob	final fun kotlin.native/immutableBlobOf(kotlin/ShortArray...): kotlin.native/ImmutableBlob
function	kotlin.native.initRuntimeIfNeeded	initRuntimeIfNeeded			Unit	final fun kotlin.native/initRuntimeIfNeeded()
function	kotlin.native.isExperimentalMM	isExperimentalMM			Boolean	final fun kotlin.native/isExperimentalMM(): kotlin/Boolean
function	kotlin.native.processUnhandledException	processUnhandledException		Throwable	Unit	final fun kotlin.native/processUnhandledException(kotlin/Throwable)
function	kotlin.native.setUnhandledExceptionHook	setUnhandledExceptionHook		Function1	Function1	final fun kotlin.native/setUnhandledExceptionHook(kotlin/Function1<kotlin/Throwable, kotlin/Unit>?): kotlin/Function1<kotlin/Throwable, kotlin/Unit>?
function	kotlin.native.terminateWithUnhandledException	terminateWithUnhandledException		Throwable	Nothing	final fun kotlin.native/terminateWithUnhandledException(kotlin/Throwable): kotlin/Nothing
function	kotlin.native.toByteArray	toByteArray	ImmutableBlob	Int|Int	ByteArray	final fun (kotlin.native/ImmutableBlob).kotlin.native/toByteArray(kotlin/Int = ..., kotlin/Int = ...): kotlin/ByteArray
function	kotlin.native.toUByteArray	toUByteArray	ImmutableBlob	Int|Int	UByteArray	final fun (kotlin.native/ImmutableBlob).kotlin.native/toUByteArray(kotlin/Int = ..., kotlin/Int = ...): kotlin/UByteArray
function	kotlin.native.vectorOf	vectorOf		Float|Float|Float|Float	Vector128	final fun kotlin.native/vectorOf(kotlin/Float, kotlin/Float, kotlin/Float, kotlin/Float): kotlinx.cinterop/Vector128
function	kotlin.native.vectorOf	vectorOf		Int|Int|Int|Int	Vector128	final fun kotlin.native/vectorOf(kotlin/Int, kotlin/Int, kotlin/Int, kotlin/Int): kotlinx.cinterop/Vector128
function	kotlin.native.concurrent.atomicLazy	atomicLazy		Function0	Lazy	final fun <#A: kotlin/Any?> kotlin.native.concurrent/atomicLazy(kotlin/Function0<#A>): kotlin/Lazy<#A>
function	kotlin.native.concurrent.attach	attach	DetachedObjectGraph		#A	final inline fun <#A: reified kotlin/Any?> (kotlin.native.concurrent/DetachedObjectGraph<#A>).kotlin.native.concurrent/attach(): #A
function	kotlin.native.concurrent.attachObjectGraphInternal	attachObjectGraphInternal		NativePtr	Any	final fun kotlin.native.concurrent/attachObjectGraphInternal(kotlin.native.internal/NativePtr): kotlin/Any?
function	kotlin.native.concurrent.callContinuation0	callContinuation0	CPointer		Unit	final fun (kotlinx.cinterop/CPointer<out kotlinx.cinterop/CPointed>).kotlin.native.concurrent/callContinuation0()
function	kotlin.native.concurrent.callContinuation1	callContinuation1	CPointer		Unit	final fun <#A: kotlin/Any?> (kotlinx.cinterop/CPointer<out kotlinx.cinterop/CPointed>).kotlin.native.concurrent/callContinuation1()
function	kotlin.native.concurrent.callContinuation2	callContinuation2	CPointer		Unit	final fun <#A: kotlin/Any?, #B: kotlin/Any?> (kotlinx.cinterop/CPointer<out kotlinx.cinterop/CPointed>).kotlin.native.concurrent/callContinuation2()
function	kotlin.native.concurrent.consumeFuture	consumeFuture		Int	Any	final fun kotlin.native.concurrent/consumeFuture(kotlin/Int): kotlin/Any?
function	kotlin.native.concurrent.detachObjectGraphInternal	detachObjectGraphInternal		Int|Function0	NativePtr	final fun kotlin.native.concurrent/detachObjectGraphInternal(kotlin/Int, kotlin/Function0<kotlin/Any?>): kotlin.native.internal/NativePtr
function	kotlin.native.concurrent.executeImpl	executeImpl		Worker|TransferMode|Function0|CPointer	Future	final fun kotlin.native.concurrent/executeImpl(kotlin.native.concurrent/Worker, kotlin.native.concurrent/TransferMode, kotlin/Function0<kotlin/Any?>, kotlinx.cinterop/CPointer<kotlinx.cinterop/CFunction<*>>): kotlin.native.concurrent/Future<kotlin/Any?>
function	kotlin.native.concurrent.freeze	freeze			#A	final fun <#A: kotlin/Any?> (#A).kotlin.native.concurrent/freeze(): #A
function	kotlin.native.concurrent.waitForMultipleFutures	waitForMultipleFutures		Collection|Int	Set	final fun <#A: kotlin/Any?> kotlin.native.concurrent/waitForMultipleFutures(kotlin.collections/Collection<kotlin.native.concurrent/Future<#A>>, kotlin/Int): kotlin.collections/Set<kotlin.native.concurrent/Future<#A>>
function	kotlin.native.concurrent.waitForMultipleFutures	waitForMultipleFutures	Collection	Int	Set	final fun <#A: kotlin/Any?> (kotlin.collections/Collection<kotlin.native.concurrent/Future<#A>>).kotlin.native.concurrent/waitForMultipleFutures(kotlin/Int): kotlin.collections/Set<kotlin.native.concurrent/Future<#A>>
function	kotlin.native.concurrent.waitWorkerTermination	waitWorkerTermination		Worker	Unit	final fun kotlin.native.concurrent/waitWorkerTermination(kotlin.native.concurrent/Worker)
function	kotlin.native.concurrent.withWorker	withWorker		String|Boolean|Function1	#A	final inline fun <#A: kotlin/Any?> kotlin.native.concurrent/withWorker(kotlin/String? = ..., kotlin/Boolean = ..., kotlin/Function1<kotlin.native.concurrent/Worker, #A>): #A
function	kotlin.native.ref.createCleaner	createCleaner		|Function1	Cleaner	final fun <#A: kotlin/Any?> kotlin.native.ref/createCleaner(#A, kotlin/Function1<#A, kotlin/Unit>): kotlin.native.ref/Cleaner
function	kotlin.ranges.coerceAtLeast	coerceAtLeast			#A	final fun <#A: kotlin/Comparable<#A>> (#A).kotlin.ranges/coerceAtLeast(#A): #A
function	kotlin.ranges.coerceAtMost	coerceAtMost			#A	final fun <#A: kotlin/Comparable<#A>> (#A).kotlin.ranges/coerceAtMost(#A): #A
function	kotlin.ranges.coerceIn	coerceIn		ClosedFloatingPointRange	#A	final fun <#A: kotlin/Comparable<#A>> (#A).kotlin.ranges/coerceIn(kotlin.ranges/ClosedFloatingPointRange<#A>): #A
function	kotlin.ranges.coerceIn	coerceIn		ClosedRange	#A	final fun <#A: kotlin/Comparable<#A>> (#A).kotlin.ranges/coerceIn(kotlin.ranges/ClosedRange<#A>): #A
function	kotlin.ranges.coerceIn	coerceIn		|	#A	final fun <#A: kotlin/Comparable<#A>> (#A).kotlin.ranges/coerceIn(#A?, #A?): #A
function	kotlin.ranges.contains	contains	ClosedRange	Double	Boolean	final fun (kotlin.ranges/ClosedRange<kotlin/Byte>).kotlin.ranges/contains(kotlin/Double): kotlin/Boolean
function	kotlin.ranges.contains	contains	ClosedRange	Float	Boolean	final fun (kotlin.ranges/ClosedRange<kotlin/Byte>).kotlin.ranges/contains(kotlin/Float): kotlin/Boolean
function	kotlin.ranges.contains	contains	ClosedRange	Int	Boolean	final fun (kotlin.ranges/ClosedRange<kotlin/Byte>).kotlin.ranges/contains(kotlin/Int): kotlin/Boolean
function	kotlin.ranges.contains	contains	ClosedRange	Long	Boolean	final fun (kotlin.ranges/ClosedRange<kotlin/Byte>).kotlin.ranges/contains(kotlin/Long): kotlin/Boolean
function	kotlin.ranges.contains	contains	ClosedRange	Short	Boolean	final fun (kotlin.ranges/ClosedRange<kotlin/Byte>).kotlin.ranges/contains(kotlin/Short): kotlin/Boolean
function	kotlin.ranges.contains	contains	ClosedRange	Byte	Boolean	final fun (kotlin.ranges/ClosedRange<kotlin/Double>).kotlin.ranges/contains(kotlin/Byte): kotlin/Boolean
function	kotlin.ranges.contains	contains	ClosedRange	Float	Boolean	final fun (kotlin.ranges/ClosedRange<kotlin/Double>).kotlin.ranges/contains(kotlin/Float): kotlin/Boolean
function	kotlin.ranges.contains	contains	ClosedRange	Int	Boolean	final fun (kotlin.ranges/ClosedRange<kotlin/Double>).kotlin.ranges/contains(kotlin/Int): kotlin/Boolean
function	kotlin.ranges.contains	contains	ClosedRange	Long	Boolean	final fun (kotlin.ranges/ClosedRange<kotlin/Double>).kotlin.ranges/contains(kotlin/Long): kotlin/Boolean
function	kotlin.ranges.contains	contains	ClosedRange	Short	Boolean	final fun (kotlin.ranges/ClosedRange<kotlin/Double>).kotlin.ranges/contains(kotlin/Short): kotlin/Boolean
function	kotlin.ranges.contains	contains	ClosedRange	Byte	Boolean	final fun (kotlin.ranges/ClosedRange<kotlin/Float>).kotlin.ranges/contains(kotlin/Byte): kotlin/Boolean
function	kotlin.ranges.contains	contains	ClosedRange	Double	Boolean	final fun (kotlin.ranges/ClosedRange<kotlin/Float>).kotlin.ranges/contains(kotlin/Double): kotlin/Boolean
function	kotlin.ranges.contains	contains	ClosedRange	Int	Boolean	final fun (kotlin.ranges/ClosedRange<kotlin/Float>).kotlin.ranges/contains(kotlin/Int): kotlin/Boolean
function	kotlin.ranges.contains	contains	ClosedRange	Long	Boolean	final fun (kotlin.ranges/ClosedRange<kotlin/Float>).kotlin.ranges/contains(kotlin/Long): kotlin/Boolean
function	kotlin.ranges.contains	contains	ClosedRange	Short	Boolean	final fun (kotlin.ranges/ClosedRange<kotlin/Float>).kotlin.ranges/contains(kotlin/Short): kotlin/Boolean
function	kotlin.ranges.contains	contains	ClosedRange	Byte	Boolean	final fun (kotlin.ranges/ClosedRange<kotlin/Int>).kotlin.ranges/contains(kotlin/Byte): kotlin/Boolean
function	kotlin.ranges.contains	contains	ClosedRange	Double	Boolean	final fun (kotlin.ranges/ClosedRange<kotlin/Int>).kotlin.ranges/contains(kotlin/Double): kotlin/Boolean
function	kotlin.ranges.contains	contains	ClosedRange	Float	Boolean	final fun (kotlin.ranges/ClosedRange<kotlin/Int>).kotlin.ranges/contains(kotlin/Float): kotlin/Boolean
function	kotlin.ranges.contains	contains	ClosedRange	Long	Boolean	final fun (kotlin.ranges/ClosedRange<kotlin/Int>).kotlin.ranges/contains(kotlin/Long): kotlin/Boolean
function	kotlin.ranges.contains	contains	ClosedRange	Short	Boolean	final fun (kotlin.ranges/ClosedRange<kotlin/Int>).kotlin.ranges/contains(kotlin/Short): kotlin/Boolean
function	kotlin.ranges.contains	contains	ClosedRange	Byte	Boolean	final fun (kotlin.ranges/ClosedRange<kotlin/Long>).kotlin.ranges/contains(kotlin/Byte): kotlin/Boolean
function	kotlin.ranges.contains	contains	ClosedRange	Double	Boolean	final fun (kotlin.ranges/ClosedRange<kotlin/Long>).kotlin.ranges/contains(kotlin/Double): kotlin/Boolean
function	kotlin.ranges.contains	contains	ClosedRange	Float	Boolean	final fun (kotlin.ranges/ClosedRange<kotlin/Long>).kotlin.ranges/contains(kotlin/Float): kotlin/Boolean
function	kotlin.ranges.contains	contains	ClosedRange	Int	Boolean	final fun (kotlin.ranges/ClosedRange<kotlin/Long>).kotlin.ranges/contains(kotlin/Int): kotlin/Boolean
function	kotlin.ranges.contains	contains	ClosedRange	Short	Boolean	final fun (kotlin.ranges/ClosedRange<kotlin/Long>).kotlin.ranges/contains(kotlin/Short): kotlin/Boolean
function	kotlin.ranges.contains	contains	ClosedRange	Byte	Boolean	final fun (kotlin.ranges/ClosedRange<kotlin/Short>).kotlin.ranges/contains(kotlin/Byte): kotlin/Boolean
function	kotlin.ranges.contains	contains	ClosedRange	Double	Boolean	final fun (kotlin.ranges/ClosedRange<kotlin/Short>).kotlin.ranges/contains(kotlin/Double): kotlin/Boolean
function	kotlin.ranges.contains	contains	ClosedRange	Float	Boolean	final fun (kotlin.ranges/ClosedRange<kotlin/Short>).kotlin.ranges/contains(kotlin/Float): kotlin/Boolean
function	kotlin.ranges.contains	contains	ClosedRange	Int	Boolean	final fun (kotlin.ranges/ClosedRange<kotlin/Short>).kotlin.ranges/contains(kotlin/Int): kotlin/Boolean
function	kotlin.ranges.contains	contains	ClosedRange	Long	Boolean	final fun (kotlin.ranges/ClosedRange<kotlin/Short>).kotlin.ranges/contains(kotlin/Long): kotlin/Boolean
function	kotlin.ranges.contains	contains	OpenEndRange	Int	Boolean	final fun (kotlin.ranges/OpenEndRange<kotlin/Byte>).kotlin.ranges/contains(kotlin/Int): kotlin/Boolean
function	kotlin.ranges.contains	contains	OpenEndRange	Long	Boolean	final fun (kotlin.ranges/OpenEndRange<kotlin/Byte>).kotlin.ranges/contains(kotlin/Long): kotlin/Boolean
function	kotlin.ranges.contains	contains	OpenEndRange	Short	Boolean	final fun (kotlin.ranges/OpenEndRange<kotlin/Byte>).kotlin.ranges/contains(kotlin/Short): kotlin/Boolean
function	kotlin.ranges.contains	contains	OpenEndRange	Float	Boolean	final fun (kotlin.ranges/OpenEndRange<kotlin/Double>).kotlin.ranges/contains(kotlin/Float): kotlin/Boolean
function	kotlin.ranges.contains	contains	OpenEndRange	Byte	Boolean	final fun (kotlin.ranges/OpenEndRange<kotlin/Int>).kotlin.ranges/contains(kotlin/Byte): kotlin/Boolean
function	kotlin.ranges.contains	contains	OpenEndRange	Long	Boolean	final fun (kotlin.ranges/OpenEndRange<kotlin/Int>).kotlin.ranges/contains(kotlin/Long): kotlin/Boolean
function	kotlin.ranges.contains	contains	OpenEndRange	Short	Boolean	final fun (kotlin.ranges/OpenEndRange<kotlin/Int>).kotlin.ranges/contains(kotlin/Short): kotlin/Boolean
function	kotlin.ranges.contains	contains	OpenEndRange	Byte	Boolean	final fun (kotlin.ranges/OpenEndRange<kotlin/Long>).kotlin.ranges/contains(kotlin/Byte): kotlin/Boolean
function	kotlin.ranges.contains	contains	OpenEndRange	Int	Boolean	final fun (kotlin.ranges/OpenEndRange<kotlin/Long>).kotlin.ranges/contains(kotlin/Int): kotlin/Boolean
function	kotlin.ranges.contains	contains	OpenEndRange	Short	Boolean	final fun (kotlin.ranges/OpenEndRange<kotlin/Long>).kotlin.ranges/contains(kotlin/Short): kotlin/Boolean
function	kotlin.ranges.contains	contains	OpenEndRange	Byte	Boolean	final fun (kotlin.ranges/OpenEndRange<kotlin/Short>).kotlin.ranges/contains(kotlin/Byte): kotlin/Boolean
function	kotlin.ranges.contains	contains	OpenEndRange	Int	Boolean	final fun (kotlin.ranges/OpenEndRange<kotlin/Short>).kotlin.ranges/contains(kotlin/Int): kotlin/Boolean
function	kotlin.ranges.contains	contains	OpenEndRange	Long	Boolean	final fun (kotlin.ranges/OpenEndRange<kotlin/Short>).kotlin.ranges/contains(kotlin/Long): kotlin/Boolean
function	kotlin.ranges.contains	contains	UIntRange	UByte	Boolean	final fun (kotlin.ranges/UIntRange).kotlin.ranges/contains(kotlin/UByte): kotlin/Boolean
function	kotlin.ranges.contains	contains	UIntRange	ULong	Boolean	final fun (kotlin.ranges/UIntRange).kotlin.ranges/contains(kotlin/ULong): kotlin/Boolean
function	kotlin.ranges.contains	contains	UIntRange	UShort	Boolean	final fun (kotlin.ranges/UIntRange).kotlin.ranges/contains(kotlin/UShort): kotlin/Boolean
function	kotlin.ranges.contains	contains	ULongRange	UByte	Boolean	final fun (kotlin.ranges/ULongRange).kotlin.ranges/contains(kotlin/UByte): kotlin/Boolean
function	kotlin.ranges.contains	contains	ULongRange	UInt	Boolean	final fun (kotlin.ranges/ULongRange).kotlin.ranges/contains(kotlin/UInt): kotlin/Boolean
function	kotlin.ranges.contains	contains	ULongRange	UShort	Boolean	final fun (kotlin.ranges/ULongRange).kotlin.ranges/contains(kotlin/UShort): kotlin/Boolean
function	kotlin.ranges.contains	contains	IntRange	Byte	Boolean	final inline fun (kotlin.ranges/IntRange).kotlin.ranges/contains(kotlin/Byte): kotlin/Boolean
function	kotlin.ranges.contains	contains	IntRange	Long	Boolean	final inline fun (kotlin.ranges/IntRange).kotlin.ranges/contains(kotlin/Long): kotlin/Boolean
function	kotlin.ranges.contains	contains	IntRange	Short	Boolean	final inline fun (kotlin.ranges/IntRange).kotlin.ranges/contains(kotlin/Short): kotlin/Boolean
function	kotlin.ranges.contains	contains	LongRange	Byte	Boolean	final inline fun (kotlin.ranges/LongRange).kotlin.ranges/contains(kotlin/Byte): kotlin/Boolean
function	kotlin.ranges.contains	contains	LongRange	Int	Boolean	final inline fun (kotlin.ranges/LongRange).kotlin.ranges/contains(kotlin/Int): kotlin/Boolean
function	kotlin.ranges.contains	contains	LongRange	Short	Boolean	final inline fun (kotlin.ranges/LongRange).kotlin.ranges/contains(kotlin/Short): kotlin/Boolean
function	kotlin.ranges.contains	contains			Boolean	final inline fun <#A: kotlin/Any, #B: kotlin.collections/Iterable<#A> & kotlin.ranges/ClosedRange<#A>> (#B).kotlin.ranges/contains(#A?): kotlin/Boolean
function	kotlin.ranges.contains	contains			Boolean	final inline fun <#A: kotlin/Any, #B: kotlin.collections/Iterable<#A> & kotlin.ranges/OpenEndRange<#A>> (#B).kotlin.ranges/contains(#A?): kotlin/Boolean
function	kotlin.ranges.contains	contains			Boolean	final inline fun <#A: kotlin/Comparable<#A>, #B: kotlin.collections/Iterable<#A> & kotlin.ranges/ClosedRange<#A>> (#B).kotlin.ranges/contains(#A?): kotlin/Boolean
function	kotlin.ranges.contains	contains			Boolean	final inline fun <#A: kotlin/Comparable<#A>, #B: kotlin.collections/Iterable<#A> & kotlin.ranges/OpenEndRange<#A>> (#B).kotlin.ranges/contains(#A?): kotlin/Boolean
function	kotlin.ranges.first	first	CharProgression		Char	final fun (kotlin.ranges/CharProgression).kotlin.ranges/first(): kotlin/Char
function	kotlin.ranges.first	first	IntProgression		Int	final fun (kotlin.ranges/IntProgression).kotlin.ranges/first(): kotlin/Int
function	kotlin.ranges.first	first	LongProgression		Long	final fun (kotlin.ranges/LongProgression).kotlin.ranges/first(): kotlin/Long
function	kotlin.ranges.first	first	UIntProgression		UInt	final fun (kotlin.ranges/UIntProgression).kotlin.ranges/first(): kotlin/UInt
function	kotlin.ranges.first	first	ULongProgression		ULong	final fun (kotlin.ranges/ULongProgression).kotlin.ranges/first(): kotlin/ULong
function	kotlin.ranges.firstOrNull	firstOrNull	CharProgression		Char	final fun (kotlin.ranges/CharProgression).kotlin.ranges/firstOrNull(): kotlin/Char?
function	kotlin.ranges.firstOrNull	firstOrNull	LongProgression		Long	final fun (kotlin.ranges/LongProgression).kotlin.ranges/firstOrNull(): kotlin/Long?
function	kotlin.ranges.firstOrNull	firstOrNull	UIntProgression		UInt	final fun (kotlin.ranges/UIntProgression).kotlin.ranges/firstOrNull(): kotlin/UInt?
function	kotlin.ranges.firstOrNull	firstOrNull	ULongProgression		ULong	final fun (kotlin.ranges/ULongProgression).kotlin.ranges/firstOrNull(): kotlin/ULong?
function	kotlin.ranges.last	last	CharProgression		Char	final fun (kotlin.ranges/CharProgression).kotlin.ranges/last(): kotlin/Char
function	kotlin.ranges.last	last	IntProgression		Int	final fun (kotlin.ranges/IntProgression).kotlin.ranges/last(): kotlin/Int
function	kotlin.ranges.last	last	LongProgression		Long	final fun (kotlin.ranges/LongProgression).kotlin.ranges/last(): kotlin/Long
function	kotlin.ranges.last	last	UIntProgression		UInt	final fun (kotlin.ranges/UIntProgression).kotlin.ranges/last(): kotlin/UInt
function	kotlin.ranges.last	last	ULongProgression		ULong	final fun (kotlin.ranges/ULongProgression).kotlin.ranges/last(): kotlin/ULong
function	kotlin.ranges.lastOrNull	lastOrNull	CharProgression		Char	final fun (kotlin.ranges/CharProgression).kotlin.ranges/lastOrNull(): kotlin/Char?
function	kotlin.ranges.lastOrNull	lastOrNull	LongProgression		Long	final fun (kotlin.ranges/LongProgression).kotlin.ranges/lastOrNull(): kotlin/Long?
function	kotlin.ranges.lastOrNull	lastOrNull	UIntProgression		UInt	final fun (kotlin.ranges/UIntProgression).kotlin.ranges/lastOrNull(): kotlin/UInt?
function	kotlin.ranges.lastOrNull	lastOrNull	ULongProgression		ULong	final fun (kotlin.ranges/ULongProgression).kotlin.ranges/lastOrNull(): kotlin/ULong?
function	kotlin.ranges.rangeTo	rangeTo			ClosedRange	final fun <#A: kotlin/Comparable<#A>> (#A).kotlin.ranges/rangeTo(#A): kotlin.ranges/ClosedRange<#A>
function	kotlin.ranges.rangeUntil	rangeUntil			OpenEndRange	final fun <#A: kotlin/Comparable<#A>> (#A).kotlin.ranges/rangeUntil(#A): kotlin.ranges/OpenEndRange<#A>
function	kotlin.reflect.cast	cast	KClass	Any	#A	final fun <#A: kotlin/Any> (kotlin.reflect/KClass<#A>).kotlin.reflect/cast(kotlin/Any?): #A
function	kotlin.reflect.findAssociatedObject	findAssociatedObject	KClass		Any	final inline fun <#A: reified kotlin/Annotation> (kotlin.reflect/KClass<*>).kotlin.reflect/findAssociatedObject(): kotlin/Any?
function	kotlin.reflect.safeCast	safeCast	KClass	Any	#A	final fun <#A: kotlin/Any> (kotlin.reflect/KClass<#A>).kotlin.reflect/safeCast(kotlin/Any?): #A?
function	kotlin.reflect.typeOf	typeOf			KType	final inline fun <#A: reified kotlin/Any?> kotlin.reflect/typeOf(): kotlin.reflect/KType
function	kotlin.sequences.Sequence	Sequence		Function0	Sequence	final inline fun <#A: kotlin/Any?> kotlin.sequences/Sequence(crossinline kotlin/Function0<kotlin.collections/Iterator<#A>>): kotlin.sequences/Sequence<#A>
function	kotlin.sequences.asSequence	asSequence	Iterator		Sequence	final fun <#A: kotlin/Any?> (kotlin.collections/Iterator<#A>).kotlin.sequences/asSequence(): kotlin.sequences/Sequence<#A>
function	kotlin.sequences.associate	associate	Sequence	Function1	Map	final inline fun <#A: kotlin/Any?, #B: kotlin/Any?, #C: kotlin/Any?> (kotlin.sequences/Sequence<#A>).kotlin.sequences/associate(kotlin/Function1<#A, kotlin/Pair<#B, #C>>): kotlin.collections/Map<#B, #C>
function	kotlin.sequences.associateBy	associateBy	Sequence	Function1	Map	final inline fun <#A: kotlin/Any?, #B: kotlin/Any?> (kotlin.sequences/Sequence<#A>).kotlin.sequences/associateBy(kotlin/Function1<#A, #B>): kotlin.collections/Map<#B, #A>
function	kotlin.sequences.associateBy	associateBy	Sequence	Function1|Function1	Map	final inline fun <#A: kotlin/Any?, #B: kotlin/Any?, #C: kotlin/Any?> (kotlin.sequences/Sequence<#A>).kotlin.sequences/associateBy(kotlin/Function1<#A, #B>, kotlin/Function1<#A, #C>): kotlin.collections/Map<#B, #C>
function	kotlin.sequences.associateByTo	associateByTo	Sequence	|Function1	#C	final inline fun <#A: kotlin/Any?, #B: kotlin/Any?, #C: kotlin.collections/MutableMap<in #B, in #A>> (kotlin.sequences/Sequence<#A>).kotlin.sequences/associateByTo(#C, kotlin/Function1<#A, #B>): #C
function	kotlin.sequences.associateByTo	associateByTo	Sequence	|Function1|Function1	#D	final inline fun <#A: kotlin/Any?, #B: kotlin/Any?, #C: kotlin/Any?, #D: kotlin.collections/MutableMap<in #B, in #C>> (kotlin.sequences/Sequence<#A>).kotlin.sequences/associateByTo(#D, kotlin/Function1<#A, #B>, kotlin/Function1<#A, #C>): #D
function	kotlin.sequences.associateTo	associateTo	Sequence	|Function1	#D	final inline fun <#A: kotlin/Any?, #B: kotlin/Any?, #C: kotlin/Any?, #D: kotlin.collections/MutableMap<in #B, in #C>> (kotlin.sequences/Sequence<#A>).kotlin.sequences/associateTo(#D, kotlin/Function1<#A, kotlin/Pair<#B, #C>>): #D
function	kotlin.sequences.associateWith	associateWith	Sequence	Function1	Map	final inline fun <#A: kotlin/Any?, #B: kotlin/Any?> (kotlin.sequences/Sequence<#A>).kotlin.sequences/associateWith(kotlin/Function1<#A, #B>): kotlin.collections/Map<#A, #B>
function	kotlin.sequences.associateWithTo	associateWithTo	Sequence	|Function1	#C	final inline fun <#A: kotlin/Any?, #B: kotlin/Any?, #C: kotlin.collections/MutableMap<in #A, in #B>> (kotlin.sequences/Sequence<#A>).kotlin.sequences/associateWithTo(#C, kotlin/Function1<#A, #B>): #C
function	kotlin.sequences.elementAt	elementAt	Sequence	Int	#A	final fun <#A: kotlin/Any?> (kotlin.sequences/Sequence<#A>).kotlin.sequences/elementAt(kotlin/Int): #A
function	kotlin.sequences.elementAtOrElse	elementAtOrElse	Sequence	Int|Function1	#A	final fun <#A: kotlin/Any?> (kotlin.sequences/Sequence<#A>).kotlin.sequences/elementAtOrElse(kotlin/Int, kotlin/Function1<kotlin/Int, #A>): #A
function	kotlin.sequences.elementAtOrNull	elementAtOrNull	Sequence	Int	#A	final fun <#A: kotlin/Any?> (kotlin.sequences/Sequence<#A>).kotlin.sequences/elementAtOrNull(kotlin/Int): #A?
function	kotlin.sequences.filterIndexedTo	filterIndexedTo	Sequence	|Function2	#B	final inline fun <#A: kotlin/Any?, #B: kotlin.collections/MutableCollection<in #A>> (kotlin.sequences/Sequence<#A>).kotlin.sequences/filterIndexedTo(#B, kotlin/Function2<kotlin/Int, #A, kotlin/Boolean>): #B
function	kotlin.sequences.filterIsInstance	filterIsInstance	Sequence		Sequence	final inline fun <#A: reified kotlin/Any?> (kotlin.sequences/Sequence<*>).kotlin.sequences/filterIsInstance(): kotlin.sequences/Sequence<#A>
function	kotlin.sequences.filterIsInstanceTo	filterIsInstanceTo	Sequence		#B	final inline fun <#A: reified kotlin/Any?, #B: kotlin.collections/MutableCollection<in #A>> (kotlin.sequences/Sequence<*>).kotlin.sequences/filterIsInstanceTo(#B): #B
function	kotlin.sequences.filterNotNullTo	filterNotNullTo	Sequence		#A	final fun <#A: kotlin.collections/MutableCollection<in #B>, #B: kotlin/Any> (kotlin.sequences/Sequence<#B?>).kotlin.sequences/filterNotNullTo(#A): #A
function	kotlin.sequences.filterNotTo	filterNotTo	Sequence	|Function1	#B	final inline fun <#A: kotlin/Any?, #B: kotlin.collections/MutableCollection<in #A>> (kotlin.sequences/Sequence<#A>).kotlin.sequences/filterNotTo(#B, kotlin/Function1<#A, kotlin/Boolean>): #B
function	kotlin.sequences.filterTo	filterTo	Sequence	|Function1	#B	final inline fun <#A: kotlin/Any?, #B: kotlin.collections/MutableCollection<in #A>> (kotlin.sequences/Sequence<#A>).kotlin.sequences/filterTo(#B, kotlin/Function1<#A, kotlin/Boolean>): #B
function	kotlin.sequences.find	find	Sequence	Function1	#A	final inline fun <#A: kotlin/Any?> (kotlin.sequences/Sequence<#A>).kotlin.sequences/find(kotlin/Function1<#A, kotlin/Boolean>): #A?
function	kotlin.sequences.findLast	findLast	Sequence	Function1	#A	final inline fun <#A: kotlin/Any?> (kotlin.sequences/Sequence<#A>).kotlin.sequences/findLast(kotlin/Function1<#A, kotlin/Boolean>): #A?
function	kotlin.sequences.first	first	Sequence		#A	final fun <#A: kotlin/Any?> (kotlin.sequences/Sequence<#A>).kotlin.sequences/first(): #A
function	kotlin.sequences.first	first	Sequence	Function1	#A	final inline fun <#A: kotlin/Any?> (kotlin.sequences/Sequence<#A>).kotlin.sequences/first(kotlin/Function1<#A, kotlin/Boolean>): #A
function	kotlin.sequences.firstNotNullOf	firstNotNullOf	Sequence	Function1	#B	final inline fun <#A: kotlin/Any?, #B: kotlin/Any> (kotlin.sequences/Sequence<#A>).kotlin.sequences/firstNotNullOf(kotlin/Function1<#A, #B?>): #B
function	kotlin.sequences.firstNotNullOfOrNull	firstNotNullOfOrNull	Sequence	Function1	#B	final inline fun <#A: kotlin/Any?, #B: kotlin/Any> (kotlin.sequences/Sequence<#A>).kotlin.sequences/firstNotNullOfOrNull(kotlin/Function1<#A, #B?>): #B?
function	kotlin.sequences.firstOrNull	firstOrNull	Sequence		#A	final fun <#A: kotlin/Any?> (kotlin.sequences/Sequence<#A>).kotlin.sequences/firstOrNull(): #A?
function	kotlin.sequences.firstOrNull	firstOrNull	Sequence	Function1	#A	final inline fun <#A: kotlin/Any?> (kotlin.sequences/Sequence<#A>).kotlin.sequences/firstOrNull(kotlin/Function1<#A, kotlin/Boolean>): #A?
function	kotlin.sequences.flatMapIndexedTo	flatMapIndexedTo	Sequence	|Function2	#C	final inline fun <#A: kotlin/Any?, #B: kotlin/Any?, #C: kotlin.collections/MutableCollection<in #B>> (kotlin.sequences/Sequence<#A>).kotlin.sequences/flatMapIndexedTo(#C, kotlin/Function2<kotlin/Int, #A, kotlin.collections/Iterable<#B>>): #C
function	kotlin.sequences.flatMapIndexedTo	flatMapIndexedTo	Sequence	|Function2	#C	final inline fun <#A: kotlin/Any?, #B: kotlin/Any?, #C: kotlin.collections/MutableCollection<in #B>> (kotlin.sequences/Sequence<#A>).kotlin.sequences/flatMapIndexedTo(#C, kotlin/Function2<kotlin/Int, #A, kotlin.sequences/Sequence<#B>>): #C
function	kotlin.sequences.flatMapTo	flatMapTo	Sequence	|Function1	#C	final inline fun <#A: kotlin/Any?, #B: kotlin/Any?, #C: kotlin.collections/MutableCollection<in #B>> (kotlin.sequences/Sequence<#A>).kotlin.sequences/flatMapTo(#C, kotlin/Function1<#A, kotlin.collections/Iterable<#B>>): #C
function	kotlin.sequences.flatMapTo	flatMapTo	Sequence	|Function1	#C	final inline fun <#A: kotlin/Any?, #B: kotlin/Any?, #C: kotlin.collections/MutableCollection<in #B>> (kotlin.sequences/Sequence<#A>).kotlin.sequences/flatMapTo(#C, kotlin/Function1<#A, kotlin.sequences/Sequence<#B>>): #C
function	kotlin.sequences.fold	fold	Sequence	|Function2	#B	final inline fun <#A: kotlin/Any?, #B: kotlin/Any?> (kotlin.sequences/Sequence<#A>).kotlin.sequences/fold(#B, kotlin/Function2<#B, #A, #B>): #B
function	kotlin.sequences.foldIndexed	foldIndexed	Sequence	|Function3	#B	final inline fun <#A: kotlin/Any?, #B: kotlin/Any?> (kotlin.sequences/Sequence<#A>).kotlin.sequences/foldIndexed(#B, kotlin/Function3<kotlin/Int, #B, #A, #B>): #B
function	kotlin.sequences.forEach	forEach	Sequence	Function1	Unit	final inline fun <#A: kotlin/Any?> (kotlin.sequences/Sequence<#A>).kotlin.sequences/forEach(kotlin/Function1<#A, kotlin/Unit>)
function	kotlin.sequences.forEachIndexed	forEachIndexed	Sequence	Function2	Unit	final inline fun <#A: kotlin/Any?> (kotlin.sequences/Sequence<#A>).kotlin.sequences/forEachIndexed(kotlin/Function2<kotlin/Int, #A, kotlin/Unit>)
function	kotlin.sequences.generateSequence	generateSequence		Function0	Sequence	final fun <#A: kotlin/Any> kotlin.sequences/generateSequence(kotlin/Function0<#A?>): kotlin.sequences/Sequence<#A>
function	kotlin.sequences.generateSequence	generateSequence		|Function1	Sequence	final fun <#A: kotlin/Any> kotlin.sequences/generateSequence(#A?, kotlin/Function1<#A, #A?>): kotlin.sequences/Sequence<#A>
function	kotlin.sequences.generateSequence	generateSequence		Function0|Function1	Sequence	final fun <#A: kotlin/Any> kotlin.sequences/generateSequence(kotlin/Function0<#A?>, kotlin/Function1<#A, #A?>): kotlin.sequences/Sequence<#A>
function	kotlin.sequences.groupBy	groupBy	Sequence	Function1	Map	final inline fun <#A: kotlin/Any?, #B: kotlin/Any?> (kotlin.sequences/Sequence<#A>).kotlin.sequences/groupBy(kotlin/Function1<#A, #B>): kotlin.collections/Map<#B, kotlin.collections/List<#A>>
function	kotlin.sequences.groupBy	groupBy	Sequence	Function1|Function1	Map	final inline fun <#A: kotlin/Any?, #B: kotlin/Any?, #C: kotlin/Any?> (kotlin.sequences/Sequence<#A>).kotlin.sequences/groupBy(kotlin/Function1<#A, #B>, kotlin/Function1<#A, #C>): kotlin.collections/Map<#B, kotlin.collections/List<#C>>
function	kotlin.sequences.groupByTo	groupByTo	Sequence	|Function1	#C	final inline fun <#A: kotlin/Any?, #B: kotlin/Any?, #C: kotlin.collections/MutableMap<in #B, kotlin.collections/MutableList<#A>>> (kotlin.sequences/Sequence<#A>).kotlin.sequences/groupByTo(#C, kotlin/Function1<#A, #B>): #C
function	kotlin.sequences.groupByTo	groupByTo	Sequence	|Function1|Function1	#D	final inline fun <#A: kotlin/Any?, #B: kotlin/Any?, #C: kotlin/Any?, #D: kotlin.collections/MutableMap<in #B, kotlin.collections/MutableList<#C>>> (kotlin.sequences/Sequence<#A>).kotlin.sequences/groupByTo(#D, kotlin/Function1<#A, #B>, kotlin/Function1<#A, #C>): #D
function	kotlin.sequences.groupingBy	groupingBy	Sequence	Function1	Grouping	final inline fun <#A: kotlin/Any?, #B: kotlin/Any?> (kotlin.sequences/Sequence<#A>).kotlin.sequences/groupingBy(crossinline kotlin/Function1<#A, #B>): kotlin.collections/Grouping<#A, #B>
function	kotlin.sequences.iterator	iterator		SuspendFunction1	Iterator	final fun <#A: kotlin/Any?> kotlin.sequences/iterator(kotlin.coroutines/SuspendFunction1<kotlin.sequences/SequenceScope<#A>, kotlin/Unit>): kotlin.collections/Iterator<#A>
function	kotlin.sequences.joinTo	joinTo	Sequence	|CharSequence|CharSequence|CharSequence|Int|CharSequence|Function1	#B	final fun <#A: kotlin/Any?, #B: kotlin.text/Appendable> (kotlin.sequences/Sequence<#A>).kotlin.sequences/joinTo(#B, kotlin/CharSequence = ..., kotlin/CharSequence = ..., kotlin/CharSequence = ..., kotlin/Int = ..., kotlin/CharSequence = ..., kotlin/Function1<#A, kotlin/CharSequence>? = ...): #B
function	kotlin.sequences.joinToString	joinToString	Sequence	CharSequence|CharSequence|CharSequence|Int|CharSequence|Function1	String	final fun <#A: kotlin/Any?> (kotlin.sequences/Sequence<#A>).kotlin.sequences/joinToString(kotlin/CharSequence = ..., kotlin/CharSequence = ..., kotlin/CharSequence = ..., kotlin/Int = ..., kotlin/CharSequence = ..., kotlin/Function1<#A, kotlin/CharSequence>? = ...): kotlin/String
function	kotlin.sequences.last	last	Sequence		#A	final fun <#A: kotlin/Any?> (kotlin.sequences/Sequence<#A>).kotlin.sequences/last(): #A
function	kotlin.sequences.last	last	Sequence	Function1	#A	final inline fun <#A: kotlin/Any?> (kotlin.sequences/Sequence<#A>).kotlin.sequences/last(kotlin/Function1<#A, kotlin/Boolean>): #A
function	kotlin.sequences.lastOrNull	lastOrNull	Sequence		#A	final fun <#A: kotlin/Any?> (kotlin.sequences/Sequence<#A>).kotlin.sequences/lastOrNull(): #A?
function	kotlin.sequences.lastOrNull	lastOrNull	Sequence	Function1	#A	final inline fun <#A: kotlin/Any?> (kotlin.sequences/Sequence<#A>).kotlin.sequences/lastOrNull(kotlin/Function1<#A, kotlin/Boolean>): #A?
function	kotlin.sequences.mapIndexedNotNullTo	mapIndexedNotNullTo	Sequence	|Function2	#C	final inline fun <#A: kotlin/Any?, #B: kotlin/Any, #C: kotlin.collections/MutableCollection<in #B>> (kotlin.sequences/Sequence<#A>).kotlin.sequences/mapIndexedNotNullTo(#C, kotlin/Function2<kotlin/Int, #A, #B?>): #C
function	kotlin.sequences.mapIndexedTo	mapIndexedTo	Sequence	|Function2	#C	final inline fun <#A: kotlin/Any?, #B: kotlin/Any?, #C: kotlin.collections/MutableCollection<in #B>> (kotlin.sequences/Sequence<#A>).kotlin.sequences/mapIndexedTo(#C, kotlin/Function2<kotlin/Int, #A, #B>): #C
function	kotlin.sequences.mapNotNullTo	mapNotNullTo	Sequence	|Function1	#C	final inline fun <#A: kotlin/Any?, #B: kotlin/Any, #C: kotlin.collections/MutableCollection<in #B>> (kotlin.sequences/Sequence<#A>).kotlin.sequences/mapNotNullTo(#C, kotlin/Function1<#A, #B?>): #C
function	kotlin.sequences.mapTo	mapTo	Sequence	|Function1	#C	final inline fun <#A: kotlin/Any?, #B: kotlin/Any?, #C: kotlin.collections/MutableCollection<in #B>> (kotlin.sequences/Sequence<#A>).kotlin.sequences/mapTo(#C, kotlin/Function1<#A, #B>): #C
function	kotlin.sequences.max	max	Sequence		Double	final fun (kotlin.sequences/Sequence<kotlin/Double>).kotlin.sequences/max(): kotlin/Double
function	kotlin.sequences.max	max	Sequence		Float	final fun (kotlin.sequences/Sequence<kotlin/Float>).kotlin.sequences/max(): kotlin/Float
function	kotlin.sequences.max	max	Sequence		#A	final fun <#A: kotlin/Comparable<#A>> (kotlin.sequences/Sequence<#A>).kotlin.sequences/max(): #A
function	kotlin.sequences.maxBy	maxBy	Sequence	Function1	#A	final inline fun <#A: kotlin/Any?, #B: kotlin/Comparable<#B>> (kotlin.sequences/Sequence<#A>).kotlin.sequences/maxBy(kotlin/Function1<#A, #B>): #A
function	kotlin.sequences.maxByOrNull	maxByOrNull	Sequence	Function1	#A	final inline fun <#A: kotlin/Any?, #B: kotlin/Comparable<#B>> (kotlin.sequences/Sequence<#A>).kotlin.sequences/maxByOrNull(kotlin/Function1<#A, #B>): #A?
function	kotlin.sequences.maxOf	maxOf	Sequence	Function1	#B	final inline fun <#A: kotlin/Any?, #B: kotlin/Comparable<#B>> (kotlin.sequences/Sequence<#A>).kotlin.sequences/maxOf(kotlin/Function1<#A, #B>): #B
function	kotlin.sequences.maxOf	maxOf	Sequence	Function1	Double	final inline fun <#A: kotlin/Any?> (kotlin.sequences/Sequence<#A>).kotlin.sequences/maxOf(kotlin/Function1<#A, kotlin/Double>): kotlin/Double
function	kotlin.sequences.maxOf	maxOf	Sequence	Function1	Float	final inline fun <#A: kotlin/Any?> (kotlin.sequences/Sequence<#A>).kotlin.sequences/maxOf(kotlin/Function1<#A, kotlin/Float>): kotlin/Float
function	kotlin.sequences.maxOfOrNull	maxOfOrNull	Sequence	Function1	#B	final inline fun <#A: kotlin/Any?, #B: kotlin/Comparable<#B>> (kotlin.sequences/Sequence<#A>).kotlin.sequences/maxOfOrNull(kotlin/Function1<#A, #B>): #B?
function	kotlin.sequences.maxOfOrNull	maxOfOrNull	Sequence	Function1	Double	final inline fun <#A: kotlin/Any?> (kotlin.sequences/Sequence<#A>).kotlin.sequences/maxOfOrNull(kotlin/Function1<#A, kotlin/Double>): kotlin/Double?
function	kotlin.sequences.maxOfOrNull	maxOfOrNull	Sequence	Function1	Float	final inline fun <#A: kotlin/Any?> (kotlin.sequences/Sequence<#A>).kotlin.sequences/maxOfOrNull(kotlin/Function1<#A, kotlin/Float>): kotlin/Float?
function	kotlin.sequences.maxOfWith	maxOfWith	Sequence	Comparator|Function1	#B	final inline fun <#A: kotlin/Any?, #B: kotlin/Any?> (kotlin.sequences/Sequence<#A>).kotlin.sequences/maxOfWith(kotlin/Comparator<in #B>, kotlin/Function1<#A, #B>): #B
function	kotlin.sequences.maxOfWithOrNull	maxOfWithOrNull	Sequence	Comparator|Function1	#B	final inline fun <#A: kotlin/Any?, #B: kotlin/Any?> (kotlin.sequences/Sequence<#A>).kotlin.sequences/maxOfWithOrNull(kotlin/Comparator<in #B>, kotlin/Function1<#A, #B>): #B?
function	kotlin.sequences.maxOrNull	maxOrNull	Sequence		Double	final fun (kotlin.sequences/Sequence<kotlin/Double>).kotlin.sequences/maxOrNull(): kotlin/Double?
function	kotlin.sequences.maxOrNull	maxOrNull	Sequence		Float	final fun (kotlin.sequences/Sequence<kotlin/Float>).kotlin.sequences/maxOrNull(): kotlin/Float?
function	kotlin.sequences.maxOrNull	maxOrNull	Sequence		#A	final fun <#A: kotlin/Comparable<#A>> (kotlin.sequences/Sequence<#A>).kotlin.sequences/maxOrNull(): #A?
function	kotlin.sequences.maxWith	maxWith	Sequence	Comparator	#A	final fun <#A: kotlin/Any?> (kotlin.sequences/Sequence<#A>).kotlin.sequences/maxWith(kotlin/Comparator<in #A>): #A
function	kotlin.sequences.maxWithOrNull	maxWithOrNull	Sequence	Comparator	#A	final fun <#A: kotlin/Any?> (kotlin.sequences/Sequence<#A>).kotlin.sequences/maxWithOrNull(kotlin/Comparator<in #A>): #A?
function	kotlin.sequences.min	min	Sequence		Double	final fun (kotlin.sequences/Sequence<kotlin/Double>).kotlin.sequences/min(): kotlin/Double
function	kotlin.sequences.min	min	Sequence		Float	final fun (kotlin.sequences/Sequence<kotlin/Float>).kotlin.sequences/min(): kotlin/Float
function	kotlin.sequences.min	min	Sequence		#A	final fun <#A: kotlin/Comparable<#A>> (kotlin.sequences/Sequence<#A>).kotlin.sequences/min(): #A
function	kotlin.sequences.minBy	minBy	Sequence	Function1	#A	final inline fun <#A: kotlin/Any?, #B: kotlin/Comparable<#B>> (kotlin.sequences/Sequence<#A>).kotlin.sequences/minBy(kotlin/Function1<#A, #B>): #A
function	kotlin.sequences.minByOrNull	minByOrNull	Sequence	Function1	#A	final inline fun <#A: kotlin/Any?, #B: kotlin/Comparable<#B>> (kotlin.sequences/Sequence<#A>).kotlin.sequences/minByOrNull(kotlin/Function1<#A, #B>): #A?
function	kotlin.sequences.minOf	minOf	Sequence	Function1	#B	final inline fun <#A: kotlin/Any?, #B: kotlin/Comparable<#B>> (kotlin.sequences/Sequence<#A>).kotlin.sequences/minOf(kotlin/Function1<#A, #B>): #B
function	kotlin.sequences.minOf	minOf	Sequence	Function1	Double	final inline fun <#A: kotlin/Any?> (kotlin.sequences/Sequence<#A>).kotlin.sequences/minOf(kotlin/Function1<#A, kotlin/Double>): kotlin/Double
function	kotlin.sequences.minOf	minOf	Sequence	Function1	Float	final inline fun <#A: kotlin/Any?> (kotlin.sequences/Sequence<#A>).kotlin.sequences/minOf(kotlin/Function1<#A, kotlin/Float>): kotlin/Float
function	kotlin.sequences.minOfOrNull	minOfOrNull	Sequence	Function1	#B	final inline fun <#A: kotlin/Any?, #B: kotlin/Comparable<#B>> (kotlin.sequences/Sequence<#A>).kotlin.sequences/minOfOrNull(kotlin/Function1<#A, #B>): #B?
function	kotlin.sequences.minOfOrNull	minOfOrNull	Sequence	Function1	Double	final inline fun <#A: kotlin/Any?> (kotlin.sequences/Sequence<#A>).kotlin.sequences/minOfOrNull(kotlin/Function1<#A, kotlin/Double>): kotlin/Double?
function	kotlin.sequences.minOfOrNull	minOfOrNull	Sequence	Function1	Float	final inline fun <#A: kotlin/Any?> (kotlin.sequences/Sequence<#A>).kotlin.sequences/minOfOrNull(kotlin/Function1<#A, kotlin/Float>): kotlin/Float?
function	kotlin.sequences.minOfWith	minOfWith	Sequence	Comparator|Function1	#B	final inline fun <#A: kotlin/Any?, #B: kotlin/Any?> (kotlin.sequences/Sequence<#A>).kotlin.sequences/minOfWith(kotlin/Comparator<in #B>, kotlin/Function1<#A, #B>): #B
function	kotlin.sequences.minOfWithOrNull	minOfWithOrNull	Sequence	Comparator|Function1	#B	final inline fun <#A: kotlin/Any?, #B: kotlin/Any?> (kotlin.sequences/Sequence<#A>).kotlin.sequences/minOfWithOrNull(kotlin/Comparator<in #B>, kotlin/Function1<#A, #B>): #B?
function	kotlin.sequences.minOrNull	minOrNull	Sequence		Double	final fun (kotlin.sequences/Sequence<kotlin/Double>).kotlin.sequences/minOrNull(): kotlin/Double?
function	kotlin.sequences.minOrNull	minOrNull	Sequence		Float	final fun (kotlin.sequences/Sequence<kotlin/Float>).kotlin.sequences/minOrNull(): kotlin/Float?
function	kotlin.sequences.minOrNull	minOrNull	Sequence		#A	final fun <#A: kotlin/Comparable<#A>> (kotlin.sequences/Sequence<#A>).kotlin.sequences/minOrNull(): #A?
function	kotlin.sequences.minWith	minWith	Sequence	Comparator	#A	final fun <#A: kotlin/Any?> (kotlin.sequences/Sequence<#A>).kotlin.sequences/minWith(kotlin/Comparator<in #A>): #A
function	kotlin.sequences.minWithOrNull	minWithOrNull	Sequence	Comparator	#A	final fun <#A: kotlin/Any?> (kotlin.sequences/Sequence<#A>).kotlin.sequences/minWithOrNull(kotlin/Comparator<in #A>): #A?
function	kotlin.sequences.reduce	reduce	Sequence	Function2	#A	final inline fun <#A: kotlin/Any?, #B: #A> (kotlin.sequences/Sequence<#B>).kotlin.sequences/reduce(kotlin/Function2<#A, #B, #A>): #A
function	kotlin.sequences.reduceIndexed	reduceIndexed	Sequence	Function3	#A	final inline fun <#A: kotlin/Any?, #B: #A> (kotlin.sequences/Sequence<#B>).kotlin.sequences/reduceIndexed(kotlin/Function3<kotlin/Int, #A, #B, #A>): #A
function	kotlin.sequences.reduceIndexedOrNull	reduceIndexedOrNull	Sequence	Function3	#A	final inline fun <#A: kotlin/Any?, #B: #A> (kotlin.sequences/Sequence<#B>).kotlin.sequences/reduceIndexedOrNull(kotlin/Function3<kotlin/Int, #A, #B, #A>): #A?
function	kotlin.sequences.reduceOrNull	reduceOrNull	Sequence	Function2	#A	final inline fun <#A: kotlin/Any?, #B: #A> (kotlin.sequences/Sequence<#B>).kotlin.sequences/reduceOrNull(kotlin/Function2<#A, #B, #A>): #A?
function	kotlin.sequences.sequence	sequence		SuspendFunction1	Sequence	final fun <#A: kotlin/Any?> kotlin.sequences/sequence(kotlin.coroutines/SuspendFunction1<kotlin.sequences/SequenceScope<#A>, kotlin/Unit>): kotlin.sequences/Sequence<#A>
function	kotlin.sequences.sequenceOf	sequenceOf			Sequence	final inline fun <#A: kotlin/Any?> kotlin.sequences/sequenceOf(): kotlin.sequences/Sequence<#A>
function	kotlin.sequences.sequenceOf	sequenceOf			Sequence	final fun <#A: kotlin/Any?> kotlin.sequences/sequenceOf(#A): kotlin.sequences/Sequence<#A>
function	kotlin.sequences.shuffled	shuffled	Sequence		Sequence	final fun <#A: kotlin/Any?> (kotlin.sequences/Sequence<#A>).kotlin.sequences/shuffled(): kotlin.sequences/Sequence<#A>
function	kotlin.sequences.shuffled	shuffled	Sequence	Random	Sequence	final fun <#A: kotlin/Any?> (kotlin.sequences/Sequence<#A>).kotlin.sequences/shuffled(kotlin.random/Random): kotlin.sequences/Sequence<#A>
function	kotlin.sequences.single	single	Sequence		#A	final fun <#A: kotlin/Any?> (kotlin.sequences/Sequence<#A>).kotlin.sequences/single(): #A
function	kotlin.sequences.single	single	Sequence	Function1	#A	final inline fun <#A: kotlin/Any?> (kotlin.sequences/Sequence<#A>).kotlin.sequences/single(kotlin/Function1<#A, kotlin/Boolean>): #A
function	kotlin.sequences.singleOrNull	singleOrNull	Sequence		#A	final fun <#A: kotlin/Any?> (kotlin.sequences/Sequence<#A>).kotlin.sequences/singleOrNull(): #A?
function	kotlin.sequences.singleOrNull	singleOrNull	Sequence	Function1	#A	final inline fun <#A: kotlin/Any?> (kotlin.sequences/Sequence<#A>).kotlin.sequences/singleOrNull(kotlin/Function1<#A, kotlin/Boolean>): #A?
function	kotlin.sequences.sortedWith	sortedWith	Sequence	Comparator	Sequence	final fun <#A: kotlin/Any?> (kotlin.sequences/Sequence<#A>).kotlin.sequences/sortedWith(kotlin/Comparator<in #A>): kotlin.sequences/Sequence<#A>
function	kotlin.sequences.sum	sum	Sequence		Double	final fun (kotlin.sequences/Sequence<kotlin/Double>).kotlin.sequences/sum(): kotlin/Double
function	kotlin.sequences.sum	sum	Sequence		Float	final fun (kotlin.sequences/Sequence<kotlin/Float>).kotlin.sequences/sum(): kotlin/Float
function	kotlin.sequences.sum	sum	Sequence		Long	final fun (kotlin.sequences/Sequence<kotlin/Long>).kotlin.sequences/sum(): kotlin/Long
function	kotlin.sequences.sum	sum	Sequence		UInt	final fun (kotlin.sequences/Sequence<kotlin/UByte>).kotlin.sequences/sum(): kotlin/UInt
function	kotlin.sequences.sum	sum	Sequence		UInt	final fun (kotlin.sequences/Sequence<kotlin/UInt>).kotlin.sequences/sum(): kotlin/UInt
function	kotlin.sequences.sum	sum	Sequence		ULong	final fun (kotlin.sequences/Sequence<kotlin/ULong>).kotlin.sequences/sum(): kotlin/ULong
function	kotlin.sequences.sum	sum	Sequence		UInt	final fun (kotlin.sequences/Sequence<kotlin/UShort>).kotlin.sequences/sum(): kotlin/UInt
function	kotlin.sequences.sumOf	sumOf	Sequence	Function1	Long	final inline fun <#A: kotlin/Any?> (kotlin.sequences/Sequence<#A>).kotlin.sequences/sumOf(kotlin/Function1<#A, kotlin/Long>): kotlin/Long
function	kotlin.sequences.sumOf	sumOf	Sequence	Function1	UInt	final inline fun <#A: kotlin/Any?> (kotlin.sequences/Sequence<#A>).kotlin.sequences/sumOf(kotlin/Function1<#A, kotlin/UInt>): kotlin/UInt
function	kotlin.sequences.sumOf	sumOf	Sequence	Function1	ULong	final inline fun <#A: kotlin/Any?> (kotlin.sequences/Sequence<#A>).kotlin.sequences/sumOf(kotlin/Function1<#A, kotlin/ULong>): kotlin/ULong
function	kotlin.sequences.toCollection	toCollection	Sequence		#B	final fun <#A: kotlin/Any?, #B: kotlin.collections/MutableCollection<in #A>> (kotlin.sequences/Sequence<#A>).kotlin.sequences/toCollection(#B): #B
function	kotlin.sequences.toHashSet	toHashSet	Sequence		HashSet	final fun <#A: kotlin/Any?> (kotlin.sequences/Sequence<#A>).kotlin.sequences/toHashSet(): kotlin.collections/HashSet<#A>
function	kotlin.text.HexFormat	HexFormat		Function1	HexFormat	final inline fun kotlin.text/HexFormat(kotlin/Function1<kotlin.text/HexFormat.Builder, kotlin/Unit>): kotlin.text/HexFormat
function	kotlin.text.String	String		CharArray	String	final fun kotlin.text/String(kotlin/CharArray): kotlin/String
function	kotlin.text.String	String		CharArray|Int|Int	String	final fun kotlin.text/String(kotlin/CharArray, kotlin/Int, kotlin/Int): kotlin/String
function	kotlin.text.any	any	CharSequence		Boolean	final fun (kotlin/CharSequence).kotlin.text/any(): kotlin/Boolean
function	kotlin.text.append	append		Array	#A	final fun <#A: kotlin.text/Appendable> (#A).kotlin.text/append(kotlin/Array<out kotlin/CharSequence?>...): #A
function	kotlin.text.append	append	StringBuilder	Any	StringBuilder	final inline fun (kotlin.text/StringBuilder).kotlin.text/append(kotlin/Any?): kotlin.text/StringBuilder
function	kotlin.text.append	append	StringBuilder	Byte	StringBuilder	final inline fun (kotlin.text/StringBuilder).kotlin.text/append(kotlin/Byte): kotlin.text/StringBuilder
function	kotlin.text.append	append	StringBuilder	Short	StringBuilder	final inline fun (kotlin.text/StringBuilder).kotlin.text/append(kotlin/Short): kotlin.text/StringBuilder
function	kotlin.text.append	append	StringBuilder	CharArray|Int|Int	StringBuilder	final inline fun (kotlin.text/StringBuilder).kotlin.text/append(kotlin/CharArray, kotlin/Int, kotlin/Int): kotlin.text/StringBuilder
function	kotlin.text.appendLine	appendLine	Appendable		Appendable	final inline fun (kotlin.text/Appendable).kotlin.text/appendLine(): kotlin.text/Appendable
function	kotlin.text.appendLine	appendLine	Appendable	Char	Appendable	final inline fun (kotlin.text/Appendable).kotlin.text/appendLine(kotlin/Char): kotlin.text/Appendable
function	kotlin.text.appendLine	appendLine	Appendable	CharSequence	Appendable	final inline fun (kotlin.text/Appendable).kotlin.text/appendLine(kotlin/CharSequence?): kotlin.text/Appendable
function	kotlin.text.appendLine	appendLine	StringBuilder	Boolean	StringBuilder	final inline fun (kotlin.text/StringBuilder).kotlin.text/appendLine(kotlin/Boolean): kotlin.text/StringBuilder
function	kotlin.text.appendLine	appendLine	StringBuilder	Byte	StringBuilder	final inline fun (kotlin.text/StringBuilder).kotlin.text/appendLine(kotlin/Byte): kotlin.text/StringBuilder
function	kotlin.text.appendLine	appendLine	StringBuilder	Char	StringBuilder	final inline fun (kotlin.text/StringBuilder).kotlin.text/appendLine(kotlin/Char): kotlin.text/StringBuilder
function	kotlin.text.appendLine	appendLine	StringBuilder	CharArray	StringBuilder	final inline fun (kotlin.text/StringBuilder).kotlin.text/appendLine(kotlin/CharArray): kotlin.text/StringBuilder
function	kotlin.text.appendLine	appendLine	StringBuilder	CharSequence	StringBuilder	final inline fun (kotlin.text/StringBuilder).kotlin.text/appendLine(kotlin/CharSequence?): kotlin.text/StringBuilder
function	kotlin.text.appendLine	appendLine	StringBuilder	Double	StringBuilder	final inline fun (kotlin.text/StringBuilder).kotlin.text/appendLine(kotlin/Double): kotlin.text/StringBuilder
function	kotlin.text.appendLine	appendLine	StringBuilder	Float	StringBuilder	final inline fun (kotlin.text/StringBuilder).kotlin.text/appendLine(kotlin/Float): kotlin.text/StringBuilder
function	kotlin.text.appendLine	appendLine	StringBuilder	Int	StringBuilder	final inline fun (kotlin.text/StringBuilder).kotlin.text/appendLine(kotlin/Int): kotlin.text/StringBuilder
function	kotlin.text.appendLine	appendLine	StringBuilder	Long	StringBuilder	final inline fun (kotlin.text/StringBuilder).kotlin.text/appendLine(kotlin/Long): kotlin.text/StringBuilder
function	kotlin.text.appendLine	appendLine	StringBuilder	Short	StringBuilder	final inline fun (kotlin.text/StringBuilder).kotlin.text/appendLine(kotlin/Short): kotlin.text/StringBuilder
function	kotlin.text.appendLine	appendLine	StringBuilder	String	StringBuilder	final inline fun (kotlin.text/StringBuilder).kotlin.text/appendLine(kotlin/String?): kotlin.text/StringBuilder
function	kotlin.text.appendRange	appendRange		CharSequence|Int|Int	#A	final fun <#A: kotlin.text/Appendable> (#A).kotlin.text/appendRange(kotlin/CharSequence, kotlin/Int, kotlin/Int): #A
function	kotlin.text.appendRange	appendRange	StringBuilder	CharArray|Int|Int	StringBuilder	final inline fun (kotlin.text/StringBuilder).kotlin.text/appendRange(kotlin/CharArray, kotlin/Int, kotlin/Int): kotlin.text/StringBuilder
function	kotlin.text.appendln	appendln	StringBuilder		StringBuilder	final fun (kotlin.text/StringBuilder).kotlin.text/appendln(): kotlin.text/StringBuilder
function	kotlin.text.appendln	appendln	StringBuilder	Any	StringBuilder	final fun (kotlin.text/StringBuilder).kotlin.text/appendln(kotlin/Any?): kotlin.text/StringBuilder
function	kotlin.text.appendln	appendln	StringBuilder	Boolean	StringBuilder	final fun (kotlin.text/StringBuilder).kotlin.text/appendln(kotlin/Boolean): kotlin.text/StringBuilder
function	kotlin.text.appendln	appendln	StringBuilder	Byte	StringBuilder	final fun (kotlin.text/StringBuilder).kotlin.text/appendln(kotlin/Byte): kotlin.text/StringBuilder
function	kotlin.text.appendln	appendln	StringBuilder	Double	StringBuilder	final fun (kotlin.text/StringBuilder).kotlin.text/appendln(kotlin/Double): kotlin.text/StringBuilder
function	kotlin.text.appendln	appendln	StringBuilder	Float	StringBuilder	final fun (kotlin.text/StringBuilder).kotlin.text/appendln(kotlin/Float): kotlin.text/StringBuilder
function	kotlin.text.appendln	appendln	StringBuilder	Int	StringBuilder	final fun (kotlin.text/StringBuilder).kotlin.text/appendln(kotlin/Int): kotlin.text/StringBuilder
function	kotlin.text.appendln	appendln	StringBuilder	Long	StringBuilder	final fun (kotlin.text/StringBuilder).kotlin.text/appendln(kotlin/Long): kotlin.text/StringBuilder
function	kotlin.text.appendln	appendln	StringBuilder	Short	StringBuilder	final fun (kotlin.text/StringBuilder).kotlin.text/appendln(kotlin/Short): kotlin.text/StringBuilder
function	kotlin.text.appendln	appendln	StringBuilder	String	StringBuilder	final fun (kotlin.text/StringBuilder).kotlin.text/appendln(kotlin/String): kotlin.text/StringBuilder
function	kotlin.text.asIterable	asIterable	CharSequence		Iterable	final fun (kotlin/CharSequence).kotlin.text/asIterable(): kotlin.collections/Iterable<kotlin/Char>
function	kotlin.text.asSequence	asSequence	CharSequence		Sequence	final fun (kotlin/CharSequence).kotlin.text/asSequence(): kotlin.sequences/Sequence<kotlin/Char>
function	kotlin.text.associate	associate	CharSequence	Function1	Map	final inline fun <#A: kotlin/Any?, #B: kotlin/Any?> (kotlin/CharSequence).kotlin.text/associate(kotlin/Function1<kotlin/Char, kotlin/Pair<#A, #B>>): kotlin.collections/Map<#A, #B>
function	kotlin.text.associateBy	associateBy	CharSequence	Function1	Map	final inline fun <#A: kotlin/Any?> (kotlin/CharSequence).kotlin.text/associateBy(kotlin/Function1<kotlin/Char, #A>): kotlin.collections/Map<#A, kotlin/Char>
function	kotlin.text.associateBy	associateBy	CharSequence	Function1|Function1	Map	final inline fun <#A: kotlin/Any?, #B: kotlin/Any?> (kotlin/CharSequence).kotlin.text/associateBy(kotlin/Function1<kotlin/Char, #A>, kotlin/Function1<kotlin/Char, #B>): kotlin.collections/Map<#A, #B>
function	kotlin.text.associateByTo	associateByTo	CharSequence	|Function1	#B	final inline fun <#A: kotlin/Any?, #B: kotlin.collections/MutableMap<in #A, in kotlin/Char>> (kotlin/CharSequence).kotlin.text/associateByTo(#B, kotlin/Function1<kotlin/Char, #A>): #B
function	kotlin.text.associateByTo	associateByTo	CharSequence	|Function1|Function1	#C	final inline fun <#A: kotlin/Any?, #B: kotlin/Any?, #C: kotlin.collections/MutableMap<in #A, in #B>> (kotlin/CharSequence).kotlin.text/associateByTo(#C, kotlin/Function1<kotlin/Char, #A>, kotlin/Function1<kotlin/Char, #B>): #C
function	kotlin.text.associateTo	associateTo	CharSequence	|Function1	#C	final inline fun <#A: kotlin/Any?, #B: kotlin/Any?, #C: kotlin.collections/MutableMap<in #A, in #B>> (kotlin/CharSequence).kotlin.text/associateTo(#C, kotlin/Function1<kotlin/Char, kotlin/Pair<#A, #B>>): #C
function	kotlin.text.associateWith	associateWith	CharSequence	Function1	Map	final inline fun <#A: kotlin/Any?> (kotlin/CharSequence).kotlin.text/associateWith(kotlin/Function1<kotlin/Char, #A>): kotlin.collections/Map<kotlin/Char, #A>
function	kotlin.text.associateWithTo	associateWithTo	CharSequence	|Function1	#B	final inline fun <#A: kotlin/Any?, #B: kotlin.collections/MutableMap<in kotlin/Char, in #A>> (kotlin/CharSequence).kotlin.text/associateWithTo(#B, kotlin/Function1<kotlin/Char, #A>): #B
function	kotlin.text.buildString	buildString		Function1	String	final inline fun kotlin.text/buildString(kotlin/Function1<kotlin.text/StringBuilder, kotlin/Unit>): kotlin/String
function	kotlin.text.buildString	buildString		Int|Function1	String	final inline fun kotlin.text/buildString(kotlin/Int, kotlin/Function1<kotlin.text/StringBuilder, kotlin/Unit>): kotlin/String
function	kotlin.text.checkRadix	checkRadix		Int	Int	final fun kotlin.text/checkRadix(kotlin/Int): kotlin/Int
function	kotlin.text.chunked	chunked	CharSequence	Int|Function1	List	final fun <#A: kotlin/Any?> (kotlin/CharSequence).kotlin.text/chunked(kotlin/Int, kotlin/Function1<kotlin/CharSequence, #A>): kotlin.collections/List<#A>
function	kotlin.text.commonPrefixWith	commonPrefixWith	CharSequence	CharSequence|Boolean	String	final fun (kotlin/CharSequence).kotlin.text/commonPrefixWith(kotlin/CharSequence, kotlin/Boolean = ...): kotlin/String
function	kotlin.text.commonSuffixWith	commonSuffixWith	CharSequence	CharSequence|Boolean	String	final fun (kotlin/CharSequence).kotlin.text/commonSuffixWith(kotlin/CharSequence, kotlin/Boolean = ...): kotlin/String
function	kotlin.text.contains	contains	CharSequence	Regex	Boolean	final inline fun (kotlin/CharSequence).kotlin.text/contains(kotlin.text/Regex): kotlin/Boolean
function	kotlin.text.contains	contains	CharSequence	Char|Boolean	Boolean	final fun (kotlin/CharSequence).kotlin.text/contains(kotlin/Char, kotlin/Boolean = ...): kotlin/Boolean
function	kotlin.text.count	count	CharSequence		Int	final inline fun (kotlin/CharSequence).kotlin.text/count(): kotlin/Int
function	kotlin.text.drop	drop	CharSequence	Int	CharSequence	final fun (kotlin/CharSequence).kotlin.text/drop(kotlin/Int): kotlin/CharSequence
function	kotlin.text.dropLast	dropLast	CharSequence	Int	CharSequence	final fun (kotlin/CharSequence).kotlin.text/dropLast(kotlin/Int): kotlin/CharSequence
function	kotlin.text.dropLastWhile	dropLastWhile	CharSequence	Function1	CharSequence	final inline fun (kotlin/CharSequence).kotlin.text/dropLastWhile(kotlin/Function1<kotlin/Char, kotlin/Boolean>): kotlin/CharSequence
function	kotlin.text.dropWhile	dropWhile	CharSequence	Function1	CharSequence	final inline fun (kotlin/CharSequence).kotlin.text/dropWhile(kotlin/Function1<kotlin/Char, kotlin/Boolean>): kotlin/CharSequence
function	kotlin.text.elementAt	elementAt	CharSequence	Int	Char	final inline fun (kotlin/CharSequence).kotlin.text/elementAt(kotlin/Int): kotlin/Char
function	kotlin.text.elementAtOrElse	elementAtOrElse	CharSequence	Int|Function1	Char	final inline fun (kotlin/CharSequence).kotlin.text/elementAtOrElse(kotlin/Int, kotlin/Function1<kotlin/Int, kotlin/Char>): kotlin/Char
function	kotlin.text.elementAtOrNull	elementAtOrNull	CharSequence	Int	Char	final inline fun (kotlin/CharSequence).kotlin.text/elementAtOrNull(kotlin/Int): kotlin/Char?
function	kotlin.text.filter	filter	CharSequence	Function1	CharSequence	final inline fun (kotlin/CharSequence).kotlin.text/filter(kotlin/Function1<kotlin/Char, kotlin/Boolean>): kotlin/CharSequence
function	kotlin.text.filterIndexed	filterIndexed	CharSequence	Function2	CharSequence	final inline fun (kotlin/CharSequence).kotlin.text/filterIndexed(kotlin/Function2<kotlin/Int, kotlin/Char, kotlin/Boolean>): kotlin/CharSequence
function	kotlin.text.filterIndexedTo	filterIndexedTo	CharSequence	|Function2	#A	final inline fun <#A: kotlin.text/Appendable> (kotlin/CharSequence).kotlin.text/filterIndexedTo(#A, kotlin/Function2<kotlin/Int, kotlin/Char, kotlin/Boolean>): #A
function	kotlin.text.filterNot	filterNot	CharSequence	Function1	CharSequence	final inline fun (kotlin/CharSequence).kotlin.text/filterNot(kotlin/Function1<kotlin/Char, kotlin/Boolean>): kotlin/CharSequence
function	kotlin.text.filterNotTo	filterNotTo	CharSequence	|Function1	#A	final inline fun <#A: kotlin.text/Appendable> (kotlin/CharSequence).kotlin.text/filterNotTo(#A, kotlin/Function1<kotlin/Char, kotlin/Boolean>): #A
function	kotlin.text.filterTo	filterTo	CharSequence	|Function1	#A	final inline fun <#A: kotlin.text/Appendable> (kotlin/CharSequence).kotlin.text/filterTo(#A, kotlin/Function1<kotlin/Char, kotlin/Boolean>): #A
function	kotlin.text.first	first	CharSequence		Char	final fun (kotlin/CharSequence).kotlin.text/first(): kotlin/Char
function	kotlin.text.first	first	CharSequence	Function1	Char	final inline fun (kotlin/CharSequence).kotlin.text/first(kotlin/Function1<kotlin/Char, kotlin/Boolean>): kotlin/Char
function	kotlin.text.firstNotNullOf	firstNotNullOf	CharSequence	Function1	#A	final inline fun <#A: kotlin/Any> (kotlin/CharSequence).kotlin.text/firstNotNullOf(kotlin/Function1<kotlin/Char, #A?>): #A
function	kotlin.text.firstNotNullOfOrNull	firstNotNullOfOrNull	CharSequence	Function1	#A	final inline fun <#A: kotlin/Any> (kotlin/CharSequence).kotlin.text/firstNotNullOfOrNull(kotlin/Function1<kotlin/Char, #A?>): #A?
function	kotlin.text.firstOrNull	firstOrNull	CharSequence		Char	final fun (kotlin/CharSequence).kotlin.text/firstOrNull(): kotlin/Char?
function	kotlin.text.firstOrNull	firstOrNull	CharSequence	Function1	Char	final inline fun (kotlin/CharSequence).kotlin.text/firstOrNull(kotlin/Function1<kotlin/Char, kotlin/Boolean>): kotlin/Char?
function	kotlin.text.flatMap	flatMap	CharSequence	Function1	List	final inline fun <#A: kotlin/Any?> (kotlin/CharSequence).kotlin.text/flatMap(kotlin/Function1<kotlin/Char, kotlin.collections/Iterable<#A>>): kotlin.collections/List<#A>
function	kotlin.text.flatMapIndexed	flatMapIndexed	CharSequence	Function2	List	final inline fun <#A: kotlin/Any?> (kotlin/CharSequence).kotlin.text/flatMapIndexed(kotlin/Function2<kotlin/Int, kotlin/Char, kotlin.collections/Iterable<#A>>): kotlin.collections/List<#A>
function	kotlin.text.flatMapIndexedTo	flatMapIndexedTo	CharSequence	|Function2	#B	final inline fun <#A: kotlin/Any?, #B: kotlin.collections/MutableCollection<in #A>> (kotlin/CharSequence).kotlin.text/flatMapIndexedTo(#B, kotlin/Function2<kotlin/Int, kotlin/Char, kotlin.collections/Iterable<#A>>): #B
function	kotlin.text.flatMapTo	flatMapTo	CharSequence	|Function1	#B	final inline fun <#A: kotlin/Any?, #B: kotlin.collections/MutableCollection<in #A>> (kotlin/CharSequence).kotlin.text/flatMapTo(#B, kotlin/Function1<kotlin/Char, kotlin.collections/Iterable<#A>>): #B
function	kotlin.text.fold	fold	CharSequence	|Function2	#A	final inline fun <#A: kotlin/Any?> (kotlin/CharSequence).kotlin.text/fold(#A, kotlin/Function2<#A, kotlin/Char, #A>): #A
function	kotlin.text.foldIndexed	foldIndexed	CharSequence	|Function3	#A	final inline fun <#A: kotlin/Any?> (kotlin/CharSequence).kotlin.text/foldIndexed(#A, kotlin/Function3<kotlin/Int, #A, kotlin/Char, #A>): #A
function	kotlin.text.foldRight	foldRight	CharSequence	|Function2	#A	final inline fun <#A: kotlin/Any?> (kotlin/CharSequence).kotlin.text/foldRight(#A, kotlin/Function2<kotlin/Char, #A, #A>): #A
function	kotlin.text.foldRightIndexed	foldRightIndexed	CharSequence	|Function3	#A	final inline fun <#A: kotlin/Any?> (kotlin/CharSequence).kotlin.text/foldRightIndexed(#A, kotlin/Function3<kotlin/Int, kotlin/Char, #A, #A>): #A
function	kotlin.text.forEach	forEach	CharSequence	Function1	Unit	final inline fun (kotlin/CharSequence).kotlin.text/forEach(kotlin/Function1<kotlin/Char, kotlin/Unit>)
function	kotlin.text.forEachIndexed	forEachIndexed	CharSequence	Function2	Unit	final inline fun (kotlin/CharSequence).kotlin.text/forEachIndexed(kotlin/Function2<kotlin/Int, kotlin/Char, kotlin/Unit>)
function	kotlin.text.getOrElse	getOrElse	CharSequence	Int|Function1	Char	final inline fun (kotlin/CharSequence).kotlin.text/getOrElse(kotlin/Int, kotlin/Function1<kotlin/Int, kotlin/Char>): kotlin/Char
function	kotlin.text.getOrNull	getOrNull	CharSequence	Int	Char	final fun (kotlin/CharSequence).kotlin.text/getOrNull(kotlin/Int): kotlin/Char?
function	kotlin.text.groupBy	groupBy	CharSequence	Function1	Map	final inline fun <#A: kotlin/Any?> (kotlin/CharSequence).kotlin.text/groupBy(kotlin/Function1<kotlin/Char, #A>): kotlin.collections/Map<#A, kotlin.collections/List<kotlin/Char>>
function	kotlin.text.groupBy	groupBy	CharSequence	Function1|Function1	Map	final inline fun <#A: kotlin/Any?, #B: kotlin/Any?> (kotlin/CharSequence).kotlin.text/groupBy(kotlin/Function1<kotlin/Char, #A>, kotlin/Function1<kotlin/Char, #B>): kotlin.collections/Map<#A, kotlin.collections/List<#B>>
function	kotlin.text.groupByTo	groupByTo	CharSequence	|Function1	#B	final inline fun <#A: kotlin/Any?, #B: kotlin.collections/MutableMap<in #A, kotlin.collections/MutableList<kotlin/Char>>> (kotlin/CharSequence).kotlin.text/groupByTo(#B, kotlin/Function1<kotlin/Char, #A>): #B
function	kotlin.text.groupByTo	groupByTo	CharSequence	|Function1|Function1	#C	final inline fun <#A: kotlin/Any?, #B: kotlin/Any?, #C: kotlin.collections/MutableMap<in #A, kotlin.collections/MutableList<#B>>> (kotlin/CharSequence).kotlin.text/groupByTo(#C, kotlin/Function1<kotlin/Char, #A>, kotlin/Function1<kotlin/Char, #B>): #C
function	kotlin.text.groupingBy	groupingBy	CharSequence	Function1	Grouping	final inline fun <#A: kotlin/Any?> (kotlin/CharSequence).kotlin.text/groupingBy(crossinline kotlin/Function1<kotlin/Char, #A>): kotlin.collections/Grouping<kotlin/Char, #A>
function	kotlin.text.hasSurrogatePairAt	hasSurrogatePairAt	CharSequence	Int	Boolean	final fun (kotlin/CharSequence).kotlin.text/hasSurrogatePairAt(kotlin/Int): kotlin/Boolean
function	kotlin.text.ifBlank	ifBlank		Function0	#B	final inline fun <#A: #B & kotlin/CharSequence, #B: kotlin/Any?> (#A).kotlin.text/ifBlank(kotlin/Function0<#B>): #B
function	kotlin.text.ifEmpty	ifEmpty		Function0	#B	final inline fun <#A: #B & kotlin/CharSequence, #B: kotlin/Any?> (#A).kotlin.text/ifEmpty(kotlin/Function0<#B>): #B
function	kotlin.text.insert	insert	StringBuilder	Int|Byte	StringBuilder	final inline fun (kotlin.text/StringBuilder).kotlin.text/insert(kotlin/Int, kotlin/Byte): kotlin.text/StringBuilder
function	kotlin.text.insert	insert	StringBuilder	Int|Short	StringBuilder	final inline fun (kotlin.text/StringBuilder).kotlin.text/insert(kotlin/Int, kotlin/Short): kotlin.text/StringBuilder
function	kotlin.text.insert	insert	StringBuilder	Int|CharSequence|Int|Int	StringBuilder	final inline fun (kotlin.text/StringBuilder).kotlin.text/insert(kotlin/Int, kotlin/CharSequence?, kotlin/Int, kotlin/Int): kotlin.text/StringBuilder
function	kotlin.text.insertRange	insertRange	StringBuilder	Int|CharArray|Int|Int	StringBuilder	final inline fun (kotlin.text/StringBuilder).kotlin.text/insertRange(kotlin/Int, kotlin/CharArray, kotlin/Int, kotlin/Int): kotlin.text/StringBuilder
function	kotlin.text.intToString	intToString		Int|Int	String	final fun kotlin.text/intToString(kotlin/Int, kotlin/Int): kotlin/String
function	kotlin.text.iterator	iterator	CharSequence		CharIterator	final fun (kotlin/CharSequence).kotlin.text/iterator(): kotlin.collections/CharIterator
function	kotlin.text.last	last	CharSequence		Char	final fun (kotlin/CharSequence).kotlin.text/last(): kotlin/Char
function	kotlin.text.last	last	CharSequence	Function1	Char	final inline fun (kotlin/CharSequence).kotlin.text/last(kotlin/Function1<kotlin/Char, kotlin/Boolean>): kotlin/Char
function	kotlin.text.lastOrNull	lastOrNull	CharSequence		Char	final fun (kotlin/CharSequence).kotlin.text/lastOrNull(): kotlin/Char?
function	kotlin.text.lastOrNull	lastOrNull	CharSequence	Function1	Char	final inline fun (kotlin/CharSequence).kotlin.text/lastOrNull(kotlin/Function1<kotlin/Char, kotlin/Boolean>): kotlin/Char?
function	kotlin.text.longToString	longToString		Long|Int	String	final fun kotlin.text/longToString(kotlin/Long, kotlin/Int): kotlin/String
function	kotlin.text.mapIndexedNotNull	mapIndexedNotNull	CharSequence	Function2	List	final inline fun <#A: kotlin/Any> (kotlin/CharSequence).kotlin.text/mapIndexedNotNull(kotlin/Function2<kotlin/Int, kotlin/Char, #A?>): kotlin.collections/List<#A>
function	kotlin.text.mapIndexedNotNullTo	mapIndexedNotNullTo	CharSequence	|Function2	#B	final inline fun <#A: kotlin/Any, #B: kotlin.collections/MutableCollection<in #A>> (kotlin/CharSequence).kotlin.text/mapIndexedNotNullTo(#B, kotlin/Function2<kotlin/Int, kotlin/Char, #A?>): #B
function	kotlin.text.mapIndexedTo	mapIndexedTo	CharSequence	|Function2	#B	final inline fun <#A: kotlin/Any?, #B: kotlin.collections/MutableCollection<in #A>> (kotlin/CharSequence).kotlin.text/mapIndexedTo(#B, kotlin/Function2<kotlin/Int, kotlin/Char, #A>): #B
function	kotlin.text.mapNotNullTo	mapNotNullTo	CharSequence	|Function1	#B	final inline fun <#A: kotlin/Any, #B: kotlin.collections/MutableCollection<in #A>> (kotlin/CharSequence).kotlin.text/mapNotNullTo(#B, kotlin/Function1<kotlin/Char, #A?>): #B
function	kotlin.text.mapTo	mapTo	CharSequence	|Function1	#B	final inline fun <#A: kotlin/Any?, #B: kotlin.collections/MutableCollection<in #A>> (kotlin/CharSequence).kotlin.text/mapTo(#B, kotlin/Function1<kotlin/Char, #A>): #B
function	kotlin.text.matches	matches	CharSequence	Regex	Boolean	final inline fun (kotlin/CharSequence).kotlin.text/matches(kotlin.text/Regex): kotlin/Boolean
function	kotlin.text.max	max	CharSequence		Char	final fun (kotlin/CharSequence).kotlin.text/max(): kotlin/Char
function	kotlin.text.maxBy	maxBy	CharSequence	Function1	Char	final inline fun <#A: kotlin/Comparable<#A>> (kotlin/CharSequence).kotlin.text/maxBy(kotlin/Function1<kotlin/Char, #A>): kotlin/Char
function	kotlin.text.maxByOrNull	maxByOrNull	CharSequence	Function1	Char	final inline fun <#A: kotlin/Comparable<#A>> (kotlin/CharSequence).kotlin.text/maxByOrNull(kotlin/Function1<kotlin/Char, #A>): kotlin/Char?
function	kotlin.text.maxOf	maxOf	CharSequence	Function1	Double	final inline fun (kotlin/CharSequence).kotlin.text/maxOf(kotlin/Function1<kotlin/Char, kotlin/Double>): kotlin/Double
function	kotlin.text.maxOf	maxOf	CharSequence	Function1	Float	final inline fun (kotlin/CharSequence).kotlin.text/maxOf(kotlin/Function1<kotlin/Char, kotlin/Float>): kotlin/Float
function	kotlin.text.maxOf	maxOf	CharSequence	Function1	#A	final inline fun <#A: kotlin/Comparable<#A>> (kotlin/CharSequence).kotlin.text/maxOf(kotlin/Function1<kotlin/Char, #A>): #A
function	kotlin.text.maxOfOrNull	maxOfOrNull	CharSequence	Function1	Double	final inline fun (kotlin/CharSequence).kotlin.text/maxOfOrNull(kotlin/Function1<kotlin/Char, kotlin/Double>): kotlin/Double?
function	kotlin.text.maxOfOrNull	maxOfOrNull	CharSequence	Function1	Float	final inline fun (kotlin/CharSequence).kotlin.text/maxOfOrNull(kotlin/Function1<kotlin/Char, kotlin/Float>): kotlin/Float?
function	kotlin.text.maxOfOrNull	maxOfOrNull	CharSequence	Function1	#A	final inline fun <#A: kotlin/Comparable<#A>> (kotlin/CharSequence).kotlin.text/maxOfOrNull(kotlin/Function1<kotlin/Char, #A>): #A?
function	kotlin.text.maxOfWith	maxOfWith	CharSequence	Comparator|Function1	#A	final inline fun <#A: kotlin/Any?> (kotlin/CharSequence).kotlin.text/maxOfWith(kotlin/Comparator<in #A>, kotlin/Function1<kotlin/Char, #A>): #A
function	kotlin.text.maxOfWithOrNull	maxOfWithOrNull	CharSequence	Comparator|Function1	#A	final inline fun <#A: kotlin/Any?> (kotlin/CharSequence).kotlin.text/maxOfWithOrNull(kotlin/Comparator<in #A>, kotlin/Function1<kotlin/Char, #A>): #A?
function	kotlin.text.maxOrNull	maxOrNull	CharSequence		Char	final fun (kotlin/CharSequence).kotlin.text/maxOrNull(): kotlin/Char?
function	kotlin.text.maxWith	maxWith	CharSequence	Comparator	Char	final fun (kotlin/CharSequence).kotlin.text/maxWith(kotlin/Comparator<in kotlin/Char>): kotlin/Char
function	kotlin.text.maxWithOrNull	maxWithOrNull	CharSequence	Comparator	Char	final fun (kotlin/CharSequence).kotlin.text/maxWithOrNull(kotlin/Comparator<in kotlin/Char>): kotlin/Char?
function	kotlin.text.min	min	CharSequence		Char	final fun (kotlin/CharSequence).kotlin.text/min(): kotlin/Char
function	kotlin.text.minBy	minBy	CharSequence	Function1	Char	final inline fun <#A: kotlin/Comparable<#A>> (kotlin/CharSequence).kotlin.text/minBy(kotlin/Function1<kotlin/Char, #A>): kotlin/Char
function	kotlin.text.minByOrNull	minByOrNull	CharSequence	Function1	Char	final inline fun <#A: kotlin/Comparable<#A>> (kotlin/CharSequence).kotlin.text/minByOrNull(kotlin/Function1<kotlin/Char, #A>): kotlin/Char?
function	kotlin.text.minOf	minOf	CharSequence	Function1	Double	final inline fun (kotlin/CharSequence).kotlin.text/minOf(kotlin/Function1<kotlin/Char, kotlin/Double>): kotlin/Double
function	kotlin.text.minOf	minOf	CharSequence	Function1	Float	final inline fun (kotlin/CharSequence).kotlin.text/minOf(kotlin/Function1<kotlin/Char, kotlin/Float>): kotlin/Float
function	kotlin.text.minOf	minOf	CharSequence	Function1	#A	final inline fun <#A: kotlin/Comparable<#A>> (kotlin/CharSequence).kotlin.text/minOf(kotlin/Function1<kotlin/Char, #A>): #A
function	kotlin.text.minOfOrNull	minOfOrNull	CharSequence	Function1	Double	final inline fun (kotlin/CharSequence).kotlin.text/minOfOrNull(kotlin/Function1<kotlin/Char, kotlin/Double>): kotlin/Double?
function	kotlin.text.minOfOrNull	minOfOrNull	CharSequence	Function1	Float	final inline fun (kotlin/CharSequence).kotlin.text/minOfOrNull(kotlin/Function1<kotlin/Char, kotlin/Float>): kotlin/Float?
function	kotlin.text.minOfOrNull	minOfOrNull	CharSequence	Function1	#A	final inline fun <#A: kotlin/Comparable<#A>> (kotlin/CharSequence).kotlin.text/minOfOrNull(kotlin/Function1<kotlin/Char, #A>): #A?
function	kotlin.text.minOfWith	minOfWith	CharSequence	Comparator|Function1	#A	final inline fun <#A: kotlin/Any?> (kotlin/CharSequence).kotlin.text/minOfWith(kotlin/Comparator<in #A>, kotlin/Function1<kotlin/Char, #A>): #A
function	kotlin.text.minOfWithOrNull	minOfWithOrNull	CharSequence	Comparator|Function1	#A	final inline fun <#A: kotlin/Any?> (kotlin/CharSequence).kotlin.text/minOfWithOrNull(kotlin/Comparator<in #A>, kotlin/Function1<kotlin/Char, #A>): #A?
function	kotlin.text.minOrNull	minOrNull	CharSequence		Char	final fun (kotlin/CharSequence).kotlin.text/minOrNull(): kotlin/Char?
function	kotlin.text.minWith	minWith	CharSequence	Comparator	Char	final fun (kotlin/CharSequence).kotlin.text/minWith(kotlin/Comparator<in kotlin/Char>): kotlin/Char
function	kotlin.text.minWithOrNull	minWithOrNull	CharSequence	Comparator	Char	final fun (kotlin/CharSequence).kotlin.text/minWithOrNull(kotlin/Comparator<in kotlin/Char>): kotlin/Char?
function	kotlin.text.none	none	CharSequence		Boolean	final fun (kotlin/CharSequence).kotlin.text/none(): kotlin/Boolean
function	kotlin.text.onEach	onEach		Function1	#A	final inline fun <#A: kotlin/CharSequence> (#A).kotlin.text/onEach(kotlin/Function1<kotlin/Char, kotlin/Unit>): #A
function	kotlin.text.onEachIndexed	onEachIndexed		Function2	#A	final inline fun <#A: kotlin/CharSequence> (#A).kotlin.text/onEachIndexed(kotlin/Function2<kotlin/Int, kotlin/Char, kotlin/Unit>): #A
function	kotlin.text.padEnd	padEnd	CharSequence	Int|Char	CharSequence	final fun (kotlin/CharSequence).kotlin.text/padEnd(kotlin/Int, kotlin/Char = ...): kotlin/CharSequence
function	kotlin.text.padStart	padStart	CharSequence	Int|Char	CharSequence	final fun (kotlin/CharSequence).kotlin.text/padStart(kotlin/Int, kotlin/Char = ...): kotlin/CharSequence
function	kotlin.text.random	random	CharSequence		Char	final inline fun (kotlin/CharSequence).kotlin.text/random(): kotlin/Char
function	kotlin.text.random	random	CharSequence	Random	Char	final fun (kotlin/CharSequence).kotlin.text/random(kotlin.random/Random): kotlin/Char
function	kotlin.text.randomOrNull	randomOrNull	CharSequence		Char	final inline fun (kotlin/CharSequence).kotlin.text/randomOrNull(): kotlin/Char?
function	kotlin.text.randomOrNull	randomOrNull	CharSequence	Random	Char	final fun (kotlin/CharSequence).kotlin.text/randomOrNull(kotlin.random/Random): kotlin/Char?
function	kotlin.text.regionMatches	regionMatches	CharSequence	Int|CharSequence|Int|Int|Boolean	Boolean	final fun (kotlin/CharSequence).kotlin.text/regionMatches(kotlin/Int, kotlin/CharSequence, kotlin/Int, kotlin/Int, kotlin/Boolean = ...): kotlin/Boolean
function	kotlin.text.removePrefix	removePrefix	CharSequence	CharSequence	CharSequence	final fun (kotlin/CharSequence).kotlin.text/removePrefix(kotlin/CharSequence): kotlin/CharSequence
function	kotlin.text.removeRange	removeRange	CharSequence	IntRange	CharSequence	final fun (kotlin/CharSequence).kotlin.text/removeRange(kotlin.ranges/IntRange): kotlin/CharSequence
function	kotlin.text.removeRange	removeRange	CharSequence	Int|Int	CharSequence	final fun (kotlin/CharSequence).kotlin.text/removeRange(kotlin/Int, kotlin/Int): kotlin/CharSequence
function	kotlin.text.removeSuffix	removeSuffix	CharSequence	CharSequence	CharSequence	final fun (kotlin/CharSequence).kotlin.text/removeSuffix(kotlin/CharSequence): kotlin/CharSequence
function	kotlin.text.removeSurrounding	removeSurrounding	CharSequence	CharSequence	CharSequence	final fun (kotlin/CharSequence).kotlin.text/removeSurrounding(kotlin/CharSequence): kotlin/CharSequence
function	kotlin.text.removeSurrounding	removeSurrounding	CharSequence	CharSequence|CharSequence	CharSequence	final fun (kotlin/CharSequence).kotlin.text/removeSurrounding(kotlin/CharSequence, kotlin/CharSequence): kotlin/CharSequence
function	kotlin.text.repeat	repeat	CharSequence	Int	String	final fun (kotlin/CharSequence).kotlin.text/repeat(kotlin/Int): kotlin/String
function	kotlin.text.replace	replace	CharSequence	Regex|String	String	final inline fun (kotlin/CharSequence).kotlin.text/replace(kotlin.text/Regex, kotlin/String): kotlin/String
function	kotlin.text.replace	replace	CharSequence	Regex|Function1	String	final inline fun (kotlin/CharSequence).kotlin.text/replace(kotlin.text/Regex, noinline kotlin/Function1<kotlin.text/MatchResult, kotlin/CharSequence>): kotlin/String
function	kotlin.text.replaceFirst	replaceFirst	CharSequence	Regex|String	String	final inline fun (kotlin/CharSequence).kotlin.text/replaceFirst(kotlin.text/Regex, kotlin/String): kotlin/String
function	kotlin.text.replaceRange	replaceRange	CharSequence	IntRange|CharSequence	CharSequence	final fun (kotlin/CharSequence).kotlin.text/replaceRange(kotlin.ranges/IntRange, kotlin/CharSequence): kotlin/CharSequence
function	kotlin.text.replaceRange	replaceRange	CharSequence	Int|Int|CharSequence	CharSequence	final fun (kotlin/CharSequence).kotlin.text/replaceRange(kotlin/Int, kotlin/Int, kotlin/CharSequence): kotlin/CharSequence
function	kotlin.text.reversed	reversed	CharSequence		CharSequence	final fun (kotlin/CharSequence).kotlin.text/reversed(): kotlin/CharSequence
function	kotlin.text.runningFold	runningFold	CharSequence	|Function2	List	final inline fun <#A: kotlin/Any?> (kotlin/CharSequence).kotlin.text/runningFold(#A, kotlin/Function2<#A, kotlin/Char, #A>): kotlin.collections/List<#A>
function	kotlin.text.runningFoldIndexed	runningFoldIndexed	CharSequence	|Function3	List	final inline fun <#A: kotlin/Any?> (kotlin/CharSequence).kotlin.text/runningFoldIndexed(#A, kotlin/Function3<kotlin/Int, #A, kotlin/Char, #A>): kotlin.collections/List<#A>
function	kotlin.text.runningReduce	runningReduce	CharSequence	Function2	List	final inline fun (kotlin/CharSequence).kotlin.text/runningReduce(kotlin/Function2<kotlin/Char, kotlin/Char, kotlin/Char>): kotlin.collections/List<kotlin/Char>
function	kotlin.text.runningReduceIndexed	runningReduceIndexed	CharSequence	Function3	List	final inline fun (kotlin/CharSequence).kotlin.text/runningReduceIndexed(kotlin/Function3<kotlin/Int, kotlin/Char, kotlin/Char, kotlin/Char>): kotlin.collections/List<kotlin/Char>
function	kotlin.text.scan	scan	CharSequence	|Function2	List	final inline fun <#A: kotlin/Any?> (kotlin/CharSequence).kotlin.text/scan(#A, kotlin/Function2<#A, kotlin/Char, #A>): kotlin.collections/List<#A>
function	kotlin.text.scanIndexed	scanIndexed	CharSequence	|Function3	List	final inline fun <#A: kotlin/Any?> (kotlin/CharSequence).kotlin.text/scanIndexed(#A, kotlin/Function3<kotlin/Int, #A, kotlin/Char, #A>): kotlin.collections/List<#A>
function	kotlin.text.single	single	CharSequence		Char	final fun (kotlin/CharSequence).kotlin.text/single(): kotlin/Char
function	kotlin.text.single	single	CharSequence	Function1	Char	final inline fun (kotlin/CharSequence).kotlin.text/single(kotlin/Function1<kotlin/Char, kotlin/Boolean>): kotlin/Char
function	kotlin.text.singleOrNull	singleOrNull	CharSequence		Char	final fun (kotlin/CharSequence).kotlin.text/singleOrNull(): kotlin/Char?
function	kotlin.text.singleOrNull	singleOrNull	CharSequence	Function1	Char	final inline fun (kotlin/CharSequence).kotlin.text/singleOrNull(kotlin/Function1<kotlin/Char, kotlin/Boolean>): kotlin/Char?
function	kotlin.text.slice	slice	CharSequence	Iterable	CharSequence	final fun (kotlin/CharSequence).kotlin.text/slice(kotlin.collections/Iterable<kotlin/Int>): kotlin/CharSequence
function	kotlin.text.slice	slice	CharSequence	IntRange	CharSequence	final fun (kotlin/CharSequence).kotlin.text/slice(kotlin.ranges/IntRange): kotlin/CharSequence
function	kotlin.text.split	split	CharSequence	Regex|Int	List	final inline fun (kotlin/CharSequence).kotlin.text/split(kotlin.text/Regex, kotlin/Int = ...): kotlin.collections/List<kotlin/String>
function	kotlin.text.split	split	CharSequence	Array|Boolean|Int	List	final fun (kotlin/CharSequence).kotlin.text/split(kotlin/Array<out kotlin/String>..., kotlin/Boolean = ..., kotlin/Int = ...): kotlin.collections/List<kotlin/String>
function	kotlin.text.split	split	CharSequence	Array|Boolean|Int	List	final fun (kotlin/CharSequence).kotlin.text/split(kotlin/CharArray..., kotlin/Boolean = ..., kotlin/Int = ...): kotlin.collections/List<kotlin/String>
function	kotlin.text.splitToSequence	splitToSequence	CharSequence	Regex|Int	Sequence	final inline fun (kotlin/CharSequence).kotlin.text/splitToSequence(kotlin.text/Regex, kotlin/Int = ...): kotlin.sequences/Sequence<kotlin/String>
function	kotlin.text.splitToSequence	splitToSequence	CharSequence	Array|Boolean|Int	Sequence	final fun (kotlin/CharSequence).kotlin.text/splitToSequence(kotlin/Array<out kotlin/String>..., kotlin/Boolean = ..., kotlin/Int = ...): kotlin.sequences/Sequence<kotlin/String>
function	kotlin.text.splitToSequence	splitToSequence	CharSequence	Array|Boolean|Int	Sequence	final fun (kotlin/CharSequence).kotlin.text/splitToSequence(kotlin/CharArray..., kotlin/Boolean = ..., kotlin/Int = ...): kotlin.sequences/Sequence<kotlin/String>
function	kotlin.text.subSequence	subSequence	CharSequence	IntRange	CharSequence	final fun (kotlin/CharSequence).kotlin.text/subSequence(kotlin.ranges/IntRange): kotlin/CharSequence
function	kotlin.text.substring	substring	CharSequence	IntRange	String	final fun (kotlin/CharSequence).kotlin.text/substring(kotlin.ranges/IntRange): kotlin/String
function	kotlin.text.substring	substring	CharSequence	Int|Int	String	final inline fun (kotlin/CharSequence).kotlin.text/substring(kotlin/Int, kotlin/Int = ...): kotlin/String
function	kotlin.text.sumOf	sumOf	CharSequence	Function1	Double	final inline fun (kotlin/CharSequence).kotlin.text/sumOf(kotlin/Function1<kotlin/Char, kotlin/Double>): kotlin/Double
function	kotlin.text.sumOf	sumOf	CharSequence	Function1	Int	final inline fun (kotlin/CharSequence).kotlin.text/sumOf(kotlin/Function1<kotlin/Char, kotlin/Int>): kotlin/Int
function	kotlin.text.sumOf	sumOf	CharSequence	Function1	Long	final inline fun (kotlin/CharSequence).kotlin.text/sumOf(kotlin/Function1<kotlin/Char, kotlin/Long>): kotlin/Long
function	kotlin.text.sumOf	sumOf	CharSequence	Function1	UInt	final inline fun (kotlin/CharSequence).kotlin.text/sumOf(kotlin/Function1<kotlin/Char, kotlin/UInt>): kotlin/UInt
function	kotlin.text.sumOf	sumOf	CharSequence	Function1	ULong	final inline fun (kotlin/CharSequence).kotlin.text/sumOf(kotlin/Function1<kotlin/Char, kotlin/ULong>): kotlin/ULong
function	kotlin.text.take	take	CharSequence	Int	CharSequence	final fun (kotlin/CharSequence).kotlin.text/take(kotlin/Int): kotlin/CharSequence
function	kotlin.text.takeLast	takeLast	CharSequence	Int	CharSequence	final fun (kotlin/CharSequence).kotlin.text/takeLast(kotlin/Int): kotlin/CharSequence
function	kotlin.text.takeLastWhile	takeLastWhile	CharSequence	Function1	CharSequence	final inline fun (kotlin/CharSequence).kotlin.text/takeLastWhile(kotlin/Function1<kotlin/Char, kotlin/Boolean>): kotlin/CharSequence
function	kotlin.text.takeWhile	takeWhile	CharSequence	Function1	CharSequence	final inline fun (kotlin/CharSequence).kotlin.text/takeWhile(kotlin/Function1<kotlin/Char, kotlin/Boolean>): kotlin/CharSequence
function	kotlin.text.toCharArray	toCharArray	StringBuilder	CharArray|Int|Int|Int	Unit	final inline fun (kotlin.text/StringBuilder).kotlin.text/toCharArray(kotlin/CharArray, kotlin/Int = ..., kotlin/Int = ..., kotlin/Int = ...)
function	kotlin.text.toCollection	toCollection	CharSequence		#A	final fun <#A: kotlin.collections/MutableCollection<in kotlin/Char>> (kotlin/CharSequence).kotlin.text/toCollection(#A): #A
function	kotlin.text.toHashSet	toHashSet	CharSequence		HashSet	final fun (kotlin/CharSequence).kotlin.text/toHashSet(): kotlin.collections/HashSet<kotlin/Char>
function	kotlin.text.toList	toList	CharSequence		List	final fun (kotlin/CharSequence).kotlin.text/toList(): kotlin.collections/List<kotlin/Char>
function	kotlin.text.toMutableList	toMutableList	CharSequence		MutableList	final fun (kotlin/CharSequence).kotlin.text/toMutableList(): kotlin.collections/MutableList<kotlin/Char>
function	kotlin.text.toSet	toSet	CharSequence		Set	final fun (kotlin/CharSequence).kotlin.text/toSet(): kotlin.collections/Set<kotlin/Char>
function	kotlin.text.trim	trim	CharSequence		CharSequence	final fun (kotlin/CharSequence).kotlin.text/trim(): kotlin/CharSequence
function	kotlin.text.trim	trim	CharSequence	Array	CharSequence	final fun (kotlin/CharSequence).kotlin.text/trim(kotlin/CharArray...): kotlin/CharSequence
function	kotlin.text.trim	trim	CharSequence	Function1	CharSequence	final inline fun (kotlin/CharSequence).kotlin.text/trim(kotlin/Function1<kotlin/Char, kotlin/Boolean>): kotlin/CharSequence
function	kotlin.text.trimEnd	trimEnd	CharSequence		CharSequence	final fun (kotlin/CharSequence).kotlin.text/trimEnd(): kotlin/CharSequence
function	kotlin.text.trimEnd	trimEnd	CharSequence	Array	CharSequence	final fun (kotlin/CharSequence).kotlin.text/trimEnd(kotlin/CharArray...): kotlin/CharSequence
function	kotlin.text.trimEnd	trimEnd	CharSequence	Function1	CharSequence	final inline fun (kotlin/CharSequence).kotlin.text/trimEnd(kotlin/Function1<kotlin/Char, kotlin/Boolean>): kotlin/CharSequence
function	kotlin.text.trimStart	trimStart	CharSequence		CharSequence	final fun (kotlin/CharSequence).kotlin.text/trimStart(): kotlin/CharSequence
function	kotlin.text.trimStart	trimStart	CharSequence	Array	CharSequence	final fun (kotlin/CharSequence).kotlin.text/trimStart(kotlin/CharArray...): kotlin/CharSequence
function	kotlin.text.trimStart	trimStart	CharSequence	Function1	CharSequence	final inline fun (kotlin/CharSequence).kotlin.text/trimStart(kotlin/Function1<kotlin/Char, kotlin/Boolean>): kotlin/CharSequence
function	kotlin.text.windowed	windowed	CharSequence	Int|Int|Boolean|Function1	List	final fun <#A: kotlin/Any?> (kotlin/CharSequence).kotlin.text/windowed(kotlin/Int, kotlin/Int = ..., kotlin/Boolean = ..., kotlin/Function1<kotlin/CharSequence, #A>): kotlin.collections/List<#A>
function	kotlin.text.withIndex	withIndex	CharSequence		Iterable	final fun (kotlin/CharSequence).kotlin.text/withIndex(): kotlin.collections/Iterable<kotlin.collections/IndexedValue<kotlin/Char>>
function	kotlin.time.measureTime	measureTime	TimeSource	Function0	Duration	final inline fun (kotlin.time/TimeSource).kotlin.time/measureTime(kotlin/Function0<kotlin/Unit>): kotlin.time/Duration
function	kotlin.time.measureTime	measureTime	Monotonic	Function0	Duration	final inline fun (kotlin.time/TimeSource.Monotonic).kotlin.time/measureTime(kotlin/Function0<kotlin/Unit>): kotlin.time/Duration
function	kotlin.time.measureTimedValue	measureTimedValue	TimeSource	Function0	TimedValue	final inline fun <#A: kotlin/Any?> (kotlin.time/TimeSource).kotlin.time/measureTimedValue(kotlin/Function0<#A>): kotlin.time/TimedValue<#A>
function	kotlin.time.measureTimedValue	measureTimedValue	Monotonic	Function0	TimedValue	final inline fun <#A: kotlin/Any?> (kotlin.time/TimeSource.Monotonic).kotlin.time/measureTimedValue(kotlin/Function0<#A>): kotlin.time/TimedValue<#A>
